<?xml version="1.0" encoding="UTF-8"?><?xml-stylesheet href="https://www.accessdata.fda.gov/spl/stylesheet/spl.xsl" type="text/xsl"?>
<document xmlns="urn:hl7-org:v3" xmlns:xsi="http://www.w3.org/2001/XMLSchema-instance" xsi:schemaLocation="urn:hl7-org:v3 https://www.accessdata.fda.gov/spl/schema/spl.xsd">
   <id root="a6e02619-a4ee-4603-ad7a-c60187412f1a"/>
   <code code="34391-3" codeSystem="2.16.840.1.113883.6.1" displayName="Human Prescription Drug Label"/>
   <title>Triamcinolone Acetonide Cream USP, 0.025%, 0.1%, 0.5%<br/> Rx only</title>
   <effectiveTime value="20230731"/>
   <setId root="0d40e68d-feb5-4061-8b43-515b2f553371"/>
   <versionNumber value="1"/>
   <author>
      <assignedEntity>
         <representedOrganization>
            <id extension="830016429" root="1.3.6.1.4.1.519.1"/>
            <name>A-S Medication Solutions</name>
            <assignedEntity>
               <assignedOrganization>
                  <assignedEntity>
                     <assignedOrganization>
                        <id extension="830016429" root="1.3.6.1.4.1.519.1"/>
                        <name>A-S Medication Solutions</name>
                     </assignedOrganization>
                     <performance>
                        <actDefinition>
                           <code code="C73607" displayName="RELABEL" codeSystem="2.16.840.1.113883.3.26.1.1"/>
                           <product>
                              <manufacturedProduct classCode="MANU">
                                 <manufacturedMaterialKind>
                                    <code code="50090-6566" codeSystem="2.16.840.1.113883.6.69"/>
                                 </manufacturedMaterialKind>
                              </manufacturedProduct>
                           </product>
                        </actDefinition>
                     </performance>
                  </assignedEntity>
               </assignedOrganization>
            </assignedEntity>
         </representedOrganization>
      </assignedEntity>
   </author>
   <component>
      <structuredBody>
         <component>
            <section>
               <id root="07371a64-efaf-46d6-8f88-05a1d741df64"/>
               <code code="48780-1" codeSystem="2.16.840.1.113883.6.1" displayName="SPL PRODUCT DATA ELEMENTS SECTION"/>
               <effectiveTime value="20220412"/>
               <subject>
                  <manufacturedProduct>
                     <manufacturedProduct>
                        <code code="50090-6566" codeSystem="2.16.840.1.113883.6.69"/>
                        <name>Triamcinolone Acetonide<suffix/>
                        </name>
                        <formCode code="C28944" codeSystem="2.16.840.1.113883.3.26.1.1" displayName="CREAM"/>
                        <asEntityWithGeneric>
                           <genericMedicine>
                              <name>Triamcinolone Acetonide</name>
                           </genericMedicine>
                        </asEntityWithGeneric>
                        <asEquivalentEntity classCode="EQUIV">
                           <code code="C64637" codeSystem="2.16.840.1.113883.3.26.1.1"/>
                           <definingMaterialKind>
                              <code code="16714-986" codeSystem="2.16.840.1.113883.6.69"/>
                           </definingMaterialKind>
                        </asEquivalentEntity>
                        <ingredient classCode="ACTIB">
                           <quantity>
                              <numerator value="1" unit="mg"/>
                              <denominator value="1" unit="g"/>
                           </quantity>
                           <ingredientSubstance>
                              <code code="F446C597KA" codeSystem="2.16.840.1.113883.4.9"/>
                              <name>TRIAMCINOLONE ACETONIDE</name>
                              <activeMoiety>
                                 <activeMoiety>
                                    <code code="F446C597KA" codeSystem="2.16.840.1.113883.4.9"/>
                                    <name>TRIAMCINOLONE ACETONIDE</name>
                                 </activeMoiety>
                              </activeMoiety>
                           </ingredientSubstance>
                        </ingredient>
                        <ingredient classCode="IACT">
                           <ingredientSubstance>
                              <code code="936JST6JCN" codeSystem="2.16.840.1.113883.4.9"/>
                              <name>CETYL ALCOHOL</name>
                           </ingredientSubstance>
                        </ingredient>
                        <ingredient classCode="IACT">
                           <ingredientSubstance>
                              <code code="8CRQ2TH63M" codeSystem="2.16.840.1.113883.4.9"/>
                              <name>ISOPROPYL PALMITATE</name>
                           </ingredientSubstance>
                        </ingredient>
                        <ingredient classCode="IACT">
                           <ingredientSubstance>
                              <code code="506T60A25R" codeSystem="2.16.840.1.113883.4.9"/>
                              <name>SORBITOL</name>
                           </ingredientSubstance>
                        </ingredient>
                        <ingredient classCode="IACT">
                           <ingredientSubstance>
                              <code code="PDC6A3C0OX" codeSystem="2.16.840.1.113883.4.9"/>
                              <name>GLYCERIN</name>
                           </ingredientSubstance>
                        </ingredient>
                        <ingredient classCode="IACT">
                           <ingredientSubstance>
                              <code code="33X04XA5AT" codeSystem="2.16.840.1.113883.4.9"/>
                              <name>LACTIC ACID, UNSPECIFIED FORM</name>
                           </ingredientSubstance>
                        </ingredient>
                        <ingredient classCode="IACT">
                           <ingredientSubstance>
                              <code code="LKG8494WBH" codeSystem="2.16.840.1.113883.4.9"/>
                              <name>BENZYL ALCOHOL</name>
                           </ingredientSubstance>
                        </ingredient>
                        <ingredient classCode="IACT">
                           <ingredientSubstance>
                              <code code="059QF0KO0R" codeSystem="2.16.840.1.113883.4.9"/>
                              <name>WATER</name>
                           </ingredientSubstance>
                        </ingredient>
                        <asContent>
                           <quantity>
                              <numerator value="454" unit="g"/>
                              <denominator value="1"/>
                           </quantity>
                           <containerPackagedProduct>
                              <code code="50090-6566-0" codeSystem="2.16.840.1.113883.6.69"/>
                              <formCode code="C43195" codeSystem="2.16.840.1.113883.3.26.1.1" displayName="JAR"/>
                           </containerPackagedProduct>
                           <subjectOf>
                              <characteristic>
                                 <code code="SPLCMBPRDTP" codeSystem="2.16.840.1.113883.1.11.19255"/>
                                 <value code="C112160" codeSystem="2.16.840.1.113883.3.26.1.1" displayName="Type 0: Not a Combination Product" xsi:type="CV"/>
                              </characteristic>
                           </subjectOf>
                           <subjectOf>
                              <marketingAct>
                                 <code code="C53292" codeSystem="2.16.840.1.113883.3.26.1.1"/>
                                 <statusCode code="active"/>
                                 <effectiveTime>
                                    <low value="20230726"/>
                                 </effectiveTime>
                              </marketingAct>
                           </subjectOf>
                        </asContent>
                     </manufacturedProduct>
                     <subjectOf>
                        <approval>
                           <id extension="ANDA209535" root="2.16.840.1.113883.3.150"/>
                           <code code="C73584" codeSystem="2.16.840.1.113883.3.26.1.1" displayName="ANDA"/>
                           <author>
                              <territorialAuthority>
                                 <territory>
                                    <code code="USA" codeSystem="2.16.840.1.113883.5.28"/>
                                 </territory>
                              </territorialAuthority>
                           </author>
                        </approval>
                     </subjectOf>
                     <subjectOf>
                        <marketingAct>
                           <code code="C53292" codeSystem="2.16.840.1.113883.3.26.1.1"/>
                           <statusCode code="active"/>
                           <effectiveTime>
                              <low value="20220421"/>
                           </effectiveTime>
                        </marketingAct>
                     </subjectOf>
                     <subjectOf>
                        <characteristic classCode="OBS">
                           <code code="SPLCOLOR" codeSystem="2.16.840.1.113883.1.11.19255"/>
                           <value xsi:type="CV" code="C48325" codeSystem="2.16.840.1.113883.3.26.1.1" displayName="WHITE">
                              <originalText>white to off-white</originalText>
                           </value>
                        </characteristic>
                     </subjectOf>
                     <consumedIn>
                        <substanceAdministration>
                           <routeCode code="C38304" codeSystem="2.16.840.1.113883.3.26.1.1" displayName="TOPICAL"/>
                        </substanceAdministration>
                     </consumedIn>
                  </manufacturedProduct>
               </subject>
            </section>
         </component>
         <component>
            <section ID="Section_1">
               <id root="a452cba3-9fa8-4f96-89fa-f5405a1893d1"/>
               <code code="34089-3" codeSystem="2.16.840.1.113883.6.1" displayName="DESCRIPTION SECTION"/>
               <title>DESCRIPTION</title>
               <text>
                  <paragraph>The topical corticosteroids constitute a class of primarily synthetic steroids used as anti-inflammatory and anti-pruritic agents. The steroids in this class include triamcinolone acetonide.</paragraph>
                  <paragraph>Triamcinolone Acetonide Cream USP contains Triamcinolone Acetonide [Pregna-1,4-diene-3,20-dione,9-fluoro-11,21-dihydroxy-16,17-[(1-methylethylidene) bis- (oxy)]-, (11β,16α)-], with the empirical formula C<sub>24</sub>H<sub>31</sub>FO<sub>6</sub> and molecular weight 434.50. CAS 76-25-5.</paragraph>
                  <paragraph>The structural formula is:</paragraph>
                  <br/>
                  <renderMultiMedia referencedObject="MM1"/>
                  <br/>
                  <paragraph>Triamcinolone Acetonide Cream USP, 0.025% contains: 0.25 mg of Triamcinolone Acetonide, USP per gram in a base containing Emulsifying Wax, Cetyl Alcohol, Isopropyl Palmitate, Sorbitol Solution, Glycerin, Lactic Acid, Benzyl Alcohol and Purified Water.<br/>Triamcinolone Acetonide Cream USP, 0.1% contains: 1 mg of Triamcinolone Acetonide, USP per gram in a base containing Emulsifying Wax, Cetyl Alcohol, Isopropyl Palmitate, Sorbitol Solution, Glycerin, Lactic Acid, Benzyl Alcohol and Purified Water.<br/>Triamcinolone Acetonide Cream USP, 0.5% contains: 5 mg of Triamcinolone Acetonide, USP  per gram in a base containing Emulsifying Wax, Cetyl Alcohol, Isopropyl Palmitate, Sorbitol Solution, Glycerin, Lactic Acid, Benzyl Alcohol and Purified Water.</paragraph>
               </text>
               <effectiveTime value="20220412"/>
               <component>
                  <observationMedia ID="MM1">
                     <text>structure</text>
                     <value xsi:type="ED" mediaType="image/jpeg">
                        <reference value="triamcinolone-str.jpg"/>
                     </value>
                  </observationMedia>
               </component>
            </section>
         </component>
         <component>
            <section ID="Section_2">
               <id root="2e146c6d-c60d-45e9-be8c-46e9e45d5adf"/>
               <code code="34090-1" codeSystem="2.16.840.1.113883.6.1" displayName="CLINICAL PHARMACOLOGY SECTION"/>
               <title>CLINICAL PHARMACOLOGY</title>
               <text>
                  <paragraph>Topical corticosteroids share anti-inflammatory, anti-pruritic and vasoconstrictive actions. The mechanism of anti-inflammatory activity of the topical corticosteroids is unclear. Various laboratory methods, including vasoconstrictor assays, are used to compare and predict potencies and/or clinical efficacies of the topical corticosteroids. There is some evidence to suggest that a recognizable correlation exists between vasoconstrictor potency and therapeutic efficacy in man.</paragraph>
                  <paragraph>
                     <br/>
                     <content styleCode="bold">Pharmacokinetics:<br/>
                     </content>The extent of percutaneous absorption of topical corticosteroids is determined by many factors including the vehicle, the integrity of the epidermal barrier, and the use of occlusive dressings. Topical corticosteroids can be absorbed from normal intact skin. Inflammation and/or other disease processes in the skin increase percutaneous absorption. Occlusive dressings substantially increase the percutaneous absorption of topical corticosteroids. Thus, occlusive dressings may be a valuable therapeutic adjunct for treatment of resistant dermatoses (See <content styleCode="bold">
                        <linkHtml href="#Section_10">DOSAGE AND ADMINISTRATION</linkHtml>
                     </content>). Once absorbed through the skin, topical corticosteroids are handled through pharmacokinetic pathways similar to systemically administered corticosteroids. Corticosteroids are bound to plasma proteins in varying degrees. Corticosteroids are metabolized primarily in the liver and are then excreted by the kidneys. Some of the topical corticosteroids and their metabolites are also excreted into the bile.<br/>
                  </paragraph>
               </text>
               <effectiveTime value="20220412"/>
            </section>
         </component>
         <component>
            <section ID="Section_3">
               <id root="7484e90f-4557-4e41-a5ba-7fcfb9a59357"/>
               <code code="34067-9" codeSystem="2.16.840.1.113883.6.1" displayName="INDICATIONS &amp; USAGE SECTION"/>
               <title>INDICATIONS &amp; USAGE</title>
               <text>
                  <paragraph>Triamcinolone Acetonide Cream is indicated for the relief of the inflammatory and pruritic manifestations of corticosteroid-responsive dermatoses.</paragraph>
               </text>
               <effectiveTime value="20220412"/>
            </section>
         </component>
         <component>
            <section ID="Section_4">
               <id root="425a1d6b-109d-43e7-84c1-820b98cb1a76"/>
               <code code="34070-3" codeSystem="2.16.840.1.113883.6.1" displayName="CONTRAINDICATIONS SECTION"/>
               <title>CONTRAINDICATIONS</title>
               <text>
                  <paragraph>Topical corticosteroids are contraindicated in those patients with a history of hypersensitivity to any of the components of the preparation.</paragraph>
               </text>
               <effectiveTime value="20220412"/>
            </section>
         </component>
         <component>
            <section ID="Section_6">
               <id root="83a5d14d-41d8-4121-9001-c10d2eff21bf"/>
               <code code="42232-9" codeSystem="2.16.840.1.113883.6.1" displayName="PRECAUTIONS SECTION"/>
               <title>PRECAUTIONS</title>
               <effectiveTime value="20220412"/>
               <component>
                  <section ID="Section_6.1">
                     <id root="3f265afe-bc36-4426-85f3-6e95044adbd5"/>
                     <code code="34072-9" codeSystem="2.16.840.1.113883.6.1" displayName="GENERAL PRECAUTIONS SECTION"/>
                     <title>General</title>
                     <text>
                        <paragraph>Systemic absorption of topical corticosteroids has produced reversible hypothalamic pituitary-adrenal (HPA) axis suppression, manifestations of Cushing’s syndrome, hyperglycemia, and glucosuria in some patients.<br/> Conditions which augment systemic absorption include the application of the more potent steroids, use over large surface areas, prolonged use, and the addition of occlusive dressings.<br/> Therefore, patients receiving a large dose of any potent topical steroid applied to a large surface area or under an occlusive dressing should be evaluated periodically for evidence of HPA axis suppression by using the urinary free cortisol and ACTH stimulation tests, and for impairment of thermal homeostasis. If HPA axis suppression or elevation of the body temperature occurs, an attempt should be made to withdraw the drug, to reduce the frequency of application, substitute a less potent steroid, or use a sequential approach when utilizing the occlusive technique.<br/> Recovery of HPA axis function and thermal homeostasis are generally prompt and complete upon discontinuation of the drug. Infrequently, signs and symptoms of steroid withdrawal may occur, requiring supplemental systemic corticosteroids. Occasionally, a patient may develop a sensitivity reaction to a particular occlusive dressing material or adhesive and a substitute material may be necessary.<br/> Children may absorb proportionally larger amounts of topical corticosteroids and thus be more susceptible to systemic toxicity (see <linkHtml href="#Section_6">PRECAUTIONS</linkHtml>, <linkHtml href="#Section_6.10">Pediatric Use</linkHtml>).<br/> If irritation develops, topical corticosteroids should be discontinued and appropriate therapy instituted.<br/> In the presence of dermatological infections, the use of an appropriate antifungal or antibacterial agent should be instituted. If a favorable response does not occur promptly, the corticosteroid should be discontinued until the infection has been adequately controlled.<br/> These preparations are not for ophthalmic use.</paragraph>
                     </text>
                     <effectiveTime value="20220412"/>
                  </section>
               </component>
               <component>
                  <section ID="Section_6.2">
                     <id root="b7c74ba2-dd8c-4941-a2f3-8a6d27200cd7"/>
                     <code code="34076-0" codeSystem="2.16.840.1.113883.6.1" displayName="INFORMATION FOR PATIENTS SECTION"/>
                     <title>Information for the Patient</title>
                     <text>
                        <paragraph>Patients using topical corticosteroids should receive the following information and instructions.<br/> 1. This medication is to be used as directed by the physician. It is for dermatologic use only. Avoid contact with the eyes.<br/> 2. Patients should be advised not to use this medication for any disorder other than for which it was prescribed.<br/> 3. The treated skin area should not be bandaged or otherwise covered or wrapped as to be occlusive unless directed by the physician.<br/> 4. Patients should report any signs of local adverse reactions especially under occlusive dressing.<br/> 5. Parents of pediatric patients should be advised not to use tight-fitting diapers or plastic pants on a child being treated in the diaper area, as these garments may constitute occlusive dressings.</paragraph>
                        <br/>
                     </text>
                     <effectiveTime value="20220412"/>
                  </section>
               </component>
               <component>
                  <section ID="Section_6.3">
                     <id root="3478c532-ca94-4af4-8e42-0e9991735ad9"/>
                     <code code="34075-2" codeSystem="2.16.840.1.113883.6.1" displayName="LABORATORY TESTS SECTION"/>
                     <title>Laboratory Tests</title>
                     <text>
                        <paragraph>A urinary free cortisol test and ACTH stimulation test may be helpful in evaluating HPA axis suppression.</paragraph>
                     </text>
                     <effectiveTime value="20220412"/>
                  </section>
               </component>
               <component>
                  <section ID="Section_6.6">
                     <id root="022db163-e320-4cda-8825-b6a448ef049d"/>
                     <code code="34083-6" codeSystem="2.16.840.1.113883.6.1" displayName="CARCINOGENESIS &amp; MUTAGENESIS &amp; IMPAIRMENT OF FERTILITY SECTION"/>
                     <title>Carcinogenesis, Mutagenesis, and Impairment of Fertility</title>
                     <text>
                        <paragraph>Long-term animal studies have not been performed to evaluate the carcinogenic potential or the effect on fertility of topical corticosteroids. Studies to determine mutagenicity with prednisolone and hydrocortisone have revealed negative results.</paragraph>
                     </text>
                     <effectiveTime value="20220412"/>
                  </section>
               </component>
               <component>
                  <section ID="Section_6.7">
                     <id root="a967dcbb-c8b6-4baf-b8dd-d97083ea0ba4"/>
                     <code code="42228-7" codeSystem="2.16.840.1.113883.6.1" displayName="PREGNANCY SECTION"/>
                     <title>Pregnancy</title>
                     <text>
                        <paragraph>
                           <content styleCode="bold">Teratogenic Effects Category C.<br/>
                           </content>Corticosteroids are generally teratogenic in laboratory animals when administered systemically at relatively low dosage levels. The more potent corticosteroids have been shown to be teratogenic after dermal application in laboratory animals. There are no adequate and well controlled studies in pregnant women on teratogenic effects from topically applied corticosteroids. Therefore, topical corticosteroids should be used during pregnancy only if the potential benefit justifies the potential risk to the fetus. Drugs of this class should not be used extensively on pregnant patients, in large amounts, or for prolonged periods of time.</paragraph>
                     </text>
                     <effectiveTime value="20220412"/>
                  </section>
               </component>
               <component>
                  <section ID="Section_6.9">
                     <id root="50074fdc-1495-479e-bcb3-a77f7efbd8b6"/>
                     <code code="34080-2" codeSystem="2.16.840.1.113883.6.1" displayName="NURSING MOTHERS SECTION"/>
                     <title>Nursing Mothers</title>
                     <text>
                        <paragraph>It is not known whether topical administration of corticosteroids could result in sufficient systemic absorption to produce detectable quantities in breast milk. Systemically administered corticosteroids are secreted into breast milk in quantities not likely to have a deleterious effect on the infant. Nevertheless, caution should be exercised when topical corticosteroids are administered to a nursing woman.</paragraph>
                     </text>
                     <effectiveTime value="20220412"/>
                  </section>
               </component>
               <component>
                  <section ID="Section_6.10">
                     <id root="bddc573e-e2e7-4757-a670-848e10a597c8"/>
                     <code code="34081-0" codeSystem="2.16.840.1.113883.6.1" displayName="PEDIATRIC USE SECTION"/>
                     <title>Pediatric Use</title>
                     <text>
                        <paragraph>
                           <content styleCode="bold">
                              <content styleCode="italics">Pediatric patients may demonstrate greater susceptibility to topical corticosteroid-induced HPA axis suppression and Cushing's syndrome than mature patients because of a larger skin surface area to body weight ratio.</content>
                           </content>
                           <br/> Hypothalamic-pituitary-adrenal (HPA) axis suppression, Cushing's syndrome, and intracranial hypertension have been reported in children receiving topical corticosteroids.<br/> Manifestations of adrenal suppression in children include linear growth retardation, delayed weight gain, low plasma cortisol levels, and absence of response to ACTH stimulation. Manifestations of intracranial hypertension include bulging fontanelles, headaches, and bilateral papilledema.</paragraph>
                        <paragraph>Administration of topical corticosteroids to children should be limited to the least amount compatible with an effective therapeutic<br/> regimen. Chronic corticosteroid therapy may interfere with the growth and development of children.</paragraph>
                     </text>
                     <effectiveTime value="20220412"/>
                  </section>
               </component>
            </section>
         </component>
         <component>
            <section ID="Section_7">
               <id root="880a97f4-0202-4480-9628-187a23d62425"/>
               <code code="34084-4" codeSystem="2.16.840.1.113883.6.1" displayName="ADVERSE REACTIONS SECTION"/>
               <title>ADVERSE REACTIONS</title>
               <text>
                  <paragraph>The following local adverse reactions are reported infrequently with topical corticosteroids, but may occur more frequently with the use of occlusive dressings. These reactions are listed in an approximate decreasing order of occurrence: burning, itching, irritation, dryness, folliculitis, hypertrichosis, acneiform eruptions, hypopigmentation, perioral dermatitis, allergic contact dermatitis, maceration of the skin, secondary infection, skin atrophy, striae and miliaria.</paragraph>
               </text>
               <effectiveTime value="20220412"/>
            </section>
         </component>
         <component>
            <section ID="Section_9">
               <id root="73da4362-e762-4c21-8c5c-266408b259cf"/>
               <code code="34088-5" codeSystem="2.16.840.1.113883.6.1" displayName="OVERDOSAGE SECTION"/>
               <title>OVERDOSAGE</title>
               <text>
                  <paragraph>Topically applied corticosteroids can be absorbed in sufficient amounts to produce systemic effects (See <linkHtml href="#Section_6">PRECAUTIONS</linkHtml>).</paragraph>
               </text>
               <effectiveTime value="20220412"/>
            </section>
         </component>
         <component>
            <section ID="Section_10">
               <id root="bc824689-3d8f-4d9f-8161-dd4df3368c25"/>
               <code code="34068-7" codeSystem="2.16.840.1.113883.6.1" displayName="DOSAGE &amp; ADMINISTRATION SECTION"/>
               <title>DOSAGE &amp; ADMINISTRATION</title>
               <text>
                  <paragraph>Apply Triamcinolone Acetonide Cream 0.025% to the affected area two to four times daily. Rub in gently.</paragraph>
                  <paragraph>Apply the 0.1% or the 0.5% Triamcinolone Acetonide Cream, as appropriate, to the affected area two to three times daily. Rub in gently.</paragraph>
                  <paragraph>
                     <content styleCode="bold">Occlusive Dressing Technique</content>
                  </paragraph>
                  <paragraph>Occlusive dressings may be used for the management of psoriasis or other recalcitrant conditions. Gently rub a small amount of cream into the lesion until it disappears.</paragraph>
                  <paragraph>Reapply the preparation leaving a thin coating on the lesion, cover with pliable nonporous film, and seal the edges. If needed, additional moisture may be provided by covering the lesion with a dampened clean cotton cloth before the nonporous film is applied or by briefly wetting the affected area with water immediately prior to applying the medication. The frequency of changing dressings is best determined on an individual basis. It may be convenient to apply triamcinolone acetonide cream under an occlusive dressing in the evening and to remove the dressing in the morning (i.e., 12-hour occlusion). When utilizing the 12-hour occlusion regimen, additional cream should be applied, without occlusion, during the day. Reapplication is essential at each dressing change. If an infection develops, the use of occlusive dressings should be discontinued and appropriate antimicrobial therapy instituted.</paragraph>
               </text>
               <effectiveTime value="20220412"/>
            </section>
         </component>
         <component>
            <section ID="Section_11">
               <id root="5dd467d2-9b6e-43e3-a990-9bdf2509cc2c"/>
               <code code="34069-5" codeSystem="2.16.840.1.113883.6.1" displayName="HOW SUPPLIED SECTION"/>
               <title>HOW SUPPLIED</title>
               <text>
                  <paragraph>Product:    50090-6566</paragraph>
                  <paragraph>NDC:    50090-6566-0   454 g in a JAR </paragraph>
               </text>
               <effectiveTime value="20230731"/>
            </section>
         </component>
         <component>
            <section>
               <id root="5a46bcaf-496d-48b4-ac09-73abc8c8c9cc"/>
               <code code="51945-4" codeSystem="2.16.840.1.113883.6.1" displayName="PACKAGE LABEL.PRINCIPAL DISPLAY PANEL"/>
               <title>TRIAMCINOLONE ACETONIDE CREAM</title>
               <text>
                  <renderMultiMedia referencedObject="lbl500906566"/>
               </text>
               <effectiveTime value="20230731"/>
               <component>
                  <observationMedia ID="lbl500906566">
                     <text>Label Image</text>
                     <value xsi:type="ED" mediaType="image/jpeg">
                        <reference value="lbl500906566.jpg"/>
                     </value>
                  </observationMedia>
               </component>
            </section>
         </component>
      </structuredBody>
   </component>
</document>