<?xml version="1.0" encoding="UTF-8"?><?xml-stylesheet href="https://www.accessdata.fda.gov/spl/stylesheet/spl.xsl" type="text/xsl"?>
<document xmlns="urn:hl7-org:v3" xmlns:xsi="http://www.w3.org/2001/XMLSchema-instance" xsi:schemaLocation="urn:hl7-org:v3 https://www.accessdata.fda.gov/spl/schema/spl.xsd">
   <id root="d67b8d1c-41d1-4c04-a395-e5c2f105b374"/>
   <code code="34391-3" codeSystem="2.16.840.1.113883.6.1" displayName="Human Prescription Drug Label"/>
   <title>PROGESTERONE INJECTION, USP<br/> IN SESAME OIL<br/> FOR INTRAMUSCULAR USE ONLY<br/> Rx only</title>
   <effectiveTime value="20230729"/>
   <setId root="7d19df3b-94ed-4681-beae-9caaf137d014"/>
   <versionNumber value="6"/>
   <author>
      <time/>
      <assignedEntity>
         <representedOrganization>
            <id extension="968961354" root="1.3.6.1.4.1.519.1"/>
            <name>Eugia US LLC</name>
            <assignedEntity>
               <assignedOrganization>
                  <assignedEntity>
                     <assignedOrganization>
                        <id extension="872201704" root="1.3.6.1.4.1.519.1"/>
                        <name>EUGIA Pharma Specialities Limited</name>
                     </assignedOrganization>
                     <performance>
                        <actDefinition>
                           <code code="C25391" codeSystem="2.16.840.1.113883.3.26.1.1" displayName="ANALYSIS"/>
                           <product>
                              <manufacturedProduct classCode="MANU">
                                 <manufacturedMaterialKind>
                                    <code code="55150-306" codeSystem="2.16.840.1.113883.6.69"/>
                                 </manufacturedMaterialKind>
                              </manufacturedProduct>
                           </product>
                        </actDefinition>
                     </performance>
                     <performance>
                        <actDefinition>
                           <code code="C43360" codeSystem="2.16.840.1.113883.3.26.1.1" displayName="MANUFACTURE"/>
                           <product>
                              <manufacturedProduct classCode="MANU">
                                 <manufacturedMaterialKind>
                                    <code code="55150-306" codeSystem="2.16.840.1.113883.6.69"/>
                                 </manufacturedMaterialKind>
                              </manufacturedProduct>
                           </product>
                        </actDefinition>
                     </performance>
                     <performance>
                        <actDefinition>
                           <code code="C84731" codeSystem="2.16.840.1.113883.3.26.1.1" displayName="PACK"/>
                           <product>
                              <manufacturedProduct classCode="MANU">
                                 <manufacturedMaterialKind>
                                    <code code="55150-306" codeSystem="2.16.840.1.113883.6.69"/>
                                 </manufacturedMaterialKind>
                              </manufacturedProduct>
                           </product>
                        </actDefinition>
                     </performance>
                  </assignedEntity>
               </assignedOrganization>
            </assignedEntity>
         </representedOrganization>
      </assignedEntity>
   </author>
   <component>
      <structuredBody>
         <component>
            <section>
               <id root="39ed5d28-10a9-4c15-abf3-0dbf7f1cfbb7"/>
               <code code="48780-1" codeSystem="2.16.840.1.113883.6.1" displayName="SPL PRODUCT DATA ELEMENTS SECTION"/>
               <effectiveTime value="20230729"/>
               <subject>
                  <manufacturedProduct>
                     <manufacturedProduct>
                        <code code="55150-306" codeSystem="2.16.840.1.113883.6.69"/>
                        <name>Progesterone<suffix/>
                        </name>
                        <formCode code="C42945" codeSystem="2.16.840.1.113883.3.26.1.1" displayName="INJECTION, SOLUTION"/>
                        <asEntityWithGeneric>
                           <genericMedicine>
                              <name>Progesterone</name>
                           </genericMedicine>
                        </asEntityWithGeneric>
                        <ingredient classCode="ACTIB">
                           <quantity>
                              <numerator value="50" unit="mg"/>
                              <denominator value="1" unit="mL"/>
                           </quantity>
                           <ingredientSubstance>
                              <code code="4G7DS2Q64Y" codeSystem="2.16.840.1.113883.4.9"/>
                              <name>PROGESTERONE</name>
                              <activeMoiety>
                                 <activeMoiety>
                                    <code code="4G7DS2Q64Y" codeSystem="2.16.840.1.113883.4.9"/>
                                    <name>PROGESTERONE</name>
                                 </activeMoiety>
                              </activeMoiety>
                           </ingredientSubstance>
                        </ingredient>
                        <ingredient classCode="IACT">
                           <ingredientSubstance>
                              <code code="LKG8494WBH" codeSystem="2.16.840.1.113883.4.9"/>
                              <name>BENZYL ALCOHOL</name>
                           </ingredientSubstance>
                        </ingredient>
                        <ingredient classCode="IACT">
                           <ingredientSubstance>
                              <code code="QX10HYY4QV" codeSystem="2.16.840.1.113883.4.9"/>
                              <name>SESAME OIL</name>
                           </ingredientSubstance>
                        </ingredient>
                        <asContent>
                           <quantity>
                              <numerator value="10" unit="mL"/>
                              <denominator value="1"/>
                           </quantity>
                           <containerPackagedProduct>
                              <code code="55150-306-10" codeSystem="2.16.840.1.113883.6.69"/>
                              <formCode code="C43210" codeSystem="2.16.840.1.113883.3.26.1.1" displayName="VIAL, MULTI-DOSE"/>
                           </containerPackagedProduct>
                           <subjectOf>
                              <characteristic>
                                 <code code="SPLCMBPRDTP" codeSystem="2.16.840.1.113883.1.11.19255"/>
                                 <value code="C112160" codeSystem="2.16.840.1.113883.3.26.1.1" displayName="Type 0: Not a Combination Product" xsi:type="CV"/>
                              </characteristic>
                           </subjectOf>
                           <subjectOf>
                              <marketingAct>
                                 <code code="C53292" codeSystem="2.16.840.1.113883.3.26.1.1"/>
                                 <statusCode code="active"/>
                                 <effectiveTime>
                                    <low value="20181206"/>
                                 </effectiveTime>
                              </marketingAct>
                           </subjectOf>
                        </asContent>
                     </manufacturedProduct>
                     <subjectOf>
                        <approval>
                           <id extension="ANDA210965" root="2.16.840.1.113883.3.150"/>
                           <code code="C73584" codeSystem="2.16.840.1.113883.3.26.1.1" displayName="ANDA"/>
                           <author>
                              <territorialAuthority>
                                 <territory>
                                    <code code="USA" codeSystem="2.16.840.1.113883.5.28"/>
                                 </territory>
                              </territorialAuthority>
                           </author>
                        </approval>
                     </subjectOf>
                     <subjectOf>
                        <marketingAct>
                           <code code="C53292" codeSystem="2.16.840.1.113883.3.26.1.1"/>
                           <statusCode code="active"/>
                           <effectiveTime>
                              <low value="20181206"/>
                           </effectiveTime>
                        </marketingAct>
                     </subjectOf>
                     <consumedIn>
                        <substanceAdministration>
                           <routeCode code="C28161" codeSystem="2.16.840.1.113883.3.26.1.1" displayName="INTRAMUSCULAR"/>
                        </substanceAdministration>
                     </consumedIn>
                  </manufacturedProduct>
               </subject>
            </section>
         </component>
         <component>
            <section ID="Section_1">
               <id root="671dbb27-e033-460b-a2ec-3599af4fad18"/>
               <code code="34089-3" codeSystem="2.16.840.1.113883.6.1" displayName="DESCRIPTION SECTION"/>
               <title>DESCRIPTION</title>
               <text>
                  <paragraph>Progesterone injection USP, a progestin, is a sterile solution of progesterone in a suitable vegetable oil available for intramuscular use.<br/>
                     <br/> Progesterone occurs as a white or creamy white, crystalline powder or colourless crystals. It is soluble in alcohol, in acetone, and in dioxane; sparingly soluble in vegetable oils; practically insoluble in water.<br/>
                     <br/> It has the following structural formula:</paragraph>
                  <br/>
                  <br/>
                  <renderMultiMedia referencedObject="MM1"/>
                  <paragraph>                                                                                                                           Pregn-4-ene-3, 20-dione<br/>
                     <br/> Each mL contains: Progesterone 50 mg, Benzyl Alcohol 10% as preservative in Sesame Oil q.s.</paragraph>
               </text>
               <effectiveTime value="20230729"/>
               <component>
                  <observationMedia ID="MM1">
                     <text>chemical-structure</text>
                     <value xsi:type="ED" mediaType="image/jpeg">
                        <reference value="progesterone-str.jpg"/>
                     </value>
                  </observationMedia>
               </component>
            </section>
         </component>
         <component>
            <section ID="Section_2">
               <id root="cc2f7bc1-efb9-4c8a-a972-394052e481f8"/>
               <code code="34090-1" codeSystem="2.16.840.1.113883.6.1" displayName="CLINICAL PHARMACOLOGY SECTION"/>
               <title>CLINICAL PHARMACOLOGY</title>
               <text>
                  <paragraph>Transforms proliferative endometrium into secretory endometrium.<br/>
                     <br/> Inhibits (at the usual dose range) the secretion of pituitary gonadotropins, which in turn prevents follicular maturation and ovulation.<br/>
                     <content styleCode="bold">
                        <br/> Pharmacokinetics and Metabolism:<br/>
                     </content>
                     <content styleCode="italics">
                        <br/> Absorption: </content>After intramuscular administration of 10 mg of progesterone in oil, maximum plasma concentrations (geometric mean of 7 ng/mL) were reached within approximately 8 hours after injection and plasma concentrations remained above baseline for about 24 hours after injection. Injection of 10, 25, and 50 mg resulted in geometric mean values for maximum plasma concentration (C<sub>MAX</sub>) of 7, 28, and 50 ng/mL, respectively.<br/>
                     <content styleCode="italics">
                        <br/> Distribution: </content>Progesterone is extensively bound to plasma proteins, primarily albumin (50 to 54%) and cortisol-binding protein (43 to 48%).<br/>
                     <content styleCode="italics">
                        <br/> Metabolism: </content>Progesterone is metabolized primarily in the liver by reduction to pregnanediol, pregnanetriol, and pregnanolone. Subsequent conjugation results in the formation of glucuronide and sulfate metabolites. The mean plasma metabolic clearance rate in cycling women is 2510 ± 135 (SEM) L/day.<br/>
                     <content styleCode="italics">
                        <br/> Excretion: </content>The glucuronide and sulfate conjugates of pregnanediol and pregnanolone are excreted in the urine and bile. Progesterone metabolites which are excreted in the bile may undergo enterohepatic recycling or may be excreted in the feces.<br/>
                     <br/> The pharmacokinetic data was determined in a small number of patients, limiting the precision in which population values may be estimated.<br/>
                     <content styleCode="bold">
                        <br/> Special Populations:<br/>
                     </content>
                     <content styleCode="italics">
                        <br/> Renal Insufficiency: </content>The safety and effectiveness in patients with renal insufficiency have not been established. Since progesterone metabolites are excreted mainly by the kidneys, progesterone should be administered with caution and careful monitoring in this patient population (see <linkHtml href="#Section_6">PRECAUTIONS</linkHtml>).<br/>
                     <content styleCode="italics">
                        <br/> Hepatic Insufficiency: </content>The safety and effectiveness in patients with hepatic insufficiency have not been established. Since progesterone is metabolized by the liver, use in patients with liver dysfunction or disease is contraindicated (see <linkHtml href="#Section_4">CONTRAINDICATIONS</linkHtml>).<br/>
                     <content styleCode="bold">
                        <br/> Drug Interactions:<br/>
                     </content>
                     <br/> The metabolism of progesterone by human liver microsomes was inhibited by ketoconazole (IC<sub>50</sub> &lt; 01 µM). Ketoconazole is a known inhibitor of cytochrome P450 3A4 and these data suggest that ketoconazole or other known inhibitors of this enzyme may increase the bioavailability of progesterone. The clinical relevance of the <content styleCode="italics">in vitro </content>findings is unknown.</paragraph>
               </text>
               <effectiveTime value="20230729"/>
            </section>
         </component>
         <component>
            <section ID="Section_3">
               <id root="bb83feca-5f6c-4497-bdb4-68113a047961"/>
               <code code="34067-9" codeSystem="2.16.840.1.113883.6.1" displayName="INDICATIONS &amp; USAGE SECTION"/>
               <title>INDICATIONS AND USAGE</title>
               <text>
                  <paragraph>This drug is indicated in amenorrhea and abnormal uterine bleeding due to hormonal imbalance in the absence of organic pathology, such as submucous fibroids or uterine cancer.</paragraph>
               </text>
               <effectiveTime value="20230729"/>
            </section>
         </component>
         <component>
            <section ID="Section_4">
               <id root="1f72db4c-b4fa-48e2-be99-e0a7058fd800"/>
               <code code="34070-3" codeSystem="2.16.840.1.113883.6.1" displayName="CONTRAINDICATIONS SECTION"/>
               <title>CONTRAINDICATIONS</title>
               <text>
                  <list listType="unordered" styleCode="disc">
                     <item>Current or past history of thrombophlebitis, thromboembolic disorders, or cerebral apoplexy.</item>
                     <item>Liver dysfunction or disease.</item>
                     <item>Known or suspected malignancy of breast or genital organs.</item>
                     <item>Undiagnosed vaginal bleeding.</item>
                     <item>Missed abortion.</item>
                     <item>Known sensitivity to progesterone injection. </item>
                     <item>Known sensitivity to sesame oil/seeds.</item>
                  </list>
               </text>
               <effectiveTime value="20230729"/>
            </section>
         </component>
         <component>
            <section ID="Section_5">
               <id root="0bf2ea7d-65a3-4d5a-aef9-0794620febd0"/>
               <code code="34071-1" codeSystem="2.16.840.1.113883.6.1" displayName="WARNINGS SECTION"/>
               <title>WARNINGS</title>
               <text>
                  <paragraph>The physician should be alert to the earliest manifestations of thrombotic disorders (thrombophlebitis, cerebrovascular disorders, pulmonary embolism, and retinal thrombosis). Should any of these occur or be suspected, the drug should be discontinued immediately.<br/>
                     <br/> Medication should be discontinued pending examination if there is a sudden partial or complete loss of vision, or if there is a sudden onset of proptosis, diplopia or migraine. If examination reveals papilledema or retinal vascular lesions, medication should be withdrawn.<br/>
                     <br/> Acute eosinophilic pneumonia has been reported in patients receiving progesterone in sesame oil. In reported cases associated with progesterone in sesame oil, patients developed fever, dyspnea with hypoxic respiratory insufficiency, and diffuse pulmonary infiltrates. In general, patients developed eosinophilic pneumonia 2 to 4 weeks after starting progesterone in sesame oil and improved when progesterone in sesame oil was discontinued and a different formulation of progesterone and/or steroid therapy was initiated. Patients who develop these signs and symptoms while receiving progesterone in sesame oil should undergo prompt medical evaluation, and progesterone in sesame oil should be discontinued immediately.</paragraph>
               </text>
               <effectiveTime value="20230729"/>
            </section>
         </component>
         <component>
            <section ID="Section_6">
               <id root="dbdf7138-8ecd-48ba-8939-09cc795221d5"/>
               <code code="42232-9" codeSystem="2.16.840.1.113883.6.1" displayName="PRECAUTIONS SECTION"/>
               <title>PRECAUTIONS</title>
               <effectiveTime value="20230729"/>
               <component>
                  <section ID="Section_6.1">
                     <id root="79fd1fa4-eb6e-4e6e-ba61-9489ad062cbb"/>
                     <code code="34072-9" codeSystem="2.16.840.1.113883.6.1" displayName="GENERAL PRECAUTIONS SECTION"/>
                     <title>General</title>
                     <text>
                        <paragraph>The pretreatment physical examination should include special reference to breast and pelvic organs, as well as a Papanicolaou smear.<br/>
                           <br/> Because progestational drugs may cause some degree of fluid retention, conditions which might be influenced by this condition, such as epilepsy, migraine, asthma, cardiac, or renal dysfunction, require careful observation.<br/>
                           <br/> In cases of breakthrough bleeding, as in all cases of irregular bleeding <content styleCode="italics">per vaginum, </content>nonfunctional causes should be borne in mind, and adequate diagnostic measures undertaken.<br/>
                           <br/> Patients who have a history of psychic depression should be carefully observed and the drug discontinued if the depression recurs to a serious degree.<br/>
                           <br/> The age of the patient constitutes no absolute limiting factor although treatment with progestin may mask the onset of the climacteric.<br/>
                           <br/> The pathologist should be advised of progestin therapy when relevant specimens are submitted.<br/>
                           <br/> There are possible risks which may be associated with the use of progestin treatment, including adverse effects on carbohydrate and lipid metabolism. The dosage used may be important in minimizing these adverse effects.<br/>
                           <br/> A decrease in glucose tolerance has been observed in a small percentage of patients on estrogen- progestin combination treatment. The mechanism of this decrease is obscure. For this reason, diabetic patients should be carefully observed while receiving such therapy.</paragraph>
                     </text>
                     <effectiveTime value="20230729"/>
                  </section>
               </component>
               <component>
                  <section ID="Section_6.6">
                     <id root="74655eb3-2f6f-4575-a6cd-c4fffe1acc00"/>
                     <code code="34083-6" codeSystem="2.16.840.1.113883.6.1" displayName="CARCINOGENESIS &amp; MUTAGENESIS &amp; IMPAIRMENT OF FERTILITY SECTION"/>
                     <title>Carcinogenesis, Mutagenesis, Impairment of Fertility</title>
                     <text>
                        <paragraph>Long-term intramuscular administration of Medroxyprogesterone acetate (MPA) has been shown to produce mammary tumors in beagle dogs. There is no evidence of a carcinogenic effect associated with the oral administration of MPA to rats and mice.<br/>
                           <br/> Medroxyprogesterone acetate was not mutagenic in a battery of <content styleCode="italics">in vitro </content>or <content styleCode="italics">in vivo </content>genetic toxicity assays.<br/>
                           <br/> Progesterone at high doses is an antifertility drug and high doses would be expected to impair fertility until the cessation of treatment.</paragraph>
                     </text>
                     <effectiveTime value="20230729"/>
                  </section>
               </component>
               <component>
                  <section ID="Section_6.11">
                     <id root="65b72799-5a5a-43a8-9b04-5815f1950af4"/>
                     <code code="34082-8" codeSystem="2.16.840.1.113883.6.1" displayName="GERIATRIC USE SECTION"/>
                     <title>Geriatric Use:</title>
                     <text>
                        <paragraph>The safety and effectiveness in geriatric patients (over age 65) have not been established.</paragraph>
                     </text>
                     <effectiveTime value="20230729"/>
                  </section>
               </component>
               <component>
                  <section ID="Section_6.10">
                     <id root="81eb50e2-2ce6-41b4-ad91-6859d41e40ca"/>
                     <code code="34081-0" codeSystem="2.16.840.1.113883.6.1" displayName="PEDIATRIC USE SECTION"/>
                     <title>Pediatric Use:</title>
                     <text>
                        <paragraph>Safety and effectiveness in pediatric patients have not been established.</paragraph>
                     </text>
                     <effectiveTime value="20230729"/>
                  </section>
               </component>
               <component>
                  <section ID="Section_6.9">
                     <id root="579495a3-ded4-493e-b759-0b512a48517c"/>
                     <code code="34080-2" codeSystem="2.16.840.1.113883.6.1" displayName="NURSING MOTHERS SECTION"/>
                     <title>Nursing Mothers:</title>
                     <text>
                        <paragraph>Detectable amounts of drug have been identified in the milk of mothers receiving progestational drugs. The effect of this on the nursing infant has not been determined.</paragraph>
                     </text>
                     <effectiveTime value="20230729"/>
                  </section>
               </component>
            </section>
         </component>
         <component>
            <section ID="Section_7">
               <id root="8088ed48-91ea-41a2-9b11-aef84a00a4e4"/>
               <code code="34084-4" codeSystem="2.16.840.1.113883.6.1" displayName="ADVERSE REACTIONS SECTION"/>
               <title>ADVERSE REACTIONS</title>
               <text>
                  <paragraph>Breakthrough bleeding; spotting; change in menstrual flow; amenorrhea; edema; change in weight (increase or decrease); changes in cervical erosion and cervical secretions; cholestatic jaundice; breast tenderness and galactorrhea; pain, irritation, and/or redness at the injection area; skin sensitivity reactions consisting of urticaria, pruritus, edema and generalized rash; acne, alopecia and hirsutism; rash (allergic) with and without pruritus; anaphylactoid reactions (including eosinophilic pneumonia); mental depression; pyrexia; insomnia; nausea; and somnolence.<br/>
                     <br/> A statistically significant association has been demonstrated between use of estrogen-progestin combination drugs and pulmonary embolism and cerebral thrombosis and embolism. For this reason patients on progestin therapy should be carefully observed. There is also evidence suggestive of an association with neuro-ocular lesions, e.g., retinal thrombosis and optic neuritis.<br/>
                     <br/> The following adverse reactions have been observed in patients receiving estrogen-progestin combination drugs: rise in blood pressure in susceptible individual, premenstrual syndrome, changes in libido, changes in appetite, cystitis-like syndrome, headache, nervousness, fatigue, backache, hirsutism, loss of scalp hair, erythema multiforme, erythema nodosum, hemorrhagic eruption, itching, and dizziness.<br/>
                     <br/> The following laboratory results may be altered by the use of estrogen-progestin combination drugs: increased sulfobromophthalein retention and other hepatic function tests; coagulation tests: increase in prothrombin factors VII, VIII, IX, and X; metyrapone test; pregnanediol determinations; thyroid function: increase in PBI and butanol extractable protein bound iodine, and decrease in T<sup>3</sup> uptake values.</paragraph>
               </text>
               <effectiveTime value="20230729"/>
            </section>
         </component>
         <component>
            <section ID="Section_10">
               <id root="10ebbe72-f9fd-4694-85f0-9ca903dfa1e6"/>
               <code code="34068-7" codeSystem="2.16.840.1.113883.6.1" displayName="DOSAGE &amp; ADMINISTRATION SECTION"/>
               <title>DOSAGE AND ADMINISTRATION</title>
               <text>
                  <paragraph>Progesterone is administered by intramuscular injection. It differs from other commonly used steroids in that it is irritating at the place of injection.<br/>
                     <content styleCode="bold">
                        <br/> Amenorrhea: </content>Five to 10 mg are given for six to eight consecutive days. If there has been sufficient ovarian activity to produce a proliferative endometrium, one can expect withdrawal bleeding forty-eight to seventy-two hours after the last injection. This may be followed by spontaneous normal cycles.<br/>
                     <content styleCode="bold">
                        <br/> Functional Uterine Bleeding: </content>Five to 10 mg are given daily for six doses. Bleeding may be expected to cease within six days. When estrogen is given as well, the administration of progesterone is begun after two weeks of estrogen therapy. If menstrual flow begins during the course of injections of progesterone, they are discontinued.<br/>
                     <br/> Parenteral drug products should be inspected visually for particulate matter and discoloration prior to administration whenever the solution and container permit.</paragraph>
               </text>
               <effectiveTime value="20230729"/>
            </section>
         </component>
         <component>
            <section ID="Section_11">
               <id root="705212a9-c644-463d-8111-0f5e5eb3bf7e"/>
               <code code="34069-5" codeSystem="2.16.840.1.113883.6.1" displayName="HOW SUPPLIED SECTION"/>
               <title>HOW SUPPLIED</title>
               <text>
                  <paragraph>Progesterone injection USP, 500 mg per 10 mL (50 mg/mL) is a sterile, clear, colorless to yellowish oily solution and is supplied as follows:<br/>
                     <br/> 10 mL Multiple-Dose Vial<br/>packaged individually                                          NDC 55150-306-10<br/>
                     <br/> Store at 20° to 25°C (68° to 77°F) [see USP controlled room temperature].<br/>
                     <br/> The vial stopper is not made with natural rubber latex.<br/>
                     <br/> For all medical inquiries contact:<br/>
                     <content styleCode="bold">Eugia US LLC</content>
                     <br/> 279 Princeton-Hightstown Rd.<br/> E. Windsor, NJ 08520<br/> 1-866-850-2876<br/>
                     <br/> Distributed by:<br/>
                     <content styleCode="bold">Eugia US LLC<br/>
                     </content>279 Princeton-Hightstown Rd.<br/> E.Windsor, NJ 08520<br/>
                     <br/> Manufactured by:<br/>
                     <content styleCode="bold">Eugia Pharma Specialities Limited<br/>
                     </content>Hyderabad - 500032<br/>India<br/>
                     <br/> Revised: June 2023</paragraph>
               </text>
               <effectiveTime value="20230729"/>
            </section>
         </component>
         <component>
            <section ID="Section_16">
               <id root="2c2d426d-994f-4319-8d27-ec6170db61eb"/>
               <code code="42230-3" codeSystem="2.16.840.1.113883.6.1" displayName="SPL PATIENT PACKAGE INSERT SECTION"/>
               <title>PATIENT INFORMATION</title>
               <text>
                  <paragraph>
                     <content styleCode="bold">PROGESTERONE (proe jes' ter one)</content>
                  </paragraph>
                  <paragraph>
                     <content styleCode="bold">INJECTION, USP</content>
                  </paragraph>
                  <paragraph>For Intramuscular Use Only<br/>
                     <content styleCode="bold">
                        <br/> Rx Only<br/>
                        <br/> FOR THE TREATMENT OF AMENORRHEA (ABSENCE OF MENSES IN WOMEN WHO HAVE PREVIOUSLY HAD A MENSTRUAL PERIOD) OR ABNORMAL UTERINE BLEEDING DUE TO HORMONAL IMBALANCE.<br/>
                     </content>
                     <br/> Please read this information carefully before you start to use Progesterone Injection and each time your prescription is renewed, in case anything has changed. This leaflet does not take the place of discussions with your doctor. If you still have any questions, ask your doctor or health-care provider.<br/>
                     <content styleCode="bold">
                        <br/> About Progesterone Injection<br/>
                     </content>
                     <br/> Progesterone Injection is a sterile injectable solution containing the natural female hormone called progesterone. Progesterone Injection is indicated for the treatment of amenorrhea and abnormal uterine bleeding due to progesterone deficiency.<br/>
                     <content styleCode="bold">
                        <br/> Understanding the role of Progesterone Injection in the treatment of your menstrual irregularities.<br/>
                     </content>
                     <br/> Progesterone is one of the hormones essential for regular menstrual periods. If your doctor has determined your body does not produce enough progesterone on its own, Progesterone Injection may be prescribed to provide the progesterone you need.<br/>
                     <br/> When you do not produce enough progesterone, menstrual irregularities can occur. Progesterone Injection can provide you with the progesterone needed during a normal menstrual cycle.<br/>
                     <content styleCode="bold">
                        <br/> Possible side effects of Progesterone Injection<br/>
                     </content>
                     <br/> The following side effects have been reported with Progesterone Injection. Consult your doctor if you experience any of the side effects mentioned below, or other side effects.</paragraph>
                  <br/>
                  <list listType="unordered" styleCode="disc">
                     <item>anaphylactoid (life-threatening allergic) reaction with symptoms that may include a sense of uneasiness or apprehension; flushing; fast, throbbing heartbeat; itching; hives; difficult breathing; swelling of the throat; eosinophilic pneumonia (gathering of eosinophils, a type of white blood cell, in the lungs), fainting; nausea; vomiting; or convulsions.</item>
                     <item>breakthrough bleeding</item>
                     <item>spotting</item>
                     <item>changes in menstrual flow</item>
                     <item>amenorrhea</item>
                     <item>change in weight (increase or decrease)</item>
                     <item>pain, irritation, swelling, and/or redness at the injection area</item>
                     <item>general swelling</item>
                     <item>vaginal discharge</item>
                     <item>yellow discoloration of skin or white of eyes</item>
                     <item>breast tenderness, discharge from the nipple</item>
                     <item>skin reactions including rash, hives, itching, and swelling</item>
                     <item>acne</item>
                     <item>hair loss or growth of new hair</item>
                     <item>mental depression</item>
                     <item>fever</item>
                     <item>insomnia or sleepiness*</item>
                     <item>nausea</item>
                  </list>
                  <br/>
                  <paragraph>*If you experience sleepiness, do not drive or operate machinery.<br/>
                     <content styleCode="bold">
                        <br/> When you should not use Progesterone Injection</content>
                  </paragraph>
                  <list listType="unordered" styleCode="disc">
                     <item>If you are allergic to progesterone, progesterone-like drugs, benzyl alcohol or sesame oil/seeds.</item>
                     <item>If you have unusual vaginal bleeding which has not been evaluated by your doctor.</item>
                     <item>If you have liver disease.</item>
                     <item>If you have known or suspected cancer of the breast or genital organs.</item>
                     <item>If you have a miscarriage and your physician suspects some tissue is still in the uterus.</item>
                     <item>If you have or have had blood clots in the legs, lungs, eyes, or elsewhere.</item>
                  </list>
                  <br/>
                  <paragraph>
                     <content styleCode="bold">Risks of Progesterone Injection</content>
                  </paragraph>
                  <list listType="unordered" styleCode="disc">
                     <item>Abnormal blood clotting. Blood clots have been reported with the use of estrogens and progestational drugs (alone or in combination). If blood clots do form in your bloodstream, they can cut off the blood supply to vital organs, causing serious problems. These problems may include a stroke (by cutting off blood to part of the brain), a heart attack (by cutting off blood to part of the heart), a pulmonary embolus (by cutting off blood to part of the lungs), or other problems. Any of these conditions may cause death or serious long-term disability. Call your doctor immediately if you suspect you have any of these conditions. He or she may advise you to stop using this drug.</item>
                  </list>
                  <br/>
                  <paragraph>
                     <content styleCode="bold">Precautions<br/>
                     </content>
                     <br/> Be alert for unusual signs and symptoms. If any of these warning signals (or any other unusual symptoms) happen while you are using Progesterone Injection, call your doctor immediately:</paragraph>
                  <br/>
                  <list listType="unordered" styleCode="disc">
                     <item>Abnormal bleeding from the vagina.</item>
                     <item>Pains in the calves or chest, a sudden shortness of breath or coughing blood indicating possible clots in the legs, heart, or lungs.</item>
                     <item>Severe headache or vomiting, dizziness, faintness, or changes in vision or speech, weakness or numbness of an arm or leg indicating possible clots in the brain or eye.</item>
                     <item>Breast lumps, which could be associated with fibrocystic disorders, fibroadenoma, or breast cancer. (Ask your doctor or health-care provider to show you how to examine your breasts monthly.)</item>
                     <item>Yellowing of the skin and/or white of the eyes indicating possible liver problems.</item>
                  </list>
                  <br/>
                  <paragraph>
                     <content styleCode="bold">How Progesterone Injection works<br/>
                     </content>
                     <br/> Progesterone Injection is intended for administration by injection into a muscle mass. Following injection, the medication is absorbed into the bloodstream.<br/>
                     <content styleCode="bold">
                        <br/> Other information</content>
                  </paragraph>
                  <br/>
                  <list listType="unordered" styleCode="disc">
                     <item>Your doctor has prescribed this drug for you and you alone. Do not give this drug to anyone else. </item>
                     <item>This medication was prescribed for your particular medical condition. Do not use it for another condition.</item>
                     <item>Keep this and all drugs out of the reach of children.</item>
                  </list>
                  <br/>
                  <paragraph>
                     <content styleCode="bold">How to use Progesterone Injection<br/>
                     </content>
                     <br/> Progesterone Injection will be administered to you by a health-care provider or your caregiver. Your doctor will provide instructions regarding the dose and manner in which the medication should be injected. Follow your doctor’s instructions closely. If you have any questions about product administration, ask your doctor or health-care provider.<br/>
                     <br/>
                     <content styleCode="bold">How Supplied<br/>
                     </content>
                     <br/> Progesterone injection, 500 mg per 10 mL (50 mg/mL) is available in 10 mL multiple dose vials. Vials are individually boxed.<br/>
                     <br/> Progesterone Injection, should be stored at 20° to 25°C (68° to 77°F) [see USP controlled room temperature].<br/>
                     <br/> Do not use Progesterone injection after the expiration date which is printed on the vial label.<br/>
                     <br/> For all medical inquiries contact:<br/>
                     <content styleCode="bold">Eugia US LLC</content>
                     <br/> 279 Princeton-Hightstown Rd.<br/> E. Windsor, NJ 08520<br/> 1-866-850-2876<br/>
                     <br/> Distributed by:<br/>
                     <content styleCode="bold">Eugia US LLC<br/>
                     </content>279 Princeton-Hightstown Rd.<br/>E.Windsor, NJ 08520<br/>
                     <br/> Manufactured by:<br/>
                     <content styleCode="bold">Eugia Pharma Specialities Limited<br/>
                     </content>Hyderabad - 500032<br/>India<br/>
                     <br/> Revised: June 2023</paragraph>
               </text>
               <effectiveTime value="20230729"/>
            </section>
         </component>
         <component>
            <section ID="Section_17">
               <id root="4f2a35d4-f64b-4d0a-a231-831ff4442d34"/>
               <code code="51945-4" codeSystem="2.16.840.1.113883.6.1" displayName="PACKAGE LABEL.PRINCIPAL DISPLAY PANEL"/>
               <title>PACKAGE LABEL-PRINCIPAL DISPLAY PANEL - 500 mg per 10 mL (50 mg/mL) - Container Label</title>
               <text>
                  <paragraph>
                     <content styleCode="bold">Rx only          NDC </content>55150-306-10<br/>
                     <content styleCode="bold">Progesterone<br/>
                     </content>
                     <content styleCode="bold">Injection, USP<br/>
                     </content>
                     <content styleCode="bold">500 mg per 10 mL<br/>
                     </content>
                     <content styleCode="bold">(50 mg/mL)<br/>
                     </content>
                     <content styleCode="bold">FOR INTRAMUSCULAR<br/>
                     </content>
                     <content styleCode="bold">USE ONLY<br/>
                     </content>
                     <content styleCode="bold">10 mL Multiple-Dose Vial<br/>
                        <renderMultiMedia referencedObject="MM2"/>
                     </content>
                  </paragraph>
               </text>
               <effectiveTime value="20230729"/>
               <component>
                  <observationMedia ID="MM2">
                     <text>PACKAGE LABEL-PRINCIPAL DISPLAY PANEL - 500 mg per 10 mL (50 mg/mL) - Container Label</text>
                     <value xsi:type="ED" mediaType="image/jpeg">
                        <reference value="progesterone-fig1.jpg"/>
                     </value>
                  </observationMedia>
               </component>
            </section>
         </component>
         <component>
            <section ID="ection_20">
               <id root="6ac0a97a-d06b-4fdc-b9dd-d1499ac4a7dd"/>
               <code code="51945-4" codeSystem="2.16.840.1.113883.6.1" displayName="PACKAGE LABEL.PRINCIPAL DISPLAY PANEL"/>
               <title>PACKAGE LABEL-PRINCIPAL DISPLAY PANEL - 500 mg per 10 mL (50 mg/mL) - Container Carton</title>
               <text>
                  <paragraph>
                     <content styleCode="bold">Rx only          NDC </content>55150-306-10<br/>
                     <content styleCode="bold">Progesterone<br/>
                     </content>
                     <content styleCode="bold">Injection, USP<br/>
                     </content>
                     <content styleCode="bold">500 mg per 10 mL<br/>
                     </content>
                     <content styleCode="bold">(50 mg/mL)<br/>
                     </content>
                     <content styleCode="bold">FOR INTRAMUSCULAR<br/>
                     </content>
                     <content styleCode="bold">USE ONLY<br/>
                     </content>
                     <content styleCode="bold">10 mL Multiple-Dose Vial<br/>
                     </content>
                     <content styleCode="bold">eugia<br/>
                        <renderMultiMedia referencedObject="MM3"/>
                     </content>
                  </paragraph>
               </text>
               <effectiveTime value="20230729"/>
               <component>
                  <observationMedia ID="MM3">
                     <text>PACKAGE LABEL-PRINCIPAL DISPLAY PANEL - 500 mg per 10 mL (50 mg/mL) - Container Carton</text>
                     <value xsi:type="ED" mediaType="image/jpeg">
                        <reference value="progesterone-fig2.jpg"/>
                     </value>
                  </observationMedia>
               </component>
            </section>
         </component>
      </structuredBody>
   </component>
</document>