<?xml version="1.0" encoding="UTF-8"?><?xml-stylesheet type="text/xsl" href="https://www.accessdata.fda.gov/spl/stylesheet/spl.xsl"?>
<document xmlns="urn:hl7-org:v3" xmlns:xsi="http://www.w3.org/2001/XMLSchema-instance" xsi:schemaLocation="urn:hl7-org:v3 https://www.accessdata.fda.gov/spl/schema/spl.xsd">
   <id root="bd85ef0f-3c47-4d48-9ba0-9d4e012698cf"/>
   <code code="34391-3" codeSystem="2.16.840.1.113883.6.1" displayName="HUMAN PRESCRIPTION DRUG LABEL"/>
   <title>Fluphenazine Decanoate Injection, USP<br/>(For Intramuscular or Subcutaneous Use)
</title>
   <effectiveTime value="20230712"/>
   <setId root="1842a678-c32b-4e81-998e-597fc370fb9e"/>
   <versionNumber value="1"/>
   <author>
      <time/>
      <assignedEntity>
         <representedOrganization>
            <id extension="080579617" root="1.3.6.1.4.1.519.1"/>
            <name>Sagent Pharmaceuticals</name>
            <assignedEntity>
               <assignedOrganization/>
            </assignedEntity>
         </representedOrganization>
      </assignedEntity>
   </author>
   <component>
      <structuredBody>
         <component>
            <section ID="dcl-dpl">
               <id root="9ce5e806-6ffa-4929-b6bc-8dab889fb5c6"/>
               <code code="48780-1" codeSystem="2.16.840.1.113883.6.1" displayName="SPL PRODUCT DATA ELEMENTS SECTION"/>
               <effectiveTime value="20230712"/>
               <subject>
                  <manufacturedProduct>
                     <manufacturedProduct>
                        <code code="25021-838" codeSystem="2.16.840.1.113883.6.69"/>
                        <name>Fluphenazine Decanoate</name>
                        <formCode code="C42945" codeSystem="2.16.840.1.113883.3.26.1.1" displayName="INJECTION, SOLUTION"/>
                        <asEntityWithGeneric>
                           <genericMedicine>
                              <name>Fluphenazine Decanoate</name>
                           </genericMedicine>
                        </asEntityWithGeneric>
                        <ingredient classCode="ACTIB">
                           <quantity>
                              <numerator value="25" unit="mg"/>
                              <denominator value="1" unit="mL"/>
                           </quantity>
                           <ingredientSubstance>
                              <code code="FMU62K1L3C" codeSystem="2.16.840.1.113883.4.9"/>
                              <name>Fluphenazine Decanoate</name>
                              <activeMoiety>
                                 <activeMoiety>
                                    <code code="S79426A41Z" codeSystem="2.16.840.1.113883.4.9"/>
                                    <name>Fluphenazine</name>
                                 </activeMoiety>
                              </activeMoiety>
                           </ingredientSubstance>
                        </ingredient>
                        <ingredient classCode="IACT">
                           <ingredientSubstance>
                              <code code="LKG8494WBH" codeSystem="2.16.840.1.113883.4.9"/>
                              <name>Benzyl Alcohol</name>
                           </ingredientSubstance>
                        </ingredient>
                        <ingredient classCode="IACT">
                           <ingredientSubstance>
                              <code code="QX10HYY4QV" codeSystem="2.16.840.1.113883.4.9"/>
                              <name>Sesame Oil</name>
                           </ingredientSubstance>
                        </ingredient>
                        <asContent>
                           <quantity>
                              <numerator value="5" unit="mL"/>
                              <denominator value="1" unit="1"/>
                           </quantity>
                           <containerPackagedProduct>
                              <code codeSystem="2.16.840.1.113883.6.69"/>
                              <formCode code="C43226" codeSystem="2.16.840.1.113883.3.26.1.1" displayName="VIAL"/>
                              <asContent>
                                 <quantity>
                                    <numerator value="1" unit="1"/>
                                    <denominator value="1" unit="1"/>
                                 </quantity>
                                 <containerPackagedProduct>
                                    <code code="25021-838-05" codeSystem="2.16.840.1.113883.6.69"/>
                                    <formCode code="C43182" codeSystem="2.16.840.1.113883.3.26.1.1" displayName="CARTON"/>
                                 </containerPackagedProduct>
                                 <subjectOf>
                                    <marketingAct>
                                       <code code="C53292" codeSystem="2.16.840.1.113883.3.26.1.1"/>
                                       <statusCode code="active"/>
                                       <effectiveTime>
                                          <low value="20230801"/>
                                       </effectiveTime>
                                    </marketingAct>
                                 </subjectOf>
                              </asContent>
                           </containerPackagedProduct>
                           <subjectOf>
                              <characteristic>
                                 <code code="SPLCMBPRDTP" codeSystem="2.16.840.1.113883.1.11.19255"/>
                                 <value code="C112160" codeSystem="2.16.840.1.113883.3.26.1.1" xsi:type="CV" displayName="Type 0: Not a Combination Product"/>
                              </characteristic>
                           </subjectOf>
                        </asContent>
                     </manufacturedProduct>
                     <subjectOf>
                        <marketingAct>
                           <code code="C53292" codeSystem="2.16.840.1.113883.3.26.1.1"/>
                           <statusCode code="active"/>
                           <effectiveTime>
                              <low value="20230801"/>
                           </effectiveTime>
                        </marketingAct>
                     </subjectOf>
                     <subjectOf>
                        <approval>
                           <id extension="ANDA215509" root="2.16.840.1.113883.3.150"/>
                           <code code="C73584" codeSystem="2.16.840.1.113883.3.26.1.1" displayName="ANDA"/>
                           <author>
                              <territorialAuthority>
                                 <territory>
                                    <code code="USA" codeSystem="2.16.840.1.113883.5.28"/>
                                 </territory>
                              </territorialAuthority>
                           </author>
                        </approval>
                     </subjectOf>
                     <consumedIn>
                        <substanceAdministration>
                           <routeCode code="C28161" codeSystem="2.16.840.1.113883.3.26.1.1" displayName="INTRAMUSCULAR"/>
                        </substanceAdministration>
                     </consumedIn>
                     <consumedIn>
                        <substanceAdministration>
                           <routeCode code="C38299" codeSystem="2.16.840.1.113883.3.26.1.1" displayName="SUBCUTANEOUS"/>
                        </substanceAdministration>
                     </consumedIn>
                  </manufacturedProduct>
               </subject>
            </section>
         </component>
         <component>
            <section ID="s1">
               <id root="189ec29f-e739-4343-9d6d-06b635d41094"/>
               <code code="42229-5" codeSystem="2.16.840.1.113883.6.1" displayName="SPL UNCLASSIFIED SECTION"/>
               <text>
                  <paragraph>SAGENT<sup>®</sup>
                     <br/>Rx only
</paragraph>
               </text>
               <effectiveTime value="20230712"/>
            </section>
         </component>
         <component>
            <section ID="s2">
               <id root="6caba935-e6ef-4ae4-b682-47d7f44f35a0"/>
               <code code="34066-1" codeSystem="2.16.840.1.113883.6.1" displayName="BOXED WARNING SECTION"/>
               <text>
                  <paragraph>
                     <content styleCode="bold">WARNING</content>
                  </paragraph>
                  <paragraph>
                     <content styleCode="bold">Increased Mortality in Elderly Patients with Dementia-Related Psychosis</content> — Elderly patients with dementia-related psychosis treated with antipsychotic drugs are at an increased risk of death. Analyses of seventeen placebo-controlled trials (modal duration of 10 weeks), largely in patients taking atypical antipsychotic drugs, revealed a risk of death in drug treated patients of between 1.6 to 1.7 times the risk of death in placebo-treated patients. Over the course of a typical 10-week controlled trial, the rate of death in drug-treated patients was about 4.5%, compared to a rate of about 2.6% in the placebo group. Although the causes of death were varied, most of the deaths appeared to be either cardiovascular (e.g., heart failure, sudden death) or infectious (e.g., pneumonia) in nature. Observational studies suggest that, similar to atypical antipsychotic drugs, treatment with conventional antipsychotic drugs may increase mortality. The extent to which the findings of increased mortality in observational studies may be attributed to the antipsychotic drug as opposed to some characteristic(s) of the patients is not clear. Fluphenazine Decanoate Injection, USP is not approved for the treatment of patients with dementia-related psychosis (see <content styleCode="bold">
                        <linkHtml href="#s7">WARNINGS</linkHtml>
                     </content>).
</paragraph>
               </text>
               <effectiveTime value="20230712"/>
            </section>
         </component>
         <component>
            <section ID="s3">
               <id root="87ae783b-038b-4786-b195-17d79f43616f"/>
               <code code="34089-3" codeSystem="2.16.840.1.113883.6.1" displayName="DESCRIPTION SECTION"/>
               <title>DESCRIPTION:
</title>
               <text>
                  <paragraph>Fluphenazine decanoate is the decanoate ester of a trifluoromethyl phenothiazine derivative. It is a highly potent behavior modifier with a markedly extended duration of effect and has the following structural formula:
</paragraph>
                  <paragraph>          <renderMultiMedia ID="f01" referencedObject="mm01"/>
                  </paragraph>
                  <paragraph>Fluphenazine Decanoate Injection, USP is available as a sterile, clear, pale yellow solution for intramuscular (IM) or subcutaneous (SC) use providing 25 mg fluphenazine decanoate per mL in a sesame oil vehicle with 12 mg benzyl alcohol as a preservative.
</paragraph>
               </text>
               <effectiveTime value="20230712"/>
               <component>
                  <observationMedia ID="mm01">
                     <text>Structural Formula
</text>
                     <value xsi:type="ED" mediaType="image/jpeg">
                        <reference value="flu2q-0000-01.jpg"/>
                     </value>
                  </observationMedia>
               </component>
            </section>
         </component>
         <component>
            <section ID="s4">
               <id root="eb6b3502-dba6-463f-a185-ae0671cd8a4c"/>
               <code code="34090-1" codeSystem="2.16.840.1.113883.6.1" displayName="CLINICAL PHARMACOLOGY SECTION"/>
               <title>CLINICAL PHARMACOLOGY:
</title>
               <text>
                  <paragraph>The basic effects of fluphenazine decanoate appear to be no different from those of fluphenazine hydrochloride, with the exception of duration of action. The esterification of fluphenazine markedly prolongs the drug's duration of effect without unduly attenuating its beneficial action.
</paragraph>
                  <paragraph>Fluphenazine decanoate has activity at all levels of the central nervous system (CNS) as well as on multiple organ systems. The mechanism whereby its therapeutic action is exerted is unknown.
</paragraph>
                  <paragraph>Fluphenazine differs from other phenothiazine derivatives in several respects: it is more potent on a milligram basis, it has less potentiating effect on CNS depressants and anesthetics than do some of the phenothiazines and appears to be less sedating, and it is less likely than some of the older phenothiazines to produce hypotension (nevertheless, appropriate cautions should be observed, see <content styleCode="bold">
                        <linkHtml href="#s14">PRECAUTIONS</linkHtml>
                     </content> and <content styleCode="bold">
                        <linkHtml href="#s20">ADVERSE REACTIONS</linkHtml>
                     </content>).
</paragraph>
               </text>
               <effectiveTime value="20230712"/>
            </section>
         </component>
         <component>
            <section ID="s5">
               <id root="dc983c0a-512d-4a3b-869a-1fe6d8386353"/>
               <code code="34067-9" codeSystem="2.16.840.1.113883.6.1" displayName="INDICATIONS &amp; USAGE SECTION"/>
               <title>INDICATIONS AND USAGE:
</title>
               <text>
                  <paragraph>Fluphenazine Decanoate Injection is a long-acting parenteral antipsychotic drug intended for use in the management of patients requiring prolonged parenteral neuroleptic therapy (e.g., chronic schizophrenics).
</paragraph>
                  <paragraph>Fluphenazine Decanoate Injection has not been shown effective in the management of behavioral complications in patients with mental retardation.
</paragraph>
               </text>
               <effectiveTime value="20230712"/>
            </section>
         </component>
         <component>
            <section ID="s6">
               <id root="ac92ecc6-5746-4ce8-bac2-acd971bc67b0"/>
               <code code="34070-3" codeSystem="2.16.840.1.113883.6.1" displayName="CONTRAINDICATIONS SECTION"/>
               <title>CONTRAINDICATIONS:
</title>
               <text>
                  <paragraph>Phenothiazines are contraindicated in patients with suspected or established subcortical brain damage.
</paragraph>
                  <paragraph>Phenothiazine compounds should not be used in patients receiving large doses of hypnotics.
</paragraph>
                  <paragraph>Fluphenazine Decanoate Injection is contraindicated in comatose or severely depressed states.
</paragraph>
                  <paragraph>The presence of blood dyscrasia or liver damage precludes the use of fluphenazine decanoate.
</paragraph>
                  <paragraph>Fluphenazine Decanoate Injection is not intended for use in children under 12 years of age.
</paragraph>
                  <paragraph>Fluphenazine Decanoate Injection is contraindicated in patients who have shown hypersensitivity to fluphenazine; cross-sensitivity to phenothiazine derivatives may occur.
</paragraph>
               </text>
               <effectiveTime value="20230712"/>
            </section>
         </component>
         <component>
            <section ID="s7">
               <id root="07323914-7184-429f-8441-d0ffb6a21a71"/>
               <code code="34071-1" codeSystem="2.16.840.1.113883.6.1" displayName="WARNINGS SECTION"/>
               <title>WARNINGS:
</title>
               <effectiveTime value="20230712"/>
               <component>
                  <section ID="s8">
                     <id root="dba1e5e0-2fb3-4cb4-aa69-e3434f5d51e8"/>
                     <code code="42229-5" codeSystem="2.16.840.1.113883.6.1" displayName="SPL UNCLASSIFIED SECTION"/>
                     <title>Increased Mortality in Elderly Patients with Dementia-Related Psychosis
</title>
                     <text>
                        <paragraph>Elderly patients with dementia-related psychosis treated with antipsychotic drugs are at an increased risk of death. Fluphenazine Decanoate Injection, USP is not approved for the treatment of patients with dementia-related psychosis (see <content styleCode="bold">
                              <linkHtml href="#s2">BOXED WARNING</linkHtml>
                           </content>).
</paragraph>
                     </text>
                     <effectiveTime value="20230712"/>
                  </section>
               </component>
               <component>
                  <section ID="s9">
                     <id root="76da6d36-658d-4b7c-a648-8aaf237e3237"/>
                     <code code="42229-5" codeSystem="2.16.840.1.113883.6.1" displayName="SPL UNCLASSIFIED SECTION"/>
                     <title>Tardive Dyskinesia
</title>
                     <text>
                        <paragraph>Tardive dyskinesia, a syndrome consisting of potentially irreversible, involuntary, dyskinetic movements, may develop in patients treated with neuroleptic (antipsychotic) drugs. Although the prevalence of the syndrome appears to be highest among the elderly, especially elderly women, it is impossible to rely upon prevalence estimates to predict, at the inception of neuroleptic treatment, which patients are likely to develop the syndrome. Whether neuroleptic drug products differ in their potential to cause tardive dyskinesia is unknown.
</paragraph>
                        <paragraph>Both the risk of developing the syndrome and the likelihood that it will become irreversible are believed to increase as the duration of treatment and the total cumulative dose of neuroleptic drugs administered to the patient increase. However, the syndrome can develop, although much less commonly, after relatively brief treatment periods at low doses.
</paragraph>
                        <paragraph>There is no known treatment for established cases of tardive dyskinesia, although the syndrome may remit, partially or completely, if neuroleptic treatment is withdrawn. Neuroleptic treatment, itself, however, may suppress (or partially suppress) the signs and symptoms of the syndrome and thereby may possibly mask the underlying disease process. The effect that symptomatic suppression has upon the long-term course of the syndrome is unknown.
</paragraph>
                        <paragraph>Given these considerations, neuroleptics should be prescribed in a manner that is most likely to minimize the occurrence of tardive dyskinesia. Chronic neuroleptic treatment should generally be reserved for patients who suffer from a chronic illness that, 1) is known to respond to neuroleptic drugs, and, 2) for whom alternative equally effective, but potentially less harmful treatments are not available or appropriate. In patients who do require chronic treatment, the smallest dose and the shortest duration of treatment producing a satisfactory clinical response should be sought. The need for continued treatment should be reassessed periodically.
</paragraph>
                        <paragraph>If signs and symptoms of tardive dyskinesia appear in a patient on neuroleptics, drug discontinuation should be considered. However, some patients may require treatment despite the presence of the syndrome.
</paragraph>
                        <paragraph>(For further information about the description of tardive dyskinesia and its clinical detection, please refer to the sections on <content styleCode="bold italics">
                              <linkHtml href="#s19">PRECAUTIONS, Information for Patients</linkHtml>
                           </content>, and <content styleCode="bold italics">
                              <linkHtml href="#s22">ADVERSE REACTIONS, Tardive Dyskinesia</linkHtml>
                           </content>.)
</paragraph>
                     </text>
                     <effectiveTime value="20230712"/>
                  </section>
               </component>
               <component>
                  <section ID="s10">
                     <id root="0805dd4f-7993-4c65-bbe8-e1bdd927c3c6"/>
                     <code code="42229-5" codeSystem="2.16.840.1.113883.6.1" displayName="SPL UNCLASSIFIED SECTION"/>
                     <title>Neuroleptic Malignant Syndrome (NMS)
</title>
                     <text>
                        <paragraph>A potentially fatal symptom complex sometimes referred to as Neuroleptic Malignant Syndrome (NMS) has been reported in association with antipsychotic drugs. Clinical manifestations of NMS are hyperpyrexia, muscle rigidity, altered mental status and evidence of autonomic instability (irregular pulse or blood pressure, tachycardia, diaphoresis, and cardiac dysrhythmias).
</paragraph>
                        <paragraph>The diagnostic evaluation of patients with this syndrome is complicated. In arriving at a diagnosis, it is important to identify cases where the clinical presentation includes both serious medical illness (e.g., pneumonia, systemic infection, etc.) and untreated or inadequately treated extrapyramidal signs and symptoms (EPS). Other important considerations in the differential diagnosis include central anticholinergic toxicity, heat stroke, drug fever and primary CNS pathology.
</paragraph>
                        <paragraph>The management of NMS should include 1) immediate discontinuation of antipsychotic drugs and other drugs not essential to concurrent therapy, 2) intensive symptomatic treatment and medical monitoring, and 3) treatment of any concomitant serious medical problems for which specific treatments are available. There is no general agreement about specific pharmacological treatment regimens for uncomplicated NMS.
</paragraph>
                        <paragraph>If a patient requires antipsychotic drug treatment after recovery from NMS, the potential reintroduction of drug therapy should be carefully considered. The patient should be carefully monitored, since recurrences of NMS have been reported.
</paragraph>
                     </text>
                     <effectiveTime value="20230712"/>
                  </section>
               </component>
               <component>
                  <section ID="s11">
                     <id root="75daecb6-a484-4da6-891f-688a2c94aa5f"/>
                     <code code="42229-5" codeSystem="2.16.840.1.113883.6.1" displayName="SPL UNCLASSIFIED SECTION"/>
                     <title>Falls
</title>
                     <text>
                        <paragraph>Fluphenazine Decanoate Injection, USP may cause somnolence, postural hypotension, motor and sensory instability, which may lead to falls and, consequently, fractures or other injuries. For patients with diseases, conditions, or medications that could exacerbate these effects, complete fall risk assessments when initiating antipsychotic treatment and recurrently for patients on long-term antipsychotic therapy.
</paragraph>
                     </text>
                     <effectiveTime value="20230712"/>
                  </section>
               </component>
               <component>
                  <section ID="s12">
                     <id root="386f0457-4c98-4659-8af4-24173c11ed64"/>
                     <code code="42229-5" codeSystem="2.16.840.1.113883.6.1" displayName="SPL UNCLASSIFIED SECTION"/>
                     <title>Others
</title>
                     <text>
                        <paragraph>The use of this drug may impair the mental and physical abilities required for driving a car or operating heavy machinery.
</paragraph>
                        <paragraph>Physicians should be alert to the possibility that severe adverse reactions may occur which require immediate medical attention.
</paragraph>
                        <paragraph>Potentiation of the effects of alcohol may occur with the use of this drug.
</paragraph>
                        <paragraph>Since there is no adequate experience in children who have received this drug, safety and efficacy in children have not been established.
</paragraph>
                     </text>
                     <effectiveTime value="20230712"/>
                  </section>
               </component>
               <component>
                  <section ID="s13">
                     <id root="0d2aa479-b159-403c-b57b-1d9cfdaec792"/>
                     <code code="42229-5" codeSystem="2.16.840.1.113883.6.1" displayName="SPL UNCLASSIFIED SECTION"/>
                     <title>Usage In Pregnancy
</title>
                     <text>
                        <paragraph>The safety for the use of this drug during pregnancy has not been established; therefore, the possible hazards should be weighed against the potential benefits when administering this drug to pregnant patients.
</paragraph>
                     </text>
                     <effectiveTime value="20230712"/>
                  </section>
               </component>
            </section>
         </component>
         <component>
            <section ID="s14">
               <id root="1118f294-366d-4ae3-9c9a-a54d0429873d"/>
               <code code="42232-9" codeSystem="2.16.840.1.113883.6.1" displayName="PRECAUTIONS SECTION"/>
               <title>PRECAUTIONS:
</title>
               <effectiveTime value="20230712"/>
               <component>
                  <section ID="s15">
                     <id root="1c9c833e-6e72-4937-80d4-27ee809dee9a"/>
                     <code code="34072-9" codeSystem="2.16.840.1.113883.6.1" displayName="GENERAL PRECAUTIONS SECTION"/>
                     <title>General
</title>
                     <text>
                        <paragraph>Because of the possibility of cross-sensitivity, fluphenazine decanoate should be used cautiously in patients who have developed cholestatic jaundice, dermatoses, or other allergic reactions to phenothiazine derivatives.
</paragraph>
                        <paragraph>Psychotic patients on large doses of a phenothiazine drug who are undergoing surgery should be watched carefully for possible hypotensive phenomena. Moreover, it should be remembered that reduced amounts of anesthetics or CNS depressants may be necessary.
</paragraph>
                        <paragraph>The effects of atropine may be potentiated in some patients receiving fluphenazine because of added anticholinergic effects.
</paragraph>
                        <paragraph>Fluphenazine decanoate should be used cautiously in patients exposed to extreme heat or phosphorus insecticides.
</paragraph>
                        <paragraph>The preparation should be used with caution in patients with a history of convulsive disorders, since grand mal convulsions have been known to occur.
</paragraph>
                        <paragraph>Use with caution in patients with special medical disorders such as mitral insufficiency or other cardiovascular disease and pheochromocytoma.
</paragraph>
                        <paragraph>The possibility of liver damage, pigmentary retinopathy, lenticular and corneal deposits, and development of irreversible dyskinesia should be remembered when patients are on prolonged therapy.
</paragraph>
                        <paragraph>Outside state hospitals or other psychiatric institutions, fluphenazine decanoate should be administered under the direction of a physician experienced in the clinical use of psychotropic drugs, particularly phenothiazine derivatives. Furthermore, facilities should be available for periodic checking of hepatic function, renal function, and the blood picture. Renal function of patients on long-term therapy should be monitored; if blood urea nitrogen (BUN) becomes abnormal, treatment should be discontinued.
</paragraph>
                        <paragraph>As with any phenothiazine, the physician should be alert to the possible development of “silent pneumonias” in patients under treatment with fluphenazine decanoate.
</paragraph>
                        <paragraph>Neuroleptic drugs elevate prolactin levels; the elevation persists during chronic administration. Tissue culture experiments indicate that approximately one-third of human breast cancers are prolactin dependent <content styleCode="italics">in vitro</content>, a factor of potential importance if the prescription of these drugs is contemplated in a patient with a previously detected breast cancer. Although disturbances such as galactorrhea, amenorrhea, gynecomastia, and impotence have been reported, the clinical significance of elevated serum prolactin levels is unknown for most patients. An increase in mammary neoplasms has been found in rodents after chronic administration of neuroleptic drugs. Neither clinical studies nor epidemiologic studies conducted to date, however, have shown an association between chronic administration of these drugs and mammary tumorigenesis; the available evidence is considered too limited to be conclusive at this time.
</paragraph>
                     </text>
                     <effectiveTime value="20230712"/>
                  </section>
               </component>
               <component>
                  <section ID="s16">
                     <id root="569b5ecc-11be-4acd-bdd1-b87f71a50616"/>
                     <code code="42228-7" codeSystem="2.16.840.1.113883.6.1" displayName="PREGNANCY SECTION"/>
                     <title>Pregnancy
</title>
                     <effectiveTime value="20230712"/>
                     <component>
                        <section ID="s17">
                           <id root="f2a72ed2-25f8-4f5c-a53f-2f79f9042711"/>
                           <code code="34078-6" codeSystem="2.16.840.1.113883.6.1" displayName="NONTERATOGENIC EFFECTS SECTION"/>
                           <title>Non-teratogenic Effects
</title>
                           <text>
                              <paragraph>Neonates exposed to antipsychotic drugs, during the third trimester of pregnancy are at risk for extrapyramidal and/or withdrawal symptoms following delivery. There have been reports of agitation, hypertonia, hypotonia, tremor, somnolence, respiratory distress and feeding disorder in these neonates. These complications have varied in severity; while in some cases symptoms have been self-limited, in other cases neonates have required intensive care unit support and prolonged hospitalization.
</paragraph>
                              <paragraph>Fluphenazine Decanoate should be used during pregnancy only if the potential benefit justifies the potential risk to the fetus.
</paragraph>
                           </text>
                           <effectiveTime value="20230712"/>
                        </section>
                     </component>
                  </section>
               </component>
               <component>
                  <section ID="s18">
                     <id root="af821525-3309-464f-8c80-e79845c2b5ba"/>
                     <code code="42229-5" codeSystem="2.16.840.1.113883.6.1" displayName="SPL UNCLASSIFIED SECTION"/>
                     <title>Leukopenia, Neutropenia and Agranulocytosis
</title>
                     <text>
                        <paragraph>In clinical trial and postmarketing experience, events of leukopenia/neutropenia and agranulocytosis have been reported temporally related to antipsychotic agents.
</paragraph>
                        <paragraph>Possible risk factors for leukopenia/neutropenia include pre-existing low white blood cell count (WBC) and history of drug induced leukopenia/neutropenia. Patients with a pre-existing low WBC or a history of drug induced leukopenia/neutropenia should have their complete blood count (CBC) monitored frequently during the first few months of therapy and should discontinue Fluphenazine Decanoate Injection, USP at the first sign of a decline in WBC in the absence of other causative factors.
</paragraph>
                        <paragraph>Patients with neutropenia should be carefully monitored for fever or other symptoms or signs of infection and treated promptly if such symptoms or signs occur. Patients with severe neutropenia (absolute neutrophil count &lt;1,000/mm³) should discontinue Fluphenazine Decanoate Injection, USP and have their WBC followed until recovery.
</paragraph>
                     </text>
                     <effectiveTime value="20230712"/>
                  </section>
               </component>
               <component>
                  <section ID="s19">
                     <id root="0d5dfbe2-2133-44d2-9e93-fb907e586a09"/>
                     <code code="34076-0" codeSystem="2.16.840.1.113883.6.1" displayName="INFORMATION FOR PATIENTS SECTION"/>
                     <title>Information for Patients
</title>
                     <text>
                        <paragraph>Given the likelihood that a substantial proportion of patients exposed chronically to neuroleptics will develop tardive dyskinesia, it is advised that all patients in whom chronic use is contemplated be given, if possible, full information about this risk. The decision to inform patients and/or their guardians must obviously take into account the clinical circumstances and the competency of the patient to understand the information provided.
</paragraph>
                     </text>
                     <effectiveTime value="20230712"/>
                  </section>
               </component>
            </section>
         </component>
         <component>
            <section ID="s20">
               <id root="3b01e221-8cea-4e2a-95c5-73acd8b6227f"/>
               <code code="34084-4" codeSystem="2.16.840.1.113883.6.1" displayName="ADVERSE REACTIONS SECTION"/>
               <title>ADVERSE REACTIONS:
</title>
               <effectiveTime value="20230712"/>
               <component>
                  <section ID="s21">
                     <id root="1e437647-06dc-4f49-a740-1102835025ed"/>
                     <code code="42229-5" codeSystem="2.16.840.1.113883.6.1" displayName="SPL UNCLASSIFIED SECTION"/>
                     <title>Central Nervous System
</title>
                     <text>
                        <paragraph>The side effects most frequently reported with phenothiazine compounds are extrapyramidal symptoms including pseudoparkinsonism, dystonia, dyskinesia, akathisia, oculogyric crises, opisthotonos, and hyperreflexia. Muscle rigidity sometimes accompanied by hyperthermia has been reported following use of fluphenazine decanoate. Most often these extrapyramidal symptoms are reversible; however, they may be persistent (see below). The frequency of such reactions is related in part to chemical structure: one can expect a higher incidence with fluphenazine decanoate than with less potent piperazine derivatives or with straight-chain phenothiazines such as chlorpromazine. With any given phenothiazine derivative, the incidence and severity of such reactions depend more on individual patient sensitivity than on other factors, but dosage level and patient age are also determinants.
</paragraph>
                        <paragraph>Extrapyramidal reactions may be alarming, and the patient should be forewarned and reassured. These reactions can usually be controlled by administration of antiparkinsonian drugs such as Benztropine Mesylate or Intravenous Caffeine and Sodium Benzoate Injection, and by subsequent reduction in dosage.
</paragraph>
                     </text>
                     <effectiveTime value="20230712"/>
                  </section>
               </component>
               <component>
                  <section ID="s22">
                     <id root="4cda6306-5566-4a17-8a45-9112ef70587a"/>
                     <code code="42229-5" codeSystem="2.16.840.1.113883.6.1" displayName="SPL UNCLASSIFIED SECTION"/>
                     <title>Tardive Dyskinesia
</title>
                     <text>
                        <paragraph>See <content styleCode="bold">
                              <linkHtml href="#s7">WARNINGS</linkHtml>
                           </content>. The syndrome is characterized by involuntary choreoathetoid movements which variously involve the tongue, face, mouth, lips, or jaw (e.g., protrusion of the tongue, puffing of cheeks, puckering of the mouth, chewing movements), trunk and extremities. The severity of the syndrome and the degree of impairment produced vary widely.
</paragraph>
                        <paragraph>The syndrome may become clinically recognizable either during treatment, upon dosage reduction, or upon withdrawal of treatment. Early detection of tardive dyskinesia is important. To increase the likelihood of detecting the syndrome at the earliest possible time, the dosage of the neuroleptic drug should be reduced periodically (if clinically possible) and the patient observed for signs of the disorder. This maneuver is critical, since neuroleptic drugs may mask the signs of the syndrome.
</paragraph>
                     </text>
                     <effectiveTime value="20230712"/>
                  </section>
               </component>
               <component>
                  <section ID="s23">
                     <id root="fd62ba88-bf76-4ed4-9a78-2b7180f4793d"/>
                     <code code="42229-5" codeSystem="2.16.840.1.113883.6.1" displayName="SPL UNCLASSIFIED SECTION"/>
                     <title>Other CNS Effects
</title>
                     <text>
                        <paragraph>Occurrences of neuroleptic malignant syndrome (NMS) have been reported in patients on neuroleptic therapy (see <content styleCode="bold italics">
                              <linkHtml href="#s10">WARNINGS, Neuroleptic Malignant Syndrome</linkHtml>
                           </content>); leukocytosis, elevated CPK, liver function abnormalities, and acute renal failure may also occur with NMS.
</paragraph>
                        <paragraph>Drowsiness or lethargy, if they occur, may necessitate a reduction in dosage; the induction of a catatonic-like state has been known to occur with dosages of fluphenazine far in excess of the recommended amounts. As with other phenothiazine compounds, reactivation or aggravation of psychotic processes may be encountered.
</paragraph>
                        <paragraph>Phenothiazine derivatives have been known to cause, in some patients, restlessness, excitement, or bizarre dreams.
</paragraph>
                     </text>
                     <effectiveTime value="20230712"/>
                  </section>
               </component>
               <component>
                  <section ID="s24">
                     <id root="c1320e65-843d-4e9b-8731-966602ca4456"/>
                     <code code="42229-5" codeSystem="2.16.840.1.113883.6.1" displayName="SPL UNCLASSIFIED SECTION"/>
                     <title>Autonomic Nervous System
</title>
                     <text>
                        <paragraph>Hypertension and fluctuations in blood pressure have been reported with fluphenazine.
</paragraph>
                        <paragraph>Hypotension has rarely presented a problem with fluphenazine. However, patients with pheochromocytoma, cerebral, vascular or renal insufficiency, or a severe cardiac reserve deficiency such as mitral insufficiency appear to be particularly prone to hypotensive reactions with phenothiazine compounds, and should therefore be observed closely when the drug is administered. If severe hypotension should occur, supportive measures including the use of intravenous vasopressor drugs should be instituted immediately. Norepinephrine Bitartrate Injection is the most suitable drug for this purpose: <content styleCode="bold">epinephrine should not be used</content> since phenothiazine derivatives have been found to reverse its action, resulting in a further lowering of blood pressure.
</paragraph>
                        <paragraph>Autonomic reactions including nausea and loss of appetite, salivation, polyuria, perspiration, dry mouth, headache, and constipation may occur. Autonomic effects can usually be controlled by reducing or temporarily discontinuing dosage.
</paragraph>
                        <paragraph>In some patients, phenothiazine derivatives have caused blurred vision, glaucoma, bladder paralysis, fecal impaction, paralytic ileus, tachycardia, or nasal congestion.
</paragraph>
                     </text>
                     <effectiveTime value="20230712"/>
                  </section>
               </component>
               <component>
                  <section ID="s25">
                     <id root="63ab474e-719d-41a6-bdf0-9287a8206807"/>
                     <code code="42229-5" codeSystem="2.16.840.1.113883.6.1" displayName="SPL UNCLASSIFIED SECTION"/>
                     <title>Metabolic and Endocrine
</title>
                     <text>
                        <paragraph>Weight change, peripheral edema, abnormal lactation, gynecomastia, menstrual irregularities, false results on pregnancy tests, impotency in men and increased libido in women have all been known to occur in some patients on phenothiazine therapy.
</paragraph>
                     </text>
                     <effectiveTime value="20230712"/>
                  </section>
               </component>
               <component>
                  <section ID="s26">
                     <id root="1e6a2520-1fca-4f98-bd2e-cffbceaef20f"/>
                     <code code="42229-5" codeSystem="2.16.840.1.113883.6.1" displayName="SPL UNCLASSIFIED SECTION"/>
                     <title>Allergic Reactions
</title>
                     <text>
                        <paragraph>Skin disorders such as itching, erythema, urticaria, seborrhea, photosensitivity, eczema and even exfoliative dermatitis have been reported with phenothiazine derivatives. The possibility of anaphylactoid reactions occurring in some patients should be borne in mind.
</paragraph>
                     </text>
                     <effectiveTime value="20230712"/>
                  </section>
               </component>
               <component>
                  <section ID="s27">
                     <id root="63dfb58c-f96a-4474-8f65-e866978c8c24"/>
                     <code code="42229-5" codeSystem="2.16.840.1.113883.6.1" displayName="SPL UNCLASSIFIED SECTION"/>
                     <title>Hematologic
</title>
                     <text>
                        <paragraph>Routine blood counts are advisable during therapy since blood dyscrasias including leukopenia, agranulocytosis, thrombocytopenic or nonthrombocytopenic purpura, eosinophilia, and pancytopenia have been observed with phenothiazine derivatives. Furthermore, if any soreness of the mouth, gums, or throat, or any symptoms of upper respiratory infection occur and confirmatory leukocyte count indicates cellular depression, therapy should be discontinued and other appropriate measures instituted immediately.
</paragraph>
                     </text>
                     <effectiveTime value="20230712"/>
                  </section>
               </component>
               <component>
                  <section ID="s28">
                     <id root="d2e9d6f9-be46-4246-826d-806d96c3fd75"/>
                     <code code="42229-5" codeSystem="2.16.840.1.113883.6.1" displayName="SPL UNCLASSIFIED SECTION"/>
                     <title>Hepatic
</title>
                     <text>
                        <paragraph>Liver damage as manifested by cholestatic jaundice may be encountered, particularly during the first months of therapy; treatment should be discontinued if this occurs. An increase in cephalin flocculation, sometimes accompanied by alterations in other liver function tests, has been reported in patients receiving the enanthate ester of fluphenazine (a closely related compound) who have had no clinical evidence of liver damage.
</paragraph>
                     </text>
                     <effectiveTime value="20230712"/>
                  </section>
               </component>
               <component>
                  <section ID="s29">
                     <id root="61ccf880-81fa-42e2-91d5-0a4371355bb5"/>
                     <code code="42229-5" codeSystem="2.16.840.1.113883.6.1" displayName="SPL UNCLASSIFIED SECTION"/>
                     <title>Others
</title>
                     <text>
                        <paragraph>Sudden, unexpected and unexplained deaths have been reported in hospitalized psychotic patients receiving phenothiazines. Previous brain damage or seizures may be predisposing factors; high doses should be avoided in known seizure patients. Several patients have shown sudden flare-ups of psychotic behavior patterns shortly before death. Autopsy findings have usually revealed acute fulminating pneumonia or pneumonitis, aspiration of gastric contents, or intramyocardial lesions.
</paragraph>
                        <paragraph>Although this is not a general feature of fluphenazine, potentiation of CNS depressants (opiates, analgesics, antihistamines, barbiturates, alcohol) may occur.
</paragraph>
                        <paragraph>The following adverse reactions have also occurred with phenothiazine derivatives: Systemic lupus erythematosus-like syndrome, hypotension severe enough to cause fatal cardiac arrest, altered electrocardiographic and electroencephalographic tracings, altered cerebrospinal fluid proteins, cerebral edema, asthma, laryngeal edema, and angioneurotic edema; with long-term use, skin pigmentation, and lenticular and corneal opacities.
</paragraph>
                        <paragraph>Injections of fluphenazine decanoate are extremely well tolerated, local tissue reactions occurring only rarely.
</paragraph>
                        <paragraph>
                           <content styleCode="bold">To report SUSPECTED ADVERSE REACTIONS, contact Sagent Pharmaceuticals at 1-866-625-1618 or FDA at 1-800-FDA-1088 or </content>
                           <content styleCode="bold underline">www.fda.gov/medwatch</content>
                           <content styleCode="bold">.</content>
                        </paragraph>
                     </text>
                     <effectiveTime value="20230712"/>
                  </section>
               </component>
            </section>
         </component>
         <component>
            <section ID="s30">
               <id root="e789d0e1-d559-462a-9dd0-21d9b44d5193"/>
               <code code="34068-7" codeSystem="2.16.840.1.113883.6.1" displayName="DOSAGE &amp; ADMINISTRATION SECTION"/>
               <title>DOSAGE AND ADMINISTRATION:
</title>
               <text>
                  <paragraph>Fluphenazine Decanoate Injection may be given IM or SC. A dry syringe and needle of at least 21 gauge should be used. Use of a wet needle or syringe may cause the solution to become cloudy.
</paragraph>
                  <paragraph>To begin therapy with Fluphenazine Decanoate Injection, the following regimens are suggested:
</paragraph>
                  <paragraph>
                     <content styleCode="italics">For most patients,</content> a dose of 12.5 to 25 mg (0.5 to 1 mL) may be given to initiate therapy. The onset of action generally appears between 24 and 72 hours after injection and the effects of the drug on psychotic symptoms becomes significant within 48 to 96 hours. Subsequent injections and the dosage interval are determined in accordance with the patient's response. When administered as maintenance therapy, a single injection may be effective in controlling schizophrenic symptoms up to four weeks or longer. The response to a single dose has been found to last as long as six weeks in a few patients on maintenance therapy.
</paragraph>
                  <paragraph>It may be advisable that patients who have no history of taking phenothiazines should be treated initially with a shorter-acting form of fluphenazine before administering the decanoate to determine the patient's response to fluphenazine and to establish appropriate dosage. For psychotic patients who have been stabilized on a fixed daily dosage of Fluphenazine Hydrochloride Tablets, USP or Fluphenazine Hydrochloride Elixir, USP conversion of therapy from these short-acting oral forms to the long-acting Fluphenazine Decanoate Injection may be indicated.
</paragraph>
                  <paragraph>Appropriate dosage of Fluphenazine Decanoate Injection should be individualized for each patient and responses carefully monitored. No precise formula can be given to convert to use of Fluphenazine Decanoate Injection; however, a controlled multicentered study,* in patients receiving oral doses from 5 to 60 mg fluphenazine hydrochloride daily, showed that 20 mg fluphenazine hydrochloride daily was equivalent to 25 mg (1 mL) of Fluphenazine Decanoate Injection every three weeks. This represents an approximate conversion ratio of 12.5 mg (0.5 mL) of decanoate every three weeks for every 10 mg of fluphenazine hydrochloride daily.
</paragraph>
                  <paragraph>Once conversion to Fluphenazine Decanoate Injection is made, careful clinical monitoring of the patient and appropriate dosage adjustment should be made at the time of each injection.
</paragraph>
                  <paragraph>
                     <content styleCode="italics">Severely agitated patients</content> may be treated initially with a rapid-acting phenothiazine compound such as Fluphenazine Hydrochloride Injection — (see Package Insert accompanying that product for complete information). When acute symptoms have subsided, 25 mg (1 mL) of Fluphenazine Decanoate Injection may be administered; subsequent dosage is adjusted as necessary.
</paragraph>
                  <paragraph>
                     <content styleCode="italics">‘‘Poor risk'' patients</content> (those with known hypersensitivity to phenothiazines, or with disorders that predispose to undue reactions): Therapy may be initiated cautiously with oral or parenteral fluphenazine hydrochloride (see Package Inserts accompanying these products for complete information). When the pharmacologic effects and an appropriate dosage are apparent, an equivalent dose of fluphenazine decanoate may be administered. Subsequent dosage adjustments are made in accordance with the response of the patient.
</paragraph>
                  <paragraph>The optimal amount of the drug and the frequency of administration must be determined for each patient, since dosage requirements have been found to vary with clinical circumstances as well as with individual response to the drug.
</paragraph>
                  <paragraph>Dosage should not exceed 100 mg. If doses greater than 50 mg are deemed necessary, the next dose and succeeding doses should be increased cautiously in increments of 12.5 mg.
</paragraph>
                  <paragraph>Parenteral drug products should be inspected visually for particulate matter and discoloration prior to administration, whenever solution and container permit.
</paragraph>
               </text>
               <effectiveTime value="20230712"/>
            </section>
         </component>
         <component>
            <section ID="s31">
               <id root="e428fb10-3f1a-49a7-9967-6c4da138db92"/>
               <code code="34069-5" codeSystem="2.16.840.1.113883.6.1" displayName="HOW SUPPLIED SECTION"/>
               <title>HOW SUPPLIED:
</title>
               <text>
                  <paragraph>Fluphenazine Decanoate Injection, USP is supplied in flip-top vials as follows:
</paragraph>
                  <table width="100%" styleCode="Noautorules">
                     <col width="18.567%" align="left"/>
                     <col width="60.300%" align="left"/>
                     <col width="21.133%" align="left"/>
                     <tbody>
                        <tr>
                           <td align="justify" valign="top">
                              <content styleCode="bold">NDC</content>
                           </td>
                           <td align="justify" valign="top">
                              <content styleCode="bold">Fluphenazine Decanoate Injection, USP (25 mg per mL)</content>
                           </td>
                           <td align="justify" valign="top">
                              <content styleCode="bold">Package Factor</content>
                           </td>
                        </tr>
                        <tr>
                           <td align="justify" valign="top">25021-838-05
</td>
                           <td align="justify" valign="top">125 mg per 5 mL Multi-Dose Vial
</td>
                           <td align="justify" valign="top">1 vial per carton
</td>
                        </tr>
                     </tbody>
                  </table>
               </text>
               <effectiveTime value="20230712"/>
               <component>
                  <section ID="s32">
                     <id root="635f7c98-3caa-4fbb-8e22-97b623b255bc"/>
                     <code code="44425-7" codeSystem="2.16.840.1.113883.6.1" displayName="STORAGE AND HANDLING SECTION"/>
                     <title>Storage Conditions
</title>
                     <text>
                        <paragraph>Store at 20º to 25ºC (68º to 77ºF); excursions permitted to 15° to 30°C (59° to 86°F). [See USP Controlled Room Temperature.]
</paragraph>
                        <paragraph>Protect from light (keep in outer carton).
</paragraph>
                        <paragraph>
                           <content styleCode="bold">Sterile, Nonpyrogenic.<br/>The container closure is not made with natural rubber latex.</content>
                        </paragraph>
                        <paragraph>* Schooler, N.R.: The Initiation of Long-Term Pharmacotherapy in Schizophrenia: Dosage and Side Effect Comparisons between Oral and Depot Fluphenazine Pharmakopsych. 9:159-169, 1976.
</paragraph>
                        <paragraph>SAGENT<sup>®</sup>
                           <br/>Mfd. for SAGENT Pharmaceuticals<br/>Schaumburg, IL 60195 (USA)<br/>Made in India<br/>©2023 Sagent Pharmaceuticals
</paragraph>
                        <paragraph>June 2023
</paragraph>
                        <paragraph>SAGENT Pharmaceuticals <sup>®</sup>
                        </paragraph>
                     </text>
                     <effectiveTime value="20230712"/>
                  </section>
               </component>
            </section>
         </component>
         <component>
            <section ID="s33">
               <id root="7e08ae3b-7456-438b-9c57-b645c8c518a4"/>
               <code code="51945-4" codeSystem="2.16.840.1.113883.6.1" displayName="PACKAGE LABEL.PRINCIPAL DISPLAY PANEL"/>
               <text>
                  <paragraph>PACKAGE LABEL – PRINCIPAL DISPLAY PANEL – Vial Label
</paragraph>
                  <paragraph>NDC 25021-838-05
</paragraph>
                  <paragraph>Rx only
</paragraph>
                  <paragraph>Fluphenazine Decanoate Injection, USP
</paragraph>
                  <paragraph>125 mg per 5 mL
</paragraph>
                  <paragraph>(25 mg per mL)
</paragraph>
                  <paragraph>For Intramuscular or Subcutaneous Use
</paragraph>
                  <paragraph>5 mL Multi-Dose Vial
</paragraph>
                  <renderMultiMedia ID="f02" referencedObject="mm02"/>
               </text>
               <effectiveTime value="20230712"/>
               <component>
                  <observationMedia ID="mm02">
                     <text>PACKAGE LABEL – PRINCIPAL DISPLAY PANEL – Vial Label
</text>
                     <value xsi:type="ED" mediaType="image/jpeg">
                        <reference value="flu2q-0000-02.jpg"/>
                     </value>
                  </observationMedia>
               </component>
            </section>
         </component>
      </structuredBody>
   </component>
</document>