<?xml version="1.0" encoding="UTF-8"?><?xml-stylesheet href="https://www.accessdata.fda.gov/spl/stylesheet/spl.xsl" type="text/xsl"?>
<document xmlns:xsi="http://www.w3.org/2001/XMLSchema-instance" xmlns="urn:hl7-org:v3" xsi:schemaLocation="urn:hl7-org:v3 https://www.accessdata.fda.gov/spl/schema/spl.xsd">
   <id root="fe89ee54-4067-df4e-e053-6394a90aa1e4"/>
   <code code="34391-3" codeSystem="2.16.840.1.113883.6.1" displayName="HUMAN PRESCRIPTION DRUG LABEL"/>
   <title>Timolol Maleate Ophthalmic Solution, USP
 <br/>
      <br/>
0.25% and 0.5%
 <br/>
      <br/>
Rx Only
</title>
   <effectiveTime value="20230620"/>
   <setId root="6c9f3971-8c07-4d3a-915d-76438baa2a0b"/>
   <versionNumber value="3"/>
   <author>
      <time/>
      <assignedEntity>
         <representedOrganization>
            <id root="1.3.6.1.4.1.519.1" extension="862174955"/>
            <name>Micro Labs Limited</name>
            <assignedEntity>
               <assignedOrganization>
                  <assignedEntity>
                     <assignedOrganization>
                        <id root="1.3.6.1.4.1.519.1" extension="677600482"/>
                        <name>Micro Labs Limited</name>
                     </assignedOrganization>
                     <performance>
                        <actDefinition>
                           <code code="C25391" displayName="analysis" codeSystem="2.16.840.1.113883.3.26.1.1"/>
                           <product>
                              <manufacturedProduct classCode="MANU">
                                 <manufacturedMaterialKind>
                                    <code code="42571-403" codeSystem="2.16.840.1.113883.6.69"/>
                                 </manufacturedMaterialKind>
                              </manufacturedProduct>
                           </product>
                        </actDefinition>
                     </performance>
                     <performance>
                        <actDefinition>
                           <code code="C25391" displayName="analysis" codeSystem="2.16.840.1.113883.3.26.1.1"/>
                           <product>
                              <manufacturedProduct classCode="MANU">
                                 <manufacturedMaterialKind>
                                    <code code="42571-404" codeSystem="2.16.840.1.113883.6.69"/>
                                 </manufacturedMaterialKind>
                              </manufacturedProduct>
                           </product>
                        </actDefinition>
                     </performance>
                     <performance>
                        <actDefinition>
                           <code code="C84732" displayName="label" codeSystem="2.16.840.1.113883.3.26.1.1"/>
                           <product>
                              <manufacturedProduct classCode="MANU">
                                 <manufacturedMaterialKind>
                                    <code code="42571-403" codeSystem="2.16.840.1.113883.6.69"/>
                                 </manufacturedMaterialKind>
                              </manufacturedProduct>
                           </product>
                        </actDefinition>
                     </performance>
                     <performance>
                        <actDefinition>
                           <code code="C84732" displayName="label" codeSystem="2.16.840.1.113883.3.26.1.1"/>
                           <product>
                              <manufacturedProduct classCode="MANU">
                                 <manufacturedMaterialKind>
                                    <code code="42571-404" codeSystem="2.16.840.1.113883.6.69"/>
                                 </manufacturedMaterialKind>
                              </manufacturedProduct>
                           </product>
                        </actDefinition>
                     </performance>
                     <performance>
                        <actDefinition>
                           <code code="C43360" displayName="manufacture" codeSystem="2.16.840.1.113883.3.26.1.1"/>
                           <product>
                              <manufacturedProduct classCode="MANU">
                                 <manufacturedMaterialKind>
                                    <code code="42571-403" codeSystem="2.16.840.1.113883.6.69"/>
                                 </manufacturedMaterialKind>
                              </manufacturedProduct>
                           </product>
                        </actDefinition>
                     </performance>
                     <performance>
                        <actDefinition>
                           <code code="C43360" displayName="manufacture" codeSystem="2.16.840.1.113883.3.26.1.1"/>
                           <product>
                              <manufacturedProduct classCode="MANU">
                                 <manufacturedMaterialKind>
                                    <code code="42571-404" codeSystem="2.16.840.1.113883.6.69"/>
                                 </manufacturedMaterialKind>
                              </manufacturedProduct>
                           </product>
                        </actDefinition>
                     </performance>
                     <performance>
                        <actDefinition>
                           <code code="C84731" displayName="pack" codeSystem="2.16.840.1.113883.3.26.1.1"/>
                           <product>
                              <manufacturedProduct classCode="MANU">
                                 <manufacturedMaterialKind>
                                    <code code="42571-403" codeSystem="2.16.840.1.113883.6.69"/>
                                 </manufacturedMaterialKind>
                              </manufacturedProduct>
                           </product>
                        </actDefinition>
                     </performance>
                     <performance>
                        <actDefinition>
                           <code code="C84731" displayName="pack" codeSystem="2.16.840.1.113883.3.26.1.1"/>
                           <product>
                              <manufacturedProduct classCode="MANU">
                                 <manufacturedMaterialKind>
                                    <code code="42571-404" codeSystem="2.16.840.1.113883.6.69"/>
                                 </manufacturedMaterialKind>
                              </manufacturedProduct>
                           </product>
                        </actDefinition>
                     </performance>
                  </assignedEntity>
               </assignedOrganization>
            </assignedEntity>
         </representedOrganization>
      </assignedEntity>
   </author>
   <component>
      <structuredBody>
         <component>
            <section>
               <id root="fe8b0b96-2a74-25b1-e053-6294a90a4456"/>
               <code code="48780-1" codeSystem="2.16.840.1.113883.6.1" displayName="SPL product data elements section"/>
               <effectiveTime value="20230620"/>
               <subject>
                  <manufacturedProduct>
                     <manufacturedProduct>
                        <code code="42571-403" codeSystem="2.16.840.1.113883.6.69"/>
                        <name>Timolol Maleate</name>
                        <formCode code="C60992" codeSystem="2.16.840.1.113883.3.26.1.1" displayName="SOLUTION/ DROPS"/>
                        <asEntityWithGeneric>
                           <genericMedicine>
                              <name>Timolol Maleate Ophthalmic</name>
                           </genericMedicine>
                        </asEntityWithGeneric>
                        <ingredient classCode="IACT">
                           <ingredientSubstance>
                              <code code="5QWK665956" codeSystem="2.16.840.1.113883.4.9"/>
                              <name>SODIUM PHOSPHATE, MONOBASIC, DIHYDRATE</name>
                           </ingredientSubstance>
                        </ingredient>
                        <ingredient classCode="IACT">
                           <ingredientSubstance>
                              <code code="E1W4N241FO" codeSystem="2.16.840.1.113883.4.9"/>
                              <name>SODIUM PHOSPHATE, DIBASIC, DODECAHYDRATE</name>
                           </ingredientSubstance>
                        </ingredient>
                        <ingredient classCode="IACT">
                           <ingredientSubstance>
                              <code code="55X04QC32I" codeSystem="2.16.840.1.113883.4.9"/>
                              <name>SODIUM HYDROXIDE</name>
                           </ingredientSubstance>
                        </ingredient>
                        <ingredient classCode="IACT">
                           <ingredientSubstance>
                              <code code="059QF0KO0R" codeSystem="2.16.840.1.113883.4.9"/>
                              <name>WATER</name>
                           </ingredientSubstance>
                        </ingredient>
                        <ingredient classCode="IACT">
                           <ingredientSubstance>
                              <code code="F5UM2KM3W7" codeSystem="2.16.840.1.113883.4.9"/>
                              <name>BENZALKONIUM CHLORIDE</name>
                           </ingredientSubstance>
                        </ingredient>
                        <ingredient classCode="ACTIM">
                           <quantity>
                              <numerator unit="mg" value="2.5"/>
                              <denominator unit="mL" value="1"/>
                           </quantity>
                           <ingredientSubstance>
                              <code code="P8Y54F701R" codeSystem="2.16.840.1.113883.4.9"/>
                              <name>TIMOLOL MALEATE</name>
                              <activeMoiety>
                                 <activeMoiety>
                                    <code code="5JKY92S7BR" codeSystem="2.16.840.1.113883.4.9"/>
                                    <name>TIMOLOL ANHYDROUS</name>
                                 </activeMoiety>
                              </activeMoiety>
                           </ingredientSubstance>
                        </ingredient>
                        <asContent>
                           <quantity>
                              <numerator value="5" unit="mL"/>
                              <denominator value="1"/>
                           </quantity>
                           <containerPackagedProduct>
                              <code code="42571-403-21" codeSystem="2.16.840.1.113883.6.69"/>
                              <formCode code="C43169" codeSystem="2.16.840.1.113883.3.26.1.1" displayName="BOTTLE"/>
                           </containerPackagedProduct>
                           <subjectOf>
                              <characteristic>
                                 <code code="SPLCMBPRDTP" codeSystem="2.16.840.1.113883.1.11.19255"/>
                                 <value code="C112160" codeSystem="2.16.840.1.113883.3.26.1.1" displayName="Type 0: Not a Combination Product" xsi:type="CV"/>
                              </characteristic>
                           </subjectOf>
                           <subjectOf>
                              <marketingAct>
                                 <code code="C53292" codeSystem="2.16.840.1.113883.3.26.1.1"/>
                                 <statusCode code="active"/>
                                 <effectiveTime>
                                    <low value="20230801"/>
                                 </effectiveTime>
                              </marketingAct>
                           </subjectOf>
                        </asContent>
                        <asContent>
                           <quantity>
                              <numerator value="10" unit="mL"/>
                              <denominator value="1"/>
                           </quantity>
                           <containerPackagedProduct>
                              <code code="42571-403-88" codeSystem="2.16.840.1.113883.6.69"/>
                              <formCode code="C43169" codeSystem="2.16.840.1.113883.3.26.1.1" displayName="BOTTLE"/>
                           </containerPackagedProduct>
                           <subjectOf>
                              <characteristic>
                                 <code code="SPLCMBPRDTP" codeSystem="2.16.840.1.113883.1.11.19255"/>
                                 <value code="C112160" codeSystem="2.16.840.1.113883.3.26.1.1" displayName="Type 0: Not a Combination Product" xsi:type="CV"/>
                              </characteristic>
                           </subjectOf>
                           <subjectOf>
                              <marketingAct>
                                 <code code="C53292" codeSystem="2.16.840.1.113883.3.26.1.1"/>
                                 <statusCode code="active"/>
                                 <effectiveTime>
                                    <low value="20230801"/>
                                 </effectiveTime>
                              </marketingAct>
                           </subjectOf>
                        </asContent>
                     </manufacturedProduct>
                     <subjectOf>
                        <approval>
                           <id extension="ANDA217343" root="2.16.840.1.113883.3.150"/>
                           <code code="C73584" codeSystem="2.16.840.1.113883.3.26.1.1" displayName="ANDA"/>
                           <author>
                              <territorialAuthority>
                                 <territory>
                                    <code code="USA" codeSystem="2.16.840.1.113883.5.28"/>
                                 </territory>
                              </territorialAuthority>
                           </author>
                        </approval>
                     </subjectOf>
                     <subjectOf>
                        <marketingAct>
                           <code code="C53292" codeSystem="2.16.840.1.113883.3.26.1.1"/>
                           <statusCode code="active"/>
                           <effectiveTime>
                              <low value="20230801"/>
                           </effectiveTime>
                        </marketingAct>
                     </subjectOf>
                     <consumedIn>
                        <substanceAdministration>
                           <routeCode code="C38287" codeSystem="2.16.840.1.113883.3.26.1.1" displayName="OPHTHALMIC"/>
                        </substanceAdministration>
                     </consumedIn>
                  </manufacturedProduct>
               </subject>
               <subject>
                  <manufacturedProduct>
                     <manufacturedProduct>
                        <code code="42571-404" codeSystem="2.16.840.1.113883.6.69"/>
                        <name>Timolol Maleate</name>
                        <formCode code="C60992" codeSystem="2.16.840.1.113883.3.26.1.1" displayName="SOLUTION/ DROPS"/>
                        <asEntityWithGeneric>
                           <genericMedicine>
                              <name>Timolol Maleate Ophthalmic</name>
                           </genericMedicine>
                        </asEntityWithGeneric>
                        <ingredient classCode="IACT">
                           <ingredientSubstance>
                              <code code="5QWK665956" codeSystem="2.16.840.1.113883.4.9"/>
                              <name>SODIUM PHOSPHATE, MONOBASIC, DIHYDRATE</name>
                           </ingredientSubstance>
                        </ingredient>
                        <ingredient classCode="IACT">
                           <ingredientSubstance>
                              <code code="E1W4N241FO" codeSystem="2.16.840.1.113883.4.9"/>
                              <name>SODIUM PHOSPHATE, DIBASIC, DODECAHYDRATE</name>
                           </ingredientSubstance>
                        </ingredient>
                        <ingredient classCode="IACT">
                           <ingredientSubstance>
                              <code code="55X04QC32I" codeSystem="2.16.840.1.113883.4.9"/>
                              <name>SODIUM HYDROXIDE</name>
                           </ingredientSubstance>
                        </ingredient>
                        <ingredient classCode="IACT">
                           <ingredientSubstance>
                              <code code="059QF0KO0R" codeSystem="2.16.840.1.113883.4.9"/>
                              <name>WATER</name>
                           </ingredientSubstance>
                        </ingredient>
                        <ingredient classCode="IACT">
                           <ingredientSubstance>
                              <code code="F5UM2KM3W7" codeSystem="2.16.840.1.113883.4.9"/>
                              <name>BENZALKONIUM CHLORIDE</name>
                           </ingredientSubstance>
                        </ingredient>
                        <ingredient classCode="ACTIM">
                           <quantity>
                              <numerator unit="mg" value="5"/>
                              <denominator unit="mL" value="1"/>
                           </quantity>
                           <ingredientSubstance>
                              <code code="P8Y54F701R" codeSystem="2.16.840.1.113883.4.9"/>
                              <name>TIMOLOL MALEATE</name>
                              <activeMoiety>
                                 <activeMoiety>
                                    <code code="5JKY92S7BR" codeSystem="2.16.840.1.113883.4.9"/>
                                    <name>TIMOLOL ANHYDROUS</name>
                                 </activeMoiety>
                              </activeMoiety>
                           </ingredientSubstance>
                        </ingredient>
                        <asContent>
                           <quantity>
                              <numerator value="5" unit="mL"/>
                              <denominator value="1"/>
                           </quantity>
                           <containerPackagedProduct>
                              <code code="42571-404-21" codeSystem="2.16.840.1.113883.6.69"/>
                              <formCode code="C43169" codeSystem="2.16.840.1.113883.3.26.1.1" displayName="BOTTLE"/>
                           </containerPackagedProduct>
                           <subjectOf>
                              <characteristic>
                                 <code code="SPLCMBPRDTP" codeSystem="2.16.840.1.113883.1.11.19255"/>
                                 <value code="C112160" codeSystem="2.16.840.1.113883.3.26.1.1" displayName="Type 0: Not a Combination Product" xsi:type="CV"/>
                              </characteristic>
                           </subjectOf>
                           <subjectOf>
                              <marketingAct>
                                 <code code="C53292" codeSystem="2.16.840.1.113883.3.26.1.1"/>
                                 <statusCode code="active"/>
                                 <effectiveTime>
                                    <low value="20230801"/>
                                 </effectiveTime>
                              </marketingAct>
                           </subjectOf>
                        </asContent>
                        <asContent>
                           <quantity>
                              <numerator value="10" unit="mL"/>
                              <denominator value="1"/>
                           </quantity>
                           <containerPackagedProduct>
                              <code code="42571-404-88" codeSystem="2.16.840.1.113883.6.69"/>
                              <formCode code="C43169" codeSystem="2.16.840.1.113883.3.26.1.1" displayName="BOTTLE"/>
                           </containerPackagedProduct>
                           <subjectOf>
                              <characteristic>
                                 <code code="SPLCMBPRDTP" codeSystem="2.16.840.1.113883.1.11.19255"/>
                                 <value code="C112160" codeSystem="2.16.840.1.113883.3.26.1.1" displayName="Type 0: Not a Combination Product" xsi:type="CV"/>
                              </characteristic>
                           </subjectOf>
                           <subjectOf>
                              <marketingAct>
                                 <code code="C53292" codeSystem="2.16.840.1.113883.3.26.1.1"/>
                                 <statusCode code="active"/>
                                 <effectiveTime>
                                    <low value="20230801"/>
                                 </effectiveTime>
                              </marketingAct>
                           </subjectOf>
                        </asContent>
                     </manufacturedProduct>
                     <subjectOf>
                        <approval>
                           <id extension="ANDA217343" root="2.16.840.1.113883.3.150"/>
                           <code code="C73584" codeSystem="2.16.840.1.113883.3.26.1.1" displayName="ANDA"/>
                           <author>
                              <territorialAuthority>
                                 <territory>
                                    <code code="USA" codeSystem="2.16.840.1.113883.5.28"/>
                                 </territory>
                              </territorialAuthority>
                           </author>
                        </approval>
                     </subjectOf>
                     <subjectOf>
                        <marketingAct>
                           <code code="C53292" codeSystem="2.16.840.1.113883.3.26.1.1"/>
                           <statusCode code="active"/>
                           <effectiveTime>
                              <low value="20230801"/>
                           </effectiveTime>
                        </marketingAct>
                     </subjectOf>
                     <consumedIn>
                        <substanceAdministration>
                           <routeCode code="C38287" codeSystem="2.16.840.1.113883.3.26.1.1" displayName="OPHTHALMIC"/>
                        </substanceAdministration>
                     </consumedIn>
                  </manufacturedProduct>
               </subject>
            </section>
         </component>
         <component>
            <section ID="Section_1">
               <id root="fe89ee54-4068-df4e-e053-6394a90aa1e4"/>
               <code code="34089-3" codeSystem="2.16.840.1.113883.6.1" displayName="DESCRIPTION SECTION"/>
               <title>DESCRIPTION</title>
               <text>
                  <paragraph>Timolol maleate ophthalmic solution, USP is a non-selective beta-adrenergic receptor blocking agent. Its chemical name is (-)-1-(tert-butylamino)-3-[(4-morpholino-1,2,5-thiadiazol-3-yl)oxy]-2-propanol maleate (1:1) (salt). Timolol maleate possesses an asymmetric carbon atom in its structure and is provided as the levo-isomer. The optical rotation of timolol maleate is:</paragraph>
                  <paragraph/>
                  <paragraph/>
                  <paragraph>
                     <renderMultiMedia referencedObject="MM1"/>
                  </paragraph>
                  <paragraph/>
                  <paragraph/>
                  <paragraph/>
                  <paragraph/>
                  <paragraph>Its molecular formula is C 
  <sub>13</sub>H 
  <sub>24</sub>N 
  <sub>4</sub>O 
  <sub>3</sub>S•C 
  <sub>4</sub>H 
  <sub>4</sub>O 
  <sub>4</sub> and its structural formula is:
 </paragraph>
                  <paragraph/>
                  <paragraph/>
                  <paragraph/>
                  <paragraph/>
                  <paragraph>
                     <renderMultiMedia referencedObject="MM2"/>
                  </paragraph>
                  <paragraph/>
                  <paragraph/>
                  <paragraph/>
                  <paragraph/>
                  <paragraph>Timolol maleate has a molecular weight of 432.50. It is a white, odorless, crystalline powder which is soluble in water; sparingly soluble in ethanol; slightly soluble in chloroform; practically insoluble in ether. Timolol maleate ophthalmic solution is stable at room temperature.</paragraph>
                  <paragraph/>
                  <paragraph/>
                  <paragraph/>
                  <paragraph/>
                  <paragraph>Timolol Maleate Ophthalmic Solution, USP is supplied as a sterile, isotonic, buffered, aqueous solution of timolol maleate in two dosage strengths. Each mL of timolol maleate ophthalmic solution USP, 0.25% contains 2.5 mg of timolol (3.4 mg of timolol maleate). The pH of the solution is between 6.5 and 7.5, and the osmolality is 260 to 340 mOsm/kg. Each mL of timolol maleate ophthalmic solution USP, 0.5% contains 5 mg of timolol (6.8 mg of timolol maleate). Inactive ingredients: monobasic and dibasic sodium phosphate, sodium hydroxide to adjust pH, and water for injection. Benzalkonium chloride 0.01% is added as preservative.</paragraph>
                  <paragraph/>
                  <paragraph/>
               </text>
               <effectiveTime value="20230529"/>
               <component>
                  <observationMedia ID="MM1">
                     <text>timololmaleate-fig.jpg</text>
                     <value mediaType="image/jpeg" xsi:type="ED">
                        <reference value="timololmaleate-fig.jpg"/>
                     </value>
                  </observationMedia>
               </component>
               <component>
                  <observationMedia ID="MM2">
                     <text>timololmaleate-stru.jpg</text>
                     <value mediaType="image/jpeg" xsi:type="ED">
                        <reference value="timololmaleate-stru.jpg"/>
                     </value>
                  </observationMedia>
               </component>
            </section>
         </component>
         <component>
            <section ID="Section_2">
               <id root="fcd0cc66-54a1-a453-e053-6394a90aea85"/>
               <code code="34090-1" codeSystem="2.16.840.1.113883.6.1" displayName="CLINICAL PHARMACOLOGY SECTION"/>
               <title>CLINICAL PHARMACOLOGY</title>
               <text>
                  <paragraph>
                     <content styleCode="bold">Mechanism of Action</content>
                     <br/>
                     <br/> Timolol maleate is a beta1 and beta2 (non-selective) adrenergic receptor blocking agent that does not have significant intrinsic sympathomimetic, direct myocardial depressant, or local anesthetic (membrane-stabilizing) activity. 
       
 
  <br/>
                     <br/> Beta-adrenergic receptor blockade reduces cardiac output in both healthy subjects and patients with heart disease. In patients with severe impairment of myocardial function, beta-adrenergic receptor blockade may inhibit the stimulatory effect of the sympathetic nervous system necessary to maintain adequate cardiac function. 
       
 
  <br/>
                     <br/> Beta-adrenergic receptor blockade in the bronchi and bronchioles results in increased airway resistance from unopposed parasympathetic activity. Such an effect in patients with asthma or other bronchospastic conditions is potentially dangerous. 
       
 
  <br/>
                     <br/> Timolol maleate ophthalmic solution, when applied topically on the eye, has the action of reducing elevated as well as normal intraocular pressure, whether or not accompanied by glaucoma. Elevated intraocular pressure is a major risk factor in the pathogenesis of glaucomatous visual field loss. The higher the level of intraocular pressure, the greater the likelihood of glaucomatous visual field loss and optic nerve damage. 
       
 
  <br/>
                     <br/> The onset of reduction in intraocular pressure following administration of timolol maleate ophthalmic solution can usually be detected within one-half hour after a single dose. The maximum effect usually occurs in one to two hours and significant lowering of intraocular pressure can be maintained for periods as long as 24 hours with a single dose. Repeated observations over a period of one year indicate that the intraocular pressure-lowering effect of timolol maleate ophthalmic solution is well maintained. 
       
 
  <br/>
                     <br/> The precise mechanism of the ocular hypotensive action of timolol maleate ophthalmic solution is not clearly established at this time. Tonography and fluorophotometry studies in man suggest that its predominant action may be related to reduced aqueous formation. However, in some studies a slight increase in outflow facility was also observed. 
       
 
  <br/>
                     <br/>
                     <content styleCode="bold">Pharmacokinetics</content>
                     <br/>
                     <br/> In a study of plasma drug concentration in six subjects, the systemic exposure to timolol was determined following twice daily administration of timolol maleate ophthalmic solution 0.5%. The mean peak plasma concentration following morning dosing was 0.46 ng/mL and following afternoon dosing was 0.35 ng/mL. 
       
 
  <br/>
                     <br/>
                     <content styleCode="bold">Clinical Studies</content>
                     <br/>
                     <br/> In controlled multiclinic studies in patients with untreated intraocular pressures of 22 mmHg or greater, timolol maleate ophthalmic solution 0.25% or 0.5% administered twice a day produced a greater reduction in intraocular pressure than 1, 2, 3, or 4% pilocarpine solution administered four times a day or 0.5, 1, or 2% epinephrine hydrochloride solution administered twice a day. 
       
 
  <br/>
                     <br/> In these studies, timolol maleate ophthalmic solution was generally well tolerated and produced fewer and less severe side effects than either pilocarpine or epinephrine. A slight reduction of resting heart rate in some patients receiving timolol maleate ophthalmic solution (mean reduction 2.9 beats/minute standard deviation 10.2) was observed. 
      

 </paragraph>
                  <br/>
               </text>
               <effectiveTime value="20230529"/>
            </section>
         </component>
         <component>
            <section ID="Section_3">
               <id root="fcd0cc66-54a2-a453-e053-6394a90aea85"/>
               <code code="34067-9" codeSystem="2.16.840.1.113883.6.1" displayName="INDICATIONS &amp; USAGE SECTION"/>
               <title>INDICATIONS AND USAGE</title>
               <text>
                  <paragraph>Timolol maleate ophthalmic solution is indicated in the treatment of elevated intraocular pressure in patients with ocular hypertension or open-angle glaucoma.</paragraph>
               </text>
               <effectiveTime value="20230529"/>
            </section>
         </component>
         <component>
            <section ID="Section_4">
               <id root="fcd0cc66-54a3-a453-e053-6394a90aea85"/>
               <code code="34070-3" codeSystem="2.16.840.1.113883.6.1" displayName="CONTRAINDICATIONS SECTION"/>
               <title>CONTRAINDICATIONS</title>
               <text>
                  <paragraph>Timolol maleate ophthalmic solution is contraindicated in patients with (1) bronchial asthma; (2) a history of bronchial asthma; (3) severe chronic obstructive pulmonary disease [see 
       
 
  <content styleCode="bold">
                        <linkHtml href="#Section_5">WARNINGS</linkHtml>
                     </content>]; (4) sinus bradycardia; (5) second or third degree atrioventricular block; (6) overt cardiac failure [see 
       
 
  <content styleCode="bold">
                        <linkHtml href="#Section_5">WARNINGS</linkHtml>
                     </content>]; (7) cardiogenic shock; or (8) hypersensitivity to any component of this product.
      

 </paragraph>
               </text>
               <effectiveTime value="20230529"/>
            </section>
         </component>
         <component>
            <section ID="Section_5">
               <id root="fcd0cc66-54a4-a453-e053-6394a90aea85"/>
               <code code="34071-1" codeSystem="2.16.840.1.113883.6.1" displayName="WARNINGS SECTION"/>
               <title>WARNINGS</title>
               <text>
                  <paragraph>As with many topically applied ophthalmic drugs, this drug is absorbed systemically. 
       
 
  <br/>
                     <br/>
                     <content styleCode="bold">The same adverse reactions found with systemic administration of beta-adrenergic blocking agents may occur with topical administration. For example, severe respiratory reactions and cardiac reactions, including death due to bronchospasm in patients with asthma, and rarely death in association with cardiac failure, have been reported following systemic or ophthalmic administration of timolol maleate [see 
        
  
   <linkHtml href="#Section_4">CONTRAINDICATIONS</linkHtml>].
       
 
  </content>
                     <br/>
                     <br/>
                     <content styleCode="bold">Cardiac Failure</content>
                     <br/>
                     <br/> Sympathetic stimulation may be essential for support of the circulation in individuals with diminished myocardial contractility, and its inhibition of beta-adrenergic receptor blockade may precipitate more severe failure. 
       
 
  <br/>
                     <br/>
                     <content styleCode="italics">In Patients Without a History of Cardiac Failure</content> continued depression of the myocardium with beta-blocking agents over a period of time can, in some cases, lead to cardiac failure. At the first sign or symptom of cardiac failure, timolol maleate ophthalmic solution should be discontinued. 
       
 
  <br/>
                     <br/>
                     <content styleCode="bold">Obstructive Pulmonary Disease</content>
                     <br/>
                     <br/> Patients with chronic obstructive pulmonary disease (e.g., chronic bronchitis, emphysema) of mild or moderate severity, bronchospastic disease, or a history of bronchospastic disease (other than bronchial asthma or a history of bronchial asthma, in which timolol maleate ophthalmic solution is contraindicated [see 
       
 
  <content styleCode="bold">
                        <linkHtml href="#Section_4">CONTRAINDICATIONS</linkHtml>
                     </content>]) should, in general, not receive beta-blockers, including timolol maleate ophthalmic solution. 
       
 
  <br/>
                     <br/>
                     <content styleCode="bold">Major Surgery</content>
                     <br/>
                     <br/> The necessity or desirability of withdrawal of beta-adrenergic blocking agents prior to major surgery is controversial. Beta-adrenergic receptor blockade impairs the ability of the heart to respond to beta-adrenergically mediated reflex stimuli. This may augment the risk of general anesthesia in surgical procedures. Some patients receiving beta-adrenergic receptor blocking agents have experienced protracted severe hypotension during anesthesia. Difficulty in restarting and maintaining the heartbeat has also been reported. For these reasons, in patients undergoing elective surgery, some authorities recommend gradual withdrawal of beta-adrenergic receptor blocking agents. 
       
 
  <br/>
                     <br/> If necessary during surgery, the effects of beta-adrenergic blocking agents may be reversed by sufficient doses of adrenergic agonists. 
       
 
  <br/>
                     <br/>
                     <content styleCode="bold">Diabetes Mellitus</content>
                     <br/>
                     <br/> Beta-adrenergic blocking agents should be administered with caution in patients subject to spontaneous hypoglycemia or to diabetic patients (especially those with labile diabetes) who are receiving insulin or oral hypoglycemic agents. Beta-adrenergic receptor blocking agents may mask the signs and symptoms of acute hypoglycemia. 
       
 
  <br/>
                     <br/>
                     <content styleCode="bold">Thyrotoxicosis</content>
                     <br/>
                     <br/> Beta-adrenergic blocking agents may mask certain clinical signs (e.g., tachycardia) of hyperthyroidism. Patients suspected of developing thyrotoxicosis should be managed carefully to avoid abrupt withdrawal of beta-adrenergic blocking agents that might precipitate a thyroid storm. 
      

 </paragraph>
                  <br/>
                  <br/>
               </text>
               <effectiveTime value="20230529"/>
            </section>
         </component>
         <component>
            <section ID="Section_6">
               <id root="fcd0cc66-54a5-a453-e053-6394a90aea85"/>
               <code code="42232-9" codeSystem="2.16.840.1.113883.6.1" displayName="PRECAUTIONS SECTION"/>
               <title>PRECAUTIONS</title>
               <effectiveTime value="20230529"/>
               <component>
                  <section ID="Section_6.1">
                     <id root="fcd0cc66-54a6-a453-e053-6394a90aea85"/>
                     <code code="34072-9" codeSystem="2.16.840.1.113883.6.1" displayName="GENERAL PRECAUTIONS SECTION"/>
                     <title>General</title>
                     <text>
                        <paragraph>Because of potential effects of beta-adrenergic blocking agents on blood pressure and pulse, these agents should be used with caution in patients with cerebrovascular insufficiency. If signs or symptoms suggesting reduced cerebral blood flow develop following initiation of therapy with timolol maleate ophthalmic solution, alternative therapy should be considered. 
         
 
  <br/>
                           <br/> There have been reports of bacterial keratitis associated with the use of multiple-dose containers of topical ophthalmic products. These containers had been inadvertently contaminated by patients who, in most cases, had a concurrent corneal disease or a disruption of the ocular epithelial surface [see 
         
 
  <content styleCode="bold">
                              <linkHtml href="#Section_6.2">PRECAUTIONS, Information for Patients</linkHtml>
                           </content>]. 
         
 
  <br/>
                           <br/> Choroidal detachment after filtration procedures has been reported with the administration of aqueous suppressant therapy (e.g., timolol). 
         
 
  <br/>
                           <br/>
                           <content styleCode="italics">Angle-closure glaucoma:</content>
                           <br/>
                           <br/> In patients with angle-closure glaucoma, the immediate objective of treatment is to reopen the angle. This requires constricting the pupil. Timolol maleate has little or no effect on the pupil. Timolol maleate ophthalmic solution should not be used alone in the treatment of angle-closure glaucoma. 
         
 
  <br/>
                           <br/>
                           <content styleCode="italics">Anaphylaxis:</content>
                           <br/>
                           <br/> While taking beta-blockers, patients with a history of atopy or a history of severe anaphylactic reactions to a variety of allergens may be more reactive to repeated accidental, diagnostic, or therapeutic challenge with such allergens. Such patients may be unresponsive to the usual doses of epinephrine used to treat anaphylactic reactions. 
         
 
  <br/>
                           <br/>
                           <content styleCode="italics">Muscle Weakness:</content>
                           <br/>
                           <br/> Beta-adrenergic blockade has been reported to potentiate muscle weakness consistent with certain myasthenic symptoms (e.g., diplopia, ptosis, and generalized weakness). Timolol has been reported rarely to increase muscle weakness in some patients with myasthenia gravis or myasthenic symptoms.
        

 </paragraph>
                     </text>
                     <effectiveTime value="20230529"/>
                  </section>
               </component>
               <component>
                  <section ID="Section_6.2">
                     <id root="fcd0cc66-54a7-a453-e053-6394a90aea85"/>
                     <code code="34076-0" codeSystem="2.16.840.1.113883.6.1" displayName="INFORMATION FOR PATIENTS SECTION"/>
                     <title>Information for Patients</title>
                     <text>
                        <paragraph>Patients should be instructed to avoid allowing the tip of the dispensing container to contact the eye or surrounding structures. 
         
 
  <br/>
                           <br/> Patients should also be instructed that ocular solutions, if handled improperly or if the tip of the dispensing container contacts the eye or surrounding structures, can become contaminated by common bacteria known to cause ocular infections. Serious damage to the eye and subsequent loss of vision may result from using contaminated solutions [see 
         
 
  <content styleCode="bold">
                              <linkHtml href="#Section_6.1">PRECAUTIONS, General</linkHtml>
                           </content>]. 
         
 
  <br/>
                           <br/> Patients should also be advised that if they have ocular surgery or develop an intercurrent ocular condition (e.g., trauma or infection), they should immediately seek their physician's advice concerning the continued use of the present multidose container. 
         
 
  <br/>
                           <br/> Patients with bronchial asthma, a history of bronchial asthma, severe chronic obstructive pulmonary disease, sinus bradycardia, second or third degree atrioventricular block, or cardiac failure should be advised not to take this product [see 
         
 
  <content styleCode="bold">
                              <linkHtml href="#Section_4">CONTRAINDICATIONS</linkHtml>
                           </content>]. 
         
 
  <br/>
                           <br/> Patients should be advised that timolol maleate ophthalmic solution contains benzalkonium chloride which may be absorbed by soft contact lenses. Contact lenses should be removed prior to administration of the solution. Lenses may be reinserted 15 minutes following timolol maleate ophthalmic solution administration.
        

 </paragraph>
                     </text>
                     <effectiveTime value="20230529"/>
                  </section>
               </component>
               <component>
                  <section ID="Section_6.4">
                     <id root="fcd0cc66-54a8-a453-e053-6394a90aea85"/>
                     <code code="34073-7" codeSystem="2.16.840.1.113883.6.1" displayName="DRUG INTERACTIONS SECTION"/>
                     <title>Drug Interactions</title>
                     <text>
                        <paragraph>Although timolol maleate ophthalmic solution used alone has little or no effect on pupil size, mydriasis resulting from concomitant therapy with timolol maleate ophthalmic solution and epinephrine has been reported occasionally. 
         
 
  <br/>
                           <br/>
                           <content styleCode="italics">Beta-adrenergic blocking agents:</content>
                           <br/>
                           <br/> Patients who are receiving a beta-adrenergic blocking agent orally and timolol maleate ophthalmic solution should be observed for potential additive effects of beta-blockade, both systemic and on intraocular pressure. The concomitant use of two topical beta-adrenergic blocking agents is not recommended. 
         
 
  <br/>
                           <br/>
                           <content styleCode="italics">Calcium antagonists:</content>
                           <br/>
                           <br/> Caution should be used in the co-administration of beta-adrenergic blocking agents, such as timolol maleate ophthalmic solution, and oral or intravenous calcium antagonists because of possible atrioventricular conduction disturbances, left ventricular failure, and hypotension. In patients with impaired cardiac function, co-administration should be avoided. 
         
 
  <br/>
                           <br/>
                           <content styleCode="italics">Catecholamine-depleting drugs:</content>
                           <br/>
                           <br/> Close observation of the patient is recommended when a beta-blocker is administered to patients receiving catecholamine-depleting drugs such as reserpine, because of possible additive effects and the production of hypotension and/or marked bradycardia, which may result in vertigo, syncope, or postural hypotension. Digitalis and calcium antagonists: 
         
 
  <br/>
                           <br/> The concomitant use of beta-adrenergic blocking agents with digitalis and calcium antagonists may have additive effects in prolonging atrioventricular conduction time. 
         
 
  <br/>
                           <br/>
                           <content styleCode="italics">CYP2D6 inhibitors:</content>
                           <br/>
                           <br/> Potentiated systemic beta-blockade (e.g., decreased heart rate, depression) has been reported during combined treatment with CYP2D6 inhibitors (e.g., quinidine, SSRIs) and timolol. 
         
 
  <br/>
                           <br/>
                           <content styleCode="italics">Clonidine:</content>
                           <br/>
                           <br/> Oral beta-adrenergic blocking agents may exacerbate the rebound hypertension which can follow the withdrawal of clonidine. There have been no reports of exacerbation of rebound hypertension with ophthalmic timolol maleate. 
         
 
  <br/>
                           <br/>
                           <content styleCode="italics">Injectable epinephrine:</content>
                           <br/> [see 
         
 
  <content styleCode="bold">
                              <linkHtml href="#Section_6.1">PRECAUTIONS, General, Anaphylaxis</linkHtml>
                           </content>]. 
        

 </paragraph>
                        <br/>
                     </text>
                     <effectiveTime value="20230529"/>
                  </section>
               </component>
               <component>
                  <section ID="Section_6.6">
                     <id root="fcd0cc66-54a9-a453-e053-6394a90aea85"/>
                     <code code="34083-6" codeSystem="2.16.840.1.113883.6.1" displayName="CARCINOGENESIS &amp; MUTAGENESIS &amp; IMPAIRMENT OF FERTILITY SECTION"/>
                     <title>Carcinogenesis, Mutagenesis, Impairment of Fertility</title>
                     <text>
                        <paragraph>In a two-year study of timolol maleate administered orally to rats, there was a statistically significant increase in the incidence of adrenal pheochromocytomas in male rats administered 300 mg/kg/day (approximately 42,000 times the systemic exposure following the maximum recommended human ophthalmic dose). Similar differences were not observed in rats administered oral doses equivalent to approximately 14,000 times the maximum recommended human ophthalmic dose.</paragraph>
                        <br/>
                        <paragraph>In a lifetime oral study in mice, there were statistically significant increases in the incidence of benign and malignant pulmonary tumors, benign uterine polyps and mammary adenocarcinomas in female mice at 500 mg/kg/day, (approximately 71,000 times the systemic exposure following the maximum recommended human ophthalmic dose), but not at 5 or 50 mg/kg/day (approximately 700 or 7,000, respectively, times the systemic exposure following the maximum recommended human ophthalmic dose). In a subsequent study in female mice, in which postmortem examinations were limited to the uterus and the lungs, a statistically significant increase in the incidence of pulmonary tumors was again observed at 500 mg/kg/day.</paragraph>
                        <br/>
                        <paragraph>The increased occurrence of mammary adenocarcinomas was associated with elevations in serum prolactin which occurred in female mice administered oral timolol at 500 mg/kg/day, but not at doses of 5 or 50 mg/kg/day. An increased incidence of mammary adenocarcinomas in rodents has been associated with administration of several other therapeutic agents that elevate serum prolactin, but no correlation between serum prolactin levels and mammary tumors has been established in humans. Furthermore, in adult human female subjects who received oral dosages of up to 60 mg of timolol maleate (the maximum recommended human oral dosage), there were no clinically meaningful changes in serum prolactin.</paragraph>
                        <br/>
                        <paragraph>Timolol maleate was devoid of mutagenic potential when tested 
         
 
  <content styleCode="italics">in vivo</content> (mouse) in the micronucleus test and cytogenetic assay (doses up to 800 mg/kg) and 
         
 
  <content styleCode="italics">in vitro</content> in a neoplastic cell transformation assay (up to 100 mcg/mL). In Ames tests the highest concentrations of timolol employed, 5,000 or 10,000 mcg/plate, were associated with statistically significant elevations of revertants observed with tester strain TA100 (in seven replicate assays), but not in the remaining three strains. In the assays with tester strain TA100, no consistent dose response relationship was observed, and the ratio of test to control revertants did not reach 2. A ratio of 2 is usually considered the criterion for a positive Ames test.
        

 </paragraph>
                        <br/>
                        <paragraph>Reproduction and fertility studies in rats demonstrated no adverse effect on male or female fertility at doses up to 21,000 times the systemic exposure following the maximum recommended human ophthalmic dose.</paragraph>
                        <br/>
                     </text>
                     <effectiveTime value="20230529"/>
                  </section>
               </component>
               <component>
                  <section ID="Section_6.7">
                     <id root="fcd0cc66-54aa-a453-e053-6394a90aea85"/>
                     <code code="42228-7" codeSystem="2.16.840.1.113883.6.1" displayName="PREGNANCY SECTION"/>
                     <title>Pregnancy</title>
                     <text>
                        <paragraph>
                           <content styleCode="italics">Teratogenic Effects </content>-Teratogenicity studies with timolol in mice, rats, and rabbits at oral doses up to 50 mg/kg/day (7,000 times the systemic exposure following the maximum recommended human ophthalmic dose) demonstrated no evidence of fetal malformations. Although delayed fetal ossification was observed at this dose in rats, there were no adverse effects on postnatal development of offspring. Doses of 1,000 mg/kg/day (142,000 times the systemic exposure following the maximum recommended human ophthalmic dose) were maternotoxic in mice and resulted in an increased number of fetal resorptions. Increased fetal resorptions were also seen in rabbits at doses of 14,000 times the systemic exposure following the maximum recommended human ophthalmic dose, in this case without apparent maternotoxicity. 
        

 </paragraph>
                        <br/>
                        <paragraph>There are no adequate and well-controlled studies in pregnant women. Timolol maleateophthalmic solution should be used during pregnancy only if the potential benefit justifies the potential risk to the fetus.</paragraph>
                        <br/>
                     </text>
                     <effectiveTime value="20230529"/>
                  </section>
               </component>
               <component>
                  <section ID="Section_6.9">
                     <id root="fcd0cc66-54ab-a453-e053-6394a90aea85"/>
                     <code code="34080-2" codeSystem="2.16.840.1.113883.6.1" displayName="NURSING MOTHERS SECTION"/>
                     <title>Nursing Mothers</title>
                     <text>
                        <paragraph>Timolol maleate has been detected in human milk following oral and ophthalmic drug administration. Because of the potential for serious adverse reactions from timolol maleateophthalmic solution in nursing infants, a decision should be made whether to discontinue nursing or to discontinue the drug, taking into account the importance of the drug to the mother.</paragraph>
                        <br/>
                     </text>
                     <effectiveTime value="20230529"/>
                  </section>
               </component>
               <component>
                  <section ID="Section_6.10">
                     <id root="fcd0cc66-54ac-a453-e053-6394a90aea85"/>
                     <code code="34081-0" codeSystem="2.16.840.1.113883.6.1" displayName="PEDIATRIC USE SECTION"/>
                     <title>Pediatric Use</title>
                     <text>
                        <paragraph>Safety and effectiveness of timolol maleate ophthalmic solution have been established when administered in pediatric patients aged 2 years and older. Use of timolol maleate ophthalmic solution in these children is supported by evidence from adequate and well controlled studies in children and adults. Safety and efficacy in pediatric patients below the age of 2 years have not been established.</paragraph>
                        <br/>
                     </text>
                     <effectiveTime value="20230529"/>
                  </section>
               </component>
               <component>
                  <section ID="Section_6.11">
                     <id root="fcd0cc66-54ad-a453-e053-6394a90aea85"/>
                     <code code="34082-8" codeSystem="2.16.840.1.113883.6.1" displayName="GERIATRIC USE SECTION"/>
                     <title>Geriatric Use</title>
                     <text>
                        <paragraph>No overall differences in safety or effectiveness have been observed between elderly and younger patients.</paragraph>
                        <br/>
                     </text>
                     <effectiveTime value="20230529"/>
                  </section>
               </component>
            </section>
         </component>
         <component>
            <section ID="Section_7">
               <id root="fcd0cc66-54ae-a453-e053-6394a90aea85"/>
               <code code="34084-4" codeSystem="2.16.840.1.113883.6.1" displayName="ADVERSE REACTIONS SECTION"/>
               <title>ADVERSE REACTIONS</title>
               <text>
                  <paragraph>The most frequently reported adverse experiences have been burning and stinging upon instillation (approximately one in eight patients). 
       
 
  <br/>
                     <br/> The following additional adverse experiences have been reported less frequently with ocular administration of this or other timolol maleate formulations: 
       
 
  <br/>
                     <br/>
                     <content styleCode="bold">Body as a Whole</content>
                     <br/> Headache, asthenia/fatigue, and chest pain. 
       
 
  <br/>
                     <br/>
                     <content styleCode="bold">Cardiovascular</content>
                     <br/> Bradycardia, arrhythmia, hypotension, hypertension, syncope, heart block, cerebral vascular accident, cerebral ischemia, cardiac failure, worsening of angina pectoris, palpitation, cardiac arrest, pulmonary edema, edema, claudication, Raynaud's phenomenon, and cold hands and feet. 
       
 
  <br/>
                     <br/>
                     <content styleCode="bold">Digestive</content>
                     <br/> Nausea, diarrhea, dyspepsia, anorexia, and dry mouth. 
       
 
  <br/>
                     <br/>
                     <content styleCode="bold">Immunologic</content>
                     <br/> Systemic lupus erythematosus. 
       
 
  <br/>
                     <br/>
                     <content styleCode="bold">Nervous System/Psychiatric</content>
                     <br/> Dizziness, increase in signs and symptoms of myasthenia gravis, paresthesia, somnolence, insomnia, nightmares, behavioral changes and psychic disturbances including depression, confusion, hallucinations, anxiety, disorientation, nervousness, and memory loss. 
       
 
  <br/>
                     <br/>
                     <content styleCode="bold">Skin</content>
                     <br/> Alopecia and psoriasiform rash or exacerbation of psoriasis. 
       
 
  <br/>
                     <br/>
                     <content styleCode="bold">Hypersensitivity</content>
                     <br/> Signs and symptoms of systemic allergic reactions, including anaphylaxis, angioedema, urticaria, and localized and generalized rash. 
       
 
  <br/>
                     <br/>
                     <content styleCode="bold">Respiratory</content>
                     <br/> Bronchospasm (predominantly in patients with preexisting bronchospastic disease), respiratory failure, dyspnea, nasal congestion, cough and upper respiratory infections. 
       
 
  <br/>
                     <br/>
                     <content styleCode="bold">Endocrine</content>
                     <br/> Masked symptoms of hypoglycemia in diabetic patients [see 
       
 
  <content styleCode="bold">
                        <linkHtml href="#Section_5">WARNINGS</linkHtml>
                     </content>]. 
       
 
  <br/>
                     <br/>
                     <content styleCode="bold">Special Senses</content>
                     <br/> Signs and symptoms of ocular irritation including conjunctivitis, blepharitis, keratitis, ocular pain, discharge (e.g., crusting), foreign body sensation, itching and tearing, and dry eyes; ptosis; decreased corneal sensitivity; cystoid macular edema; visual disturbances including refractive changes and diplopia; pseudopemphigoid; choroidal detachment following filtration surgery [see 
       
 
  <content styleCode="bold">
                        <linkHtml href="#Section_6.1">PRECAUTIONS, General</linkHtml>
                     </content>]; and tinnitus. 
       
 
  <br/>
                     <br/>
                     <content styleCode="bold">Urogenital</content>
                     <br/> Retroperitoneal fibrosis, decreased libido, impotence, and Peyronie's disease. 
       
 
  <br/>
                     <br/> The following additional adverse effects have been reported in clinical experience with ORAL timolol maleate or other ORAL beta-blocking agents and may be considered potential effects of ophthalmic timolol maleate: 
       
 
  <br/>
                     <br/> Allergic: Erythematous rash, fever combined with aching and sore throat, laryngospasm with respiratory distress; 
       
 
  <br/> Body as a Whole: Extremity pain, decreased exercise tolerance, weight loss; 
       
 
  <br/> Cardiovascular: Worsening of arterial insufficiency, vasodilatation; 
       
 
  <br/> Digestive: Gastrointestinal pain, hepatomegaly, vomiting, mesenteric arterial thrombosis, ischemic colitis; 
       
 
  <br/> Hematologic: Nonthrombocytopenic purpura, thrombocytopenic purpura, agranulocytosis; 
       
 
  <br/> Endocrine: Hyperglycemia, hypoglycemia; 
       
 
  <br/> Skin: Pruritus, skin irritation, increased pigmentation, sweating; 
       
 
  <br/> Musculoskeletal: Arthralgia; 
       
 
  <br/> Nervous System/Psychiatric: Vertigo, local weakness, diminished concentration, reversible mental depression progressing to catatonia, an acute reversible syndrome characterized by disorientation for time and place, emotional lability, slightly clouded sensorium, and decreased performance on neuropsychometrics; 
       
 
  <br/> Respiratory: Rales, bronchial obstruction; Urogenital: Urination difficulties. 
       
 
  <br/>
                     <br/>
                     <content styleCode="bold">To report SUSPECTED ADVERSE REACTIONS, contact Micro Labs USA, Inc. at 1-855-839-8195 or FDA at 1-800-FDA-1088 or www.fda.gov/medwatch.</content>
                  </paragraph>
                  <br/>
                  <br/>
               </text>
               <effectiveTime value="20230529"/>
            </section>
         </component>
         <component>
            <section ID="Section_9">
               <id root="fcd0cc66-54af-a453-e053-6394a90aea85"/>
               <code code="34088-5" codeSystem="2.16.840.1.113883.6.1" displayName="OVERDOSAGE SECTION"/>
               <title>OVERDOSAGE</title>
               <text>
                  <paragraph>There have been reports of inadvertent overdosage with timolol maleate ophthalmic solution resulting in systemic effects similar to those seen with systemic beta-adrenergic blocking agents such as dizziness, headache, shortness of breath, bradycardia, bronchospasm, and cardiac arrest [see 
       
 
  <content styleCode="bold">
                        <linkHtml href="#Section_7">ADVERSE REACTIONS</linkHtml>
                     </content>].
      

 </paragraph>
                  <br/>
                  <paragraph>Overdosage has been reported with timolol maleate tablets. A 30-year-old female ingested 650 mg of timolol maleate tablets (maximum recommended oral daily dose is 60 mg) and experienced second and third degree heart block. She recovered without treatment but approximately two months later developed irregular heartbeat, hypertension, dizziness, tinnitus, faintness, increased pulse rate, and borderline first degree heart block.</paragraph>
                  <br/>
                  <paragraph>An 
       
 
  <content styleCode="italics">in vitro</content> hemodialysis study, using 
       
 
  <sup>14</sup>C timolol added to human plasma or whole blood, showed that timolol was readily dialyzed from these fluids; however, a study of patients with renal failure showed that timolol did not dialyze readily.
      

 </paragraph>
                  <br/>
               </text>
               <effectiveTime value="20230529"/>
            </section>
         </component>
         <component>
            <section ID="Section_10">
               <id root="fcd0cc66-54b0-a453-e053-6394a90aea85"/>
               <code code="34068-7" codeSystem="2.16.840.1.113883.6.1" displayName="DOSAGE &amp; ADMINISTRATION SECTION"/>
               <title>DOSAGE AND ADMINISTRATION</title>
               <text>
                  <paragraph>Timolol maleate ophthalmic solution is available in concentrations of 0.25 and 0.5%. The usual starting dose is one drop of timolol maleate ophthalmic solution 0.25% in the affected eye(s) twice a day. If the clinical response is not adequate, the dosage may be changed to one drop of 0.5% solution in the affected eye(s) twice a day.</paragraph>
                  <br/>
                  <paragraph>Since in some patients the pressure-lowering response to timolol maleateophthalmic solution may require a few weeks to stabilize, evaluation should include a determination of intraocular pressure after approximately 4 weeks of treatment with timolol maleateophthalmic solution.</paragraph>
                  <br/>
                  <paragraph>If the intraocular pressure is maintained at satisfactory levels, the dosage schedule may be changed to one drop once a day in the affected eye(s). Because of diurnal variations in intraocular pressure, satisfactory response to the once-a-day dose is best determined by measuring the intraocular pressure at different times during the day.</paragraph>
                  <br/>
                  <paragraph>Dosages above one drop of timolol maleateophthalmic solution 0.5% twice a day generally have not been shown to produce further reduction in intraocular pressure. If the patient's intraocular pressure is still not at a satisfactory level on this regimen, concomitant therapy with other agent(s) for lowering intraocular pressure can be instituted. The concomitant use of two topical beta-adrenergic blocking agents is not recommended [see 
       
 
  <content styleCode="bold">
                        <linkHtml href="#Section_6.4">PRECAUTIONS, Drug Interactions, Beta-adrenergic blocking agents</linkHtml>
                     </content>]. 
      

 </paragraph>
                  <br/>
               </text>
               <effectiveTime value="20230529"/>
            </section>
         </component>
         <component>
            <section ID="Section_11">
               <id root="fcd0cc66-54b1-a453-e053-6394a90aea85"/>
               <code code="34069-5" codeSystem="2.16.840.1.113883.6.1" displayName="HOW SUPPLIED SECTION"/>
               <title>HOW SUPPLIED</title>
               <text>
                  <paragraph>Timolol maleate ophthalmic solution, USP is a clear, colorless to light yellow solution, practically free from particles. 
       
 
  <br/>
                     <br/> Timolol maleate ophthalmic solution USP, 0.25% timolol equivalent, is supplied in a white low density polyethylene (LDPE) bottle with a controlled drop tip and a yellow high density polyethylene (HDPE) cap as follows: 
       
 
  <br/>
                     <br/> 5 mL in a 5 mL capacity bottle:	        NDC 42571-403-21 
       
 
  <br/> 10 mL in a 10 mL capacity bottle:	NDC 42571-403-88 
       
 
  <br/>
                     <br/> Timolol maleate ophthalmic solution USP, 0.5% timolol equivalent, is supplied in a white low density polyethylene (LDPE) bottle with a controlled drop tip and a yellow high density polyethylene (HDPE) cap as follows: 
       
 
  <br/>
                     <br/> 5 mL in a 5 mL capacity bottle:	        NDC 42571-404-21 
       
 
  <br/> 10 mL in a 10 mL capacity bottle:	NDC 42571-404-88 
       
 
  <br/>
                     <br/>
                     <content styleCode="bold">
                        <content styleCode="italics">Storage</content>
                     </content>
                     <br/>
                     <br/> Store at 15° to 25°C (59° to 77°F). Protect from freezing. Protect from light. After opening, timolol maleate ophthalmic solution can be used until the expiration date on the bottle. 
       
 
  <br/>
                     <br/> Manufactured by: 
       
 
  <br/>
                     <content styleCode="bold">Micro Labs Limited</content>
                     <br/> Bangalore - 560099, INDIA. 
       
 
  <br/>
                     <br/> Manufactured for: 
       
 
  <br/>
                     <content styleCode="bold">Micro Labs USA, Inc.</content>
                     <br/> Somerset, NJ 08873 
       
 
  <br/>
                     <br/>
                     <content styleCode="bold">Rev. 05/2023</content>
                  </paragraph>
                  <br/>
               </text>
               <effectiveTime value="20230529"/>
            </section>
         </component>
         <component>
            <section ID="Unclassified_Section_1">
               <id root="fcd0f8bf-5bab-4195-e053-6294a90a905f"/>
               <code code="42229-5" codeSystem="2.16.840.1.113883.6.1" displayName="SPL UNCLASSIFIED SECTION"/>
               <title>Instructions for Use</title>
               <text>
                  <paragraph>
                     <content styleCode="bold">Instructions for Use</content>
                     <br/>
                  </paragraph>
                  <paragraph>
                     <content styleCode="bold">Timolol Maleate Ophthalmic Solution USP, 0.25% and 0.5%</content>
                     <br/>
                     <br/>
Read this Instructions for Use that comes with timolol maleate ophthalmic solution before you start using it and each time you get a refill. There may be new information. This information does not take the place of talking with your doctor about your medical condition or treatment.
  <br/>
                     <br/>
                     <content styleCode="bold">Important information about timolol maleate ophthalmic solution:</content>
                     <br/>
                     <br/>
• Use timolol maleate ophthalmic solution exactly as your doctor tells you to use it. Your doctor will tell you how much timolol maleate ophthalmic solution to use and when to use it.
  <br/>
                     <br/>
• If you use other medicines in your eye, 
  <content styleCode="bold">wait at least 10 minutes </content>between using timolol maleate ophthalmic solution and your other eye medicines.
  <br/>
                     <br/>
• 
  <content styleCode="bold">Do not touch your eye or areas around your eye with the tip of the timolol maleate ophthalmic solution bottle.</content> You may get bacteria on the tip of the bottle that can cause you to get an eye infection that can lead to serious eye damage or vision loss.
  <br/>
                     <br/>
                     <content styleCode="bold">How should I use timolol maleate ophthalmic solution?</content>
                     <br/>
                     <content styleCode="bold">Step 1.</content> Wash your hands.
  <br/>
                     <content styleCode="bold">Step 2.</content> Turn your closed bottle of timolol maleate ophthalmic solution upside down (invert) and shake once.
  <br/>
                     <content styleCode="bold">Step 3.</content> Tear-off the safety seal (tamper evident ring) between the bottle and the cap (see Figure A).
 </paragraph>
                  <paragraph/>
                  <paragraph/>
                  <paragraph>
                     <renderMultiMedia referencedObject="MM3"/>
                  </paragraph>
                  <paragraph/>
                  <paragraph/>
                  <paragraph/>
                  <paragraph/>
                  <paragraph>
                     <content styleCode="bold">Figure A</content>
                  </paragraph>
                  <paragraph/>
                  <paragraph/>
                  <paragraph>
                     <content styleCode="bold"/>
                  </paragraph>
                  <paragraph>
                     <content styleCode="bold">Step 4.</content> Remove the timolol maleate ophthalmic solution cap by turning the cap in the direction of the arrows shown (See Figure B). Put the cap in a clean and dry area. 
  <content styleCode="bold">Do not</content> let the tip of the bottle touch your fingers or other surfaces.
 </paragraph>
                  <paragraph/>
                  <paragraph/>
                  <paragraph>
                     <renderMultiMedia referencedObject="MM4"/>
                  </paragraph>
                  <paragraph/>
                  <paragraph/>
                  <paragraph/>
                  <paragraph/>
                  <paragraph>
                     <content styleCode="bold">Figure B</content>
                  </paragraph>
                  <paragraph/>
                  <paragraph/>
                  <paragraph/>
                  <paragraph>
                     <content styleCode="bold">Step 5.</content> Hold the bottle between your thumb and index finger with 1 hand. Use the index finger of the other hand to pull down the lower eyelid to form a pocket for the eye drop (See Figure C). Tilt your head backwards.
 </paragraph>
                  <paragraph/>
                  <paragraph/>
                  <paragraph/>
                  <paragraph/>
                  <paragraph>
                     <renderMultiMedia referencedObject="MM5"/>
                  </paragraph>
                  <paragraph/>
                  <paragraph/>
                  <paragraph/>
                  <paragraph/>
                  <paragraph>
                     <content styleCode="bold">Figure C</content>
                  </paragraph>
                  <paragraph/>
                  <paragraph/>
                  <paragraph/>
                  <paragraph>
                     <content styleCode="bold">Step 6.</content> Place the tip of the bottle close to your eye. 
  <content styleCode="bold">Be careful not to touch your eye with the tip of the bottle.</content> Gently squeeze the bottle and let 1 drop fall into the space between your lower eyelid and your eye (See Figure D). If a drop misses your eye, follow the instructions in steps 5 and 6 again.
 </paragraph>
                  <paragraph/>
                  <paragraph/>
                  <paragraph/>
                  <paragraph/>
                  <paragraph>
                     <renderMultiMedia referencedObject="MM6"/>
                  </paragraph>
                  <paragraph/>
                  <paragraph/>
                  <paragraph/>
                  <paragraph/>
                  <paragraph>
                     <content styleCode="bold">Figure D</content>
                  </paragraph>
                  <paragraph/>
                  <paragraph/>
                  <paragraph/>
                  <paragraph>
                     <content styleCode="bold">Step 7.</content> If your doctor has told you to use timolol maleate ophthalmic solution in both eyes, repeat steps 5 and 6 for your other eye.
 </paragraph>
                  <paragraph>
                     <content styleCode="bold">Step 8.</content> Put the cap back on the bottle and close.
  <br/>
• The timolol maleate ophthalmic solution bottle tip is made to give 1 drop at a time. Do not try to make the hole in the tip of your bottle bigger.
  <br/>
• Do not wash the bottle tip.
  <br/>
• After you have used all of your timolol maleate ophthalmic solution doses, there will be some timolol maleate ophthalmic solution left in the bottle. Do not try to remove the extra timolol maleate ophthalmic solution from the bottle. Throw it away.
  <br/>
                     <br/>
                     <br/>
                     <br/>
                     <content styleCode="bold">How should I store timolol maleate ophthalmic solution?</content>
                  </paragraph>
                  <paragraph/>
                  <paragraph/>
                  <paragraph>• Store timolol maleate ophthalmic solution at room temperature between 59°F to 77°F (15°C to 25°C) in an upright position.
  <br/>
• Do not freeze timolol maleate ophthalmic solution.
  <br/>
• Keep timolol maleate ophthalmic solution out of light.
  <br/>
                     <br/>
                     <content styleCode="bold">Keep timolol maleate ophthalmic solution and all medicines out of the reach of children.</content>
                     <br/>
                     <br/>
If you would like more information, talk with your doctor. You can ask your pharmacist or doctor for more information about timolol maleate ophthalmic solution that is written for health professionals.
  <br/>
                     <br/>
This Instructions for Use has been approved by the U.S. Food and Drug Administration.
  <br/>
                     <br/>
Manufactured by:
  <br/>
                     <content styleCode="bold">Micro Labs Limited</content>
                     <br/>
Bangalore - 560099, INDIA.
  <br/>
                     <br/>
Manufactured for:
  <br/>
                     <content styleCode="bold">Micro Labs USA, Inc.</content>
                     <br/>
Somerset, NJ 08873
  <br/>
                     <br/>
                     <content styleCode="bold">Rev. 05/2023</content>
                  </paragraph>
                  <paragraph/>
                  <paragraph/>
                  <paragraph/>
               </text>
               <effectiveTime value="20230529"/>
               <component>
                  <observationMedia ID="MM3">
                     <text>timololmaleate-a.jpg</text>
                     <value mediaType="image/jpeg" xsi:type="ED">
                        <reference value="timololmaleate-a.jpg"/>
                     </value>
                  </observationMedia>
               </component>
               <component>
                  <observationMedia ID="MM4">
                     <text>timololmaleate-b.jpg</text>
                     <value mediaType="image/jpeg" xsi:type="ED">
                        <reference value="timololmaleate-b.jpg"/>
                     </value>
                  </observationMedia>
               </component>
               <component>
                  <observationMedia ID="MM5">
                     <text>timololmaleate-c.jpg</text>
                     <value mediaType="image/jpeg" xsi:type="ED">
                        <reference value="timololmaleate-c.jpg"/>
                     </value>
                  </observationMedia>
               </component>
               <component>
                  <observationMedia ID="MM6">
                     <text>timololmaleate-d.jpg</text>
                     <value mediaType="image/jpeg" xsi:type="ED">
                        <reference value="timololmaleate-d.jpg"/>
                     </value>
                  </observationMedia>
               </component>
            </section>
         </component>
         <component>
            <section ID="Section_17">
               <id root="fcd0cc66-54b3-a453-e053-6394a90aea85"/>
               <code code="51945-4" codeSystem="2.16.840.1.113883.6.1" displayName="PACKAGE LABEL.PRINCIPAL DISPLAY PANEL"/>
               <title>PACKAGE LABEL.PRINCIPAL DISPLAY PANEL</title>
               <text>
                  <paragraph>NDC 42571-403-21 
       
 
  <br/> Timolol Maleate Ophthalmic Solution, USP 
       
 
  <br/> 0.25% 
       
 
  <br/> FOR TOPICAL APPLICATION IN THE EYE 
       
 
  <br/> Timolol Equivalent (timolol maleate 3.4 mg/mL 
       
 
  <br/> equivalent to 2.5 mg/mL timolol) 
       
 
  <br/> Sterile 
       
 
  <br/> 5mL
      

 </paragraph>
                  <br/>
                  <paragraph>
                     <renderMultiMedia referencedObject="MM7"/>
                  </paragraph>
                  <br/>
                  <paragraph>NDC 42571-404-21 
       
 
  <br/> Timolol Maleate Ophthalmic Solution, USP 
       
 
  <br/> 0.5% 
       
 
  <br/> FOR TOPICAL APPLICATION IN THE EYE 
       
 
  <br/> Timolol Equivalent (timolol maleate 6.8 mg/mL 
       
 
  <br/> equivalent to 5 mg/mL timolol) 
       
 
  <br/> Sterile 
       
 
  <br/> 5mL
      

 </paragraph>
                  <br/>
                  <paragraph>
                     <renderMultiMedia referencedObject="MM8"/>
                  </paragraph>
               </text>
               <effectiveTime value="20230529"/>
               <component>
                  <observationMedia ID="MM7">
                     <text>timololmaleate-025perlbl.jpg</text>
                     <value mediaType="image/jpeg" xsi:type="ED">
                        <reference value="timololmaleate-025perlbl.jpg"/>
                     </value>
                  </observationMedia>
               </component>
               <component>
                  <observationMedia ID="MM8">
                     <text>timololmaleate-05perlbl.jpg</text>
                     <value mediaType="image/jpeg" xsi:type="ED">
                        <reference value="timololmaleate-05perlbl.jpg"/>
                     </value>
                  </observationMedia>
               </component>
            </section>
         </component>
      </structuredBody>
   </component>
</document>