<?xml version="1.0" encoding="UTF-8"?><?xml-stylesheet href="https://www.accessdata.fda.gov/spl/stylesheet/spl.xsl" type="text/xsl"?>
<document xmlns="urn:hl7-org:v3" xmlns:xsi="http://www.w3.org/2001/XMLSchema-instance" xsi:schemaLocation="urn:hl7-org:v3 https://www.accessdata.fda.gov/spl/schema/spl.xsd">
   <id root="1242fa67-81da-4c6a-8ec4-81ddfcfb1273"/>
   <code code="34391-3" codeSystem="2.16.840.1.113883.6.1" displayName="Human Prescription Drug Label"/>
   <title>These highlights do not include all the information needed to use DEFEROXAMINE MESYLATE FOR INJECTION safely and effectively. See full prescribing information for DEFEROXAMINE MESYLATE FOR INJECTION.    <br/> DEFEROXAMINE MESYLATE for injection, for intramuscular, intravenous, or subcutaneous use    <br/> Initial U.S. Approval: 1968<br/>
   </title>
   <effectiveTime value="20230728"/>
   <setId root="598fba68-f46e-4b6e-894c-63c2940b2063"/>
   <versionNumber value="4"/>
   <author>
      <time/>
      <assignedEntity>
         <representedOrganization>
            <id extension="918601238" root="1.3.6.1.4.1.519.1"/>
            <name>Gland Pharma Limited</name>
            <assignedEntity>
               <assignedOrganization>
                  <assignedEntity>
                     <assignedOrganization>
                        <id extension="918601238" root="1.3.6.1.4.1.519.1"/>
                        <name>Gland Pharma Limited</name>
                     </assignedOrganization>
                     <performance>
                        <actDefinition>
                           <code code="C25391" codeSystem="2.16.840.1.113883.3.26.1.1" displayName="ANALYSIS"/>
                           <product>
                              <manufacturedProduct classCode="MANU">
                                 <manufacturedMaterialKind>
                                    <code code="68083-172" codeSystem="2.16.840.1.113883.6.69"/>
                                 </manufacturedMaterialKind>
                              </manufacturedProduct>
                           </product>
                        </actDefinition>
                     </performance>
                     <performance>
                        <actDefinition>
                           <code code="C25391" codeSystem="2.16.840.1.113883.3.26.1.1" displayName="ANALYSIS"/>
                           <product>
                              <manufacturedProduct classCode="MANU">
                                 <manufacturedMaterialKind>
                                    <code code="68083-173" codeSystem="2.16.840.1.113883.6.69"/>
                                 </manufacturedMaterialKind>
                              </manufacturedProduct>
                           </product>
                        </actDefinition>
                     </performance>
                     <performance>
                        <actDefinition>
                           <code code="C43360" codeSystem="2.16.840.1.113883.3.26.1.1" displayName="MANUFACTURE"/>
                           <product>
                              <manufacturedProduct classCode="MANU">
                                 <manufacturedMaterialKind>
                                    <code code="68083-172" codeSystem="2.16.840.1.113883.6.69"/>
                                 </manufacturedMaterialKind>
                              </manufacturedProduct>
                           </product>
                        </actDefinition>
                     </performance>
                     <performance>
                        <actDefinition>
                           <code code="C43360" codeSystem="2.16.840.1.113883.3.26.1.1" displayName="MANUFACTURE"/>
                           <product>
                              <manufacturedProduct classCode="MANU">
                                 <manufacturedMaterialKind>
                                    <code code="68083-173" codeSystem="2.16.840.1.113883.6.69"/>
                                 </manufacturedMaterialKind>
                              </manufacturedProduct>
                           </product>
                        </actDefinition>
                     </performance>
                     <performance>
                        <actDefinition>
                           <code code="C84731" codeSystem="2.16.840.1.113883.3.26.1.1" displayName="PACK"/>
                           <product>
                              <manufacturedProduct classCode="MANU">
                                 <manufacturedMaterialKind>
                                    <code code="68083-172" codeSystem="2.16.840.1.113883.6.69"/>
                                 </manufacturedMaterialKind>
                              </manufacturedProduct>
                           </product>
                        </actDefinition>
                     </performance>
                     <performance>
                        <actDefinition>
                           <code code="C84731" codeSystem="2.16.840.1.113883.3.26.1.1" displayName="PACK"/>
                           <product>
                              <manufacturedProduct classCode="MANU">
                                 <manufacturedMaterialKind>
                                    <code code="68083-173" codeSystem="2.16.840.1.113883.6.69"/>
                                 </manufacturedMaterialKind>
                              </manufacturedProduct>
                           </product>
                        </actDefinition>
                     </performance>
                  </assignedEntity>
               </assignedOrganization>
            </assignedEntity>
         </representedOrganization>
      </assignedEntity>
   </author>
   <component>
      <structuredBody>
         <component>
            <section>
               <id root="5b3b009f-d71a-40b8-80e5-cced347454c2"/>
               <code code="48780-1" codeSystem="2.16.840.1.113883.6.1" displayName="SPL PRODUCT DATA ELEMENTS SECTION"/>
               <effectiveTime value="20230728"/>
               <subject>
                  <manufacturedProduct>
                     <manufacturedProduct>
                        <code code="68083-172" codeSystem="2.16.840.1.113883.6.69"/>
                        <name>Deferoxamine mesylate<suffix/>
                        </name>
                        <formCode code="C42957" codeSystem="2.16.840.1.113883.3.26.1.1" displayName="INJECTION, POWDER, LYOPHILIZED, FOR SOLUTION"/>
                        <asEntityWithGeneric>
                           <genericMedicine>
                              <name>Deferoxamine mesylate</name>
                           </genericMedicine>
                        </asEntityWithGeneric>
                        <ingredient classCode="ACTIB">
                           <quantity>
                              <numerator value="500" unit="mg"/>
                              <denominator value="1" unit="1"/>
                           </quantity>
                           <ingredientSubstance>
                              <code code="V9TKO7EO6K" codeSystem="2.16.840.1.113883.4.9"/>
                              <name>DEFEROXAMINE MESYLATE</name>
                              <activeMoiety>
                                 <activeMoiety>
                                    <code code="J06Y7MXW4D" codeSystem="2.16.840.1.113883.4.9"/>
                                    <name>DEFEROXAMINE</name>
                                 </activeMoiety>
                              </activeMoiety>
                           </ingredientSubstance>
                        </ingredient>
                        <asContent>
                           <quantity>
                              <numerator value="4" unit="1"/>
                              <denominator value="1"/>
                           </quantity>
                           <containerPackagedProduct>
                              <code code="68083-172-01" codeSystem="2.16.840.1.113883.6.69"/>
                              <formCode code="C43182" codeSystem="2.16.840.1.113883.3.26.1.1" displayName="CARTON"/>
                           </containerPackagedProduct>
                           <subjectOf>
                              <characteristic>
                                 <code code="SPLCMBPRDTP" codeSystem="2.16.840.1.113883.1.11.19255"/>
                                 <value code="C112160" codeSystem="2.16.840.1.113883.3.26.1.1" displayName="Type 0: Not a Combination Product" xsi:type="CV"/>
                              </characteristic>
                           </subjectOf>
                           <subjectOf>
                              <marketingAct>
                                 <code code="C53292" codeSystem="2.16.840.1.113883.3.26.1.1"/>
                                 <statusCode code="active"/>
                                 <effectiveTime>
                                    <low value="20171009"/>
                                 </effectiveTime>
                              </marketingAct>
                           </subjectOf>
                        </asContent>
                     </manufacturedProduct>
                     <subjectOf>
                        <approval>
                           <id extension="ANDA207384" root="2.16.840.1.113883.3.150"/>
                           <code code="C73584" codeSystem="2.16.840.1.113883.3.26.1.1" displayName="ANDA"/>
                           <author>
                              <territorialAuthority>
                                 <territory>
                                    <code code="USA" codeSystem="2.16.840.1.113883.5.28"/>
                                 </territory>
                              </territorialAuthority>
                           </author>
                        </approval>
                     </subjectOf>
                     <subjectOf>
                        <marketingAct>
                           <code code="C53292" codeSystem="2.16.840.1.113883.3.26.1.1"/>
                           <statusCode code="active"/>
                           <effectiveTime>
                              <low value="20171009"/>
                           </effectiveTime>
                        </marketingAct>
                     </subjectOf>
                     <consumedIn>
                        <substanceAdministration>
                           <routeCode code="C28161" codeSystem="2.16.840.1.113883.3.26.1.1" displayName="INTRAMUSCULAR"/>
                        </substanceAdministration>
                     </consumedIn>
                     <consumedIn>
                        <substanceAdministration>
                           <routeCode code="C38276" codeSystem="2.16.840.1.113883.3.26.1.1" displayName="INTRAVENOUS"/>
                        </substanceAdministration>
                     </consumedIn>
                     <consumedIn>
                        <substanceAdministration>
                           <routeCode code="C38299" codeSystem="2.16.840.1.113883.3.26.1.1" displayName="SUBCUTANEOUS"/>
                        </substanceAdministration>
                     </consumedIn>
                  </manufacturedProduct>
               </subject>
               <subject>
                  <manufacturedProduct>
                     <manufacturedProduct>
                        <code code="68083-173" codeSystem="2.16.840.1.113883.6.69"/>
                        <name>Deferoxamine mesylate<suffix/>
                        </name>
                        <formCode code="C42957" codeSystem="2.16.840.1.113883.3.26.1.1" displayName="INJECTION, POWDER, LYOPHILIZED, FOR SOLUTION"/>
                        <asEntityWithGeneric>
                           <genericMedicine>
                              <name>Deferoxamine mesylate</name>
                           </genericMedicine>
                        </asEntityWithGeneric>
                        <ingredient classCode="ACTIB">
                           <quantity>
                              <numerator value="2" unit="g"/>
                              <denominator value="1" unit="1"/>
                           </quantity>
                           <ingredientSubstance>
                              <code code="V9TKO7EO6K" codeSystem="2.16.840.1.113883.4.9"/>
                              <name>DEFEROXAMINE MESYLATE</name>
                              <activeMoiety>
                                 <activeMoiety>
                                    <code code="J06Y7MXW4D" codeSystem="2.16.840.1.113883.4.9"/>
                                    <name>DEFEROXAMINE</name>
                                 </activeMoiety>
                              </activeMoiety>
                           </ingredientSubstance>
                        </ingredient>
                        <asContent>
                           <quantity>
                              <numerator value="4" unit="1"/>
                              <denominator value="1"/>
                           </quantity>
                           <containerPackagedProduct>
                              <code code="68083-173-01" codeSystem="2.16.840.1.113883.6.69"/>
                              <formCode code="C43182" codeSystem="2.16.840.1.113883.3.26.1.1" displayName="CARTON"/>
                           </containerPackagedProduct>
                           <subjectOf>
                              <characteristic>
                                 <code code="SPLCMBPRDTP" codeSystem="2.16.840.1.113883.1.11.19255"/>
                                 <value code="C112160" codeSystem="2.16.840.1.113883.3.26.1.1" displayName="Type 0: Not a Combination Product" xsi:type="CV"/>
                              </characteristic>
                           </subjectOf>
                           <subjectOf>
                              <marketingAct>
                                 <code code="C53292" codeSystem="2.16.840.1.113883.3.26.1.1"/>
                                 <statusCode code="active"/>
                                 <effectiveTime>
                                    <low value="20171009"/>
                                 </effectiveTime>
                              </marketingAct>
                           </subjectOf>
                        </asContent>
                     </manufacturedProduct>
                     <subjectOf>
                        <approval>
                           <id extension="ANDA207384" root="2.16.840.1.113883.3.150"/>
                           <code code="C73584" codeSystem="2.16.840.1.113883.3.26.1.1" displayName="ANDA"/>
                           <author>
                              <territorialAuthority>
                                 <territory>
                                    <code code="USA" codeSystem="2.16.840.1.113883.5.28"/>
                                 </territory>
                              </territorialAuthority>
                           </author>
                        </approval>
                     </subjectOf>
                     <subjectOf>
                        <marketingAct>
                           <code code="C53292" codeSystem="2.16.840.1.113883.3.26.1.1"/>
                           <statusCode code="active"/>
                           <effectiveTime>
                              <low value="20171009"/>
                           </effectiveTime>
                        </marketingAct>
                     </subjectOf>
                     <consumedIn>
                        <substanceAdministration>
                           <routeCode code="C28161" codeSystem="2.16.840.1.113883.3.26.1.1" displayName="INTRAMUSCULAR"/>
                        </substanceAdministration>
                     </consumedIn>
                     <consumedIn>
                        <substanceAdministration>
                           <routeCode code="C38276" codeSystem="2.16.840.1.113883.3.26.1.1" displayName="INTRAVENOUS"/>
                        </substanceAdministration>
                     </consumedIn>
                     <consumedIn>
                        <substanceAdministration>
                           <routeCode code="C38299" codeSystem="2.16.840.1.113883.3.26.1.1" displayName="SUBCUTANEOUS"/>
                        </substanceAdministration>
                     </consumedIn>
                  </manufacturedProduct>
               </subject>
            </section>
         </component>
         <component>
            <section ID="Section_1">
               <id root="413cb5de-6e91-4402-84bd-1eb21c08757c"/>
               <code code="34067-9" codeSystem="2.16.840.1.113883.6.1" displayName="INDICATIONS &amp; USAGE SECTION"/>
               <title>1 INDICATIONS AND USAGE</title>
               <effectiveTime value="20230728"/>
               <excerpt>
                  <highlight>
                     <text>
                        <br/>
                        <paragraph>Deferoxamine mesylate for injection is an iron-chelating agent indicated: <br/> • As an adjunct to standard measures for the treatment of acute iron intoxication. (<linkHtml href="#Section_1.1">1.1</linkHtml>) <br/> • For the treatment of transfusional iron overload in patients with chronic anemia. (<linkHtml href="#Section_1.2">1.2</linkHtml>) <br/>
                           <br/>
                           <content styleCode="underline">Limitations of Use </content>
                           <br/>
                           <br/> Deferoxamine mesylate for injection is not indicated for the treatment of primary hemochromatosis (since phlebotomy is the method of choice for removing excess iron in this disorder).</paragraph>
                     </text>
                  </highlight>
               </excerpt>
               <component>
                  <section ID="Section_1.1">
                     <id root="1e4f4281-f6e1-4b23-bb03-88c2ad40a6a8"/>
                     <code code="42229-5" codeSystem="2.16.840.1.113883.6.1" displayName="Spl Unclassified Section"/>
                     <title>1.1 Acute Iron Intoxication</title>
                     <text>
                        <br/>
                        <paragraph>Deferoxamine mesylate for injection is indicated as an adjunct to standard measures for the treatment of acute iron intoxication.</paragraph>
                     </text>
                     <effectiveTime value="20230728"/>
                  </section>
               </component>
               <component>
                  <section ID="Section_1.2">
                     <id root="21cb27a3-b9ca-47dc-9d37-d7475f3911a5"/>
                     <code code="42229-5" codeSystem="2.16.840.1.113883.6.1" displayName="Spl Unclassified Section"/>
                     <title>1.2    Chronic Iron Overload</title>
                     <text>
                        <br/>
                        <paragraph>Deferoxamine mesylate for injection is indicated for the treatment of transfusional iron overload in patients with chronic anemia.</paragraph>
                     </text>
                     <effectiveTime value="20230728"/>
                  </section>
               </component>
               <component>
                  <section ID="Section_1.3">
                     <id root="efde5d93-4d76-4bf3-8688-6c39c85498e3"/>
                     <code code="42229-5" codeSystem="2.16.840.1.113883.6.1" displayName="Spl Unclassified Section"/>
                     <title>1.3    Limitations of Use</title>
                     <text>
                        <br/>
                        <paragraph>Deferoxamine mesylate for injection is not indicated for the treatment of primary hemochromatosis (since phlebotomy is the method of choice for removing excess iron in this disorder).</paragraph>
                     </text>
                     <effectiveTime value="20230728"/>
                  </section>
               </component>
            </section>
         </component>
         <component>
            <section ID="Section_2">
               <id root="cd67740d-c0ca-42c1-8d7d-d7db7acfa9aa"/>
               <code code="34068-7" codeSystem="2.16.840.1.113883.6.1" displayName="DOSAGE &amp; ADMINISTRATION SECTION"/>
               <title>2 DOSAGE AND ADMINISTRATION</title>
               <text>
                  <br/>
                  <paragraph>The dosage (based on body weight in mg/kg/day), rates of administration, and mode of administration for both adults and pediatric patients are individually determined and adapted during the course of therapy based on the severity of the patient’s iron overload. The minimum daily dose of deferoxamine mesylate for injection is 20 mg/kg/day for both adults and pediatric patients. The maximum daily dose is 40 mg/kg/day for pediatric patients and 60 mg/kg/day for adults.</paragraph>
               </text>
               <effectiveTime value="20230728"/>
               <excerpt>
                  <highlight>
                     <text>
                        <br/>
                        <paragraph>
                           <content styleCode="underline">Acute Iron Intoxication:</content> (<linkHtml href="#Section_2.1">2.1</linkHtml>) <br/> • Intramuscular Administration: Use for patients not in shock. Initial dose is 1,000 mg. Depending upon the clinical response, subsequent doses of 500 mg may be administered every 4 hours to 12 hours. Maximum dose is 6,000 mg in 24 hours. <br/> • Intravenous Administration: Only for patients in a state of cardiovascular collapse. Initial dose is 1,000 mg at a rate not to exceed 15 mg/kg/hr. Depending upon the clinical response, subsequent doses of 500 mg may be administered every 4 hours to 12 hours at a rate of up to 125 mg/hr. Maximum dose is 6,000 mg in 24 hours.<br/>
                           <br/>
                           <content styleCode="underline">Chronic Iron Overload:</content> (<linkHtml href="#Section_2.2">2.2</linkHtml>) <br/> • Subcutaneous Infusion: Average daily dose is between 20 and 60 mg/kg. In patients with serum ferritin level below 2,000 ng/mL require about 25 mg/kg/day. Patients with serum ferritin level between 2,000 and 3,000 ng/mL require about 35 mg/kg/day. Patients with higher serum ferritin may require up to 55 mg/kg/day. <br/> • Intravenous Administration: 20 mg/kg/day to 40 mg/kg/day for pediatric patients and 40 mg/kg/day to 50 mg/kg/day over 8 hours to 12 hours in adults for 5 days to 7 days per week. In pediatric patients and adults, maximum dose should not exceed 40 mg/kg/day and 60 mg/kg/day, respectively. <br/> • Intramuscular Administration: 500 mg to maximum daily dose of 1,000 mg. <br/>
                           <br/> See Full Prescribing Information for instructions on preparation of deferoxamine mesylate for injection for administration. (<linkHtml href="#Section_2.3">2.3</linkHtml>)<br/>
                           <br/> Vitamin C (up to 200 mg) increases availability of iron for chelation and may be given as an adjuvant to iron chelation therapy. (<linkHtml href="#Section_2.4">2.4</linkHtml>) </paragraph>
                     </text>
                  </highlight>
               </excerpt>
               <component>
                  <section ID="Section_2.1">
                     <id root="41d35229-1929-4e0a-8eae-8d58cf7cec65"/>
                     <code code="42229-5" codeSystem="2.16.840.1.113883.6.1" displayName="Spl Unclassified Section"/>
                     <title>2.1    Recommended Dosage for Treatment of Acute Iron Intoxication for                     Adults and Pediatric Patients</title>
                     <text>
                        <br/>
                        <paragraph>
                           <content styleCode="underline">Intramuscular (IM) Administration</content>
                           <br/>  <br/> Use for all patients not in shock.<br/>  <br/> The initial recommended dose of deferoxamine mesylate for injection is 1,000 mg intramuscularly (IM) once. If needed based on the clinical response, administer subsequent doses of 500 mg every 4 hours to 12 hours. The maximum recommended daily dose is 6,000 mg in 24 hours. <br/>
                           <br/>
                           <content styleCode="underline">Intravenous (IV) Administration</content> <br/>
                           <br/> Administer deferoxamine mesylate intravenously (IV) to patients in a state of cardiovascular collapse and then only by slow infusion. As soon as the clinical condition of the patient permits, intravenous administration should be discontinued, and the drug should be administered intramuscularly. <br/>
                           <br/> The initial recommended IV dose of deferoxamine mesylate for injection is 1,000 mg administered at an infusion rate of up to 15 mg/kg/hr. If needed based on the clinical response administer additional doses of 500 mg over 4 hours to 12 hours at a slower infusion rate of up to 125 mg/hr. The maximum recommended daily dose is 6,000 mg in 24 hours.</paragraph>
                     </text>
                     <effectiveTime value="20230728"/>
                  </section>
               </component>
               <component>
                  <section ID="Section_2.2">
                     <id root="241b7dcc-3167-41db-bdc0-f8c7f14e19d3"/>
                     <code code="42229-5" codeSystem="2.16.840.1.113883.6.1" displayName="Spl Unclassified Section"/>
                     <title>2.2    Recommended Dosage for Treatment of Chronic Iron Overload for                  Adults and Pediatric Patients</title>
                     <text>
                        <br/>
                        <paragraph>
                           <content styleCode="underline">Subcutaneous Infusion Administration<br/>
                           </content>
                           <br/> The average daily dose of deferoxamine mesylate for injection is usually between 20 and 60 mg/kg. In general patients with serum ferritin level below 2,000 ng/mL require about 25 mg/kg/day. Patients with serum ferritin level between 2,000 and 3,000 ng/mL require about 35 mg/kg/day. Patients with higher serum ferritin may require up to 55 mg/kg/day. It is not advisable to regularly exceed an average daily dose of 50 mg/kg/day except when very intensive chelation is needed in patients who have completed growth. If ferritin levels fall below 1,000 ng/mL, the risk of deferoxamine mesylate for injection toxicity increases; it is important to monitor these patients particularly carefully and perhaps to consider lowering the total weekly dose. The doses specified here are the average daily doses. Since most patients use deferoxamine mesylate for injection less than 7 days a week, the actual dose per infusion usually differs from the average daily dose; e.g. if an average daily dose of 40 mg/kg/day is required and the patient wears the pump 5 nights a week, each infusion should contain 56 mg/kg.<br/>
                           <br/> Slow subcutaneous infusion using a portable, light-weight infusion pump over a period of 8 to 12 hours is regarded as effective and especially convenient for ambulatory patients, but may also be given over a 24-hour period. Deferoxamine mesylate for injection should normally be used with the pump 5 to 7 times a week. Deferoxamine mesylate for injection is not formulated to support subcutaneous bolus injection. <br/>
                           <br/>
                           <content styleCode="underline">Intravenous Administration<br/>
                           </content>
                           <br/> Deferoxamine mesylate can be administered intravenously if needed in patients with intravenous access. <br/>
                           <br/> The recommended dose of deferoxamine mesylate in adults is 40 mg/kg/day to 50 mg/kg/day over 8 hours to 12 hours at a rate of up to 15 mg/kg/hour for 5 days to 7 days per week. Maximum dose is 60 mg/kg/day. <br/>
                           <br/> The recommended dose of deferoxamine mesylate in pediatric patients is 20 mg/kg/day to 40 mg/kg/day over 8 hours to 12 hours for 5 days to 7 days per week. The maximum recommended daily dose is 40 mg/kg/day until growth (body weight and linear growth) has ceased. <br/>
                           <br/> In case of missed doses, deferoxamine mesylate for injection may be administered prior to or following same day blood transfusion (for example, 1 gram over 4 hours on the day of transfusion); however, the contribution of this mode of administration to iron balance is limited. Deferoxamine mesylate for injection should not be administered concurrently with the blood transfusion as this can lead to errors in interpreting side effects such as rash, anaphylaxis and hypotension.</paragraph>
                        <br/>
                        <br/>
                        <paragraph>
                           <content styleCode="underline">Intramuscular Administration</content> <br/>
                           <br/> If given intramuscularly, the recommended dose of deferoxamine mesylate is 500 mg to 1,000 mg per day. The maximum recommended daily dose is 1,000 mg per day.</paragraph>
                     </text>
                     <effectiveTime value="20230728"/>
                  </section>
               </component>
               <component>
                  <section ID="Section_2.3">
                     <id root="967be9d6-b875-4915-90da-e8f865974f52"/>
                     <code code="42229-5" codeSystem="2.16.840.1.113883.6.1" displayName="Spl Unclassified Section"/>
                     <title>2.3    Preparation</title>
                     <text>
                        <br/>
                        <paragraph>Reconstitute deferoxamine mesylate for injection prior to administration. Deferoxamine mesylate for injection should be further diluted for intravenous infusion. Use appropriate aseptic technique. <br/>
                           <br/> Reconstitute each vial of Deferoxamine mesylate for injection with Sterile Water for Injection, USP per Table 1. Parenteral drug products should be inspected visually for particulate matter and discoloration prior to administration, whenever solution and container permit. Do not use if visibly opaque particles, discoloration or foreign particles are observed. The reconstituted deferoxamine mesylate solution is an isotonic, clear and colorless to slightly-yellowish solution. Discard unused portion. </paragraph>
                        <br/>
                        <paragraph>
                           <content styleCode="bold">Table 1. Preparation of Deferoxamine mesylate for injection Prior to Administration</content>
                        </paragraph>
                        <br/>
                        <table cellspacing="0" cellpadding="0" border="0" width="800.66">
                           <colgroup>
                              <col width="17.2757475083056%"/>
                              <col width="26.7441860465116%"/>
                              <col width="31.063122923588%"/>
                              <col width="24.9169435215947%"/>
                           </colgroup>
                           <tbody>
                              <tr styleCode="Botrule">
                                 <td styleCode="Lrule Rrule" align="center" valign="top">Vial Size<br/>
                                 </td>
                                 <td styleCode="Rrule" align="center" valign="top">Route of Administration<br/>
                                 </td>
                                 <td styleCode="Rrule" align="center" valign="top">Amount of Sterile Water <br/>for Injection, USP for Reconstitution<br/>
                                 </td>
                                 <td styleCode="Rrule" align="center" valign="top">Concentration After Reconstitution<br/>
                                 </td>
                              </tr>
                              <tr styleCode="Botrule">
                                 <td styleCode="Lrule Rrule" align="center" valign="bottom">500 mg <br/>
                                 </td>
                                 <td styleCode="Rrule" align="center" valign="bottom">Intramuscular<br/>
                                 </td>
                                 <td styleCode="Rrule" align="center" valign="bottom">2 mL <br/>
                                 </td>
                                 <td styleCode="Rrule" align="center" valign="bottom">213 mg/mL <br/>
                                 </td>
                              </tr>
                              <tr styleCode="Botrule">
                                 <td styleCode="Lrule Rrule" align="center" valign="bottom">500 mg <br/>
                                 </td>
                                 <td styleCode="Rrule" align="center" valign="bottom">Intravenous* <br/>
                                 </td>
                                 <td styleCode="Rrule" align="center" valign="bottom">5 mL <br/>
                                 </td>
                                 <td styleCode="Rrule" align="center" valign="bottom">95 mg/mL** <br/>
                                 </td>
                              </tr>
                              <tr>
                                 <td styleCode="Lrule Rrule" align="center" valign="bottom">500 mg <br/>
                                 </td>
                                 <td styleCode="Rrule" align="center" valign="bottom">Subcutaneous <br/>
                                 </td>
                                 <td styleCode="Rrule" align="center" valign="bottom">5 mL <br/>
                                 </td>
                                 <td styleCode="Rrule" align="center" valign="bottom">95 mg/mL <br/>
                                 </td>
                              </tr>
                           </tbody>
                        </table>
                        <paragraph>*Intravenous route of administration requires further dilution with 150 mL of 0.9% Sodium Chloride Injection, USP or 0.45% Sodium Chloride Injection, USP or 5% Dextrose Injection, USP or Lactated Ringers Injection, USP <br/> **Final concentration for intravenous administration is between 3 mg/mL to 3.5 mg/mL <br/> If not used immediately, store at room temperature between 20° to 25°C (68° to 77°F), for a maximum period of 24 hours. Do not refrigerate reconstituted solution.</paragraph>
                     </text>
                     <effectiveTime value="20230728"/>
                  </section>
               </component>
               <component>
                  <section ID="Section_2.4">
                     <id root="e66e6dcb-17d8-430c-962c-47167a57f291"/>
                     <code code="42229-5" codeSystem="2.16.840.1.113883.6.1" displayName="Spl Unclassified Section"/>
                     <title>2.4    Management of Vitamin C Deficiency</title>
                     <text>
                        <br/>
                        <paragraph>Patients with iron overload usually become vitamin C deficient, probably because iron oxidizes the vitamin. As an adjuvant to iron chelation therapy, vitamin C in doses up to 200 mg for adults may be given in divided doses, starting after an initial month of regular treatment with deferoxamine mesylate for injection <content styleCode="italics">[see Warnings and Precautions (<linkHtml href="#Section_5.7">5.7</linkHtml>)]</content>. Vitamin C increases availability of iron for chelation. In general, 50 mg daily suffices for pediatric patients under 10 years old and 100 mg daily for older pediatric patients. Larger doses of vitamin C fail to produce any additional increase in excretion of iron complex.</paragraph>
                     </text>
                     <effectiveTime value="20230728"/>
                  </section>
               </component>
            </section>
         </component>
         <component>
            <section ID="Section_3">
               <id root="3fadfd17-dd2c-42fa-aa2d-76355ac99358"/>
               <code code="43678-2" codeSystem="2.16.840.1.113883.6.1" displayName="DOSAGE FORMS &amp; STRENGTHS SECTION"/>
               <title>3 DOSAGE FORMS AND STRENGTHS</title>
               <text>
                  <br/>
                  <paragraph>For injection: 500 mg of deferoxamine mesylate (corresponding to 426.82 mg of deferoxamine as free base) and 2 grams of deferoxamine mesylate (corresponding to 1.707 grams of deferoxamine as free base) as a white to off-white lyophilized powder in a single-dose vial for reconstitution.</paragraph>
               </text>
               <effectiveTime value="20230728"/>
               <excerpt>
                  <highlight>
                     <text>
                        <paragraph>For injection: 500 mg and 2 grams of deferoxamine mesylate as a lyophilized powder in single-dose vial for reconstitution (<linkHtml href="#Section_3">3</linkHtml>)</paragraph>
                     </text>
                  </highlight>
               </excerpt>
            </section>
         </component>
         <component>
            <section ID="Section_4">
               <id root="06321e9a-5052-465d-9c7e-1e37a32bf6ff"/>
               <code code="34070-3" codeSystem="2.16.840.1.113883.6.1" displayName="CONTRAINDICATIONS SECTION"/>
               <title>4 CONTRAINDICATIONS</title>
               <text>
                  <br/>
                  <paragraph>Deferoxamine mesylate for injection is contraindicated in patients with: <br/>
                     <br/> • A history of a hypersensitivity reaction to deferoxamine or any of its inactive ingredients <content styleCode="italics">[see Description (<linkHtml href="#Section_11">11</linkHtml>)]</content>. Reactions have included anaphylaxis <content styleCode="italics">[see Warnings and Precautions (<linkHtml href="#Section_5.1">5.1</linkHtml>)]</content>. <br/> • Severe renal disease or anuria since the drug and the iron chelate are excreted primarily by the kidney <content styleCode="italics">[see Warnings and Precautions (<linkHtml href="#Section_5.3">5.3</linkHtml>)]</content>.</paragraph>
               </text>
               <effectiveTime value="20230728"/>
               <excerpt>
                  <highlight>
                     <text>
                        <br/>
                        <paragraph>• Known hypersensitivity to the active substance. (<linkHtml href="#Section_4">4</linkHtml>) <br/> • Patients with severe renal disease or anuria. (<linkHtml href="#Section_4">4</linkHtml>) </paragraph>
                     </text>
                  </highlight>
               </excerpt>
            </section>
         </component>
         <component>
            <section ID="Section_5">
               <id root="e511f9d6-4fba-42eb-98c0-c9846c14c663"/>
               <code code="43685-7" codeSystem="2.16.840.1.113883.6.1" displayName="WARNINGS AND PRECAUTIONS SECTION"/>
               <title>5 WARNINGS AND PRECAUTIONS</title>
               <effectiveTime value="20230728"/>
               <excerpt>
                  <highlight>
                     <text>
                        <br/>
                        <paragraph>• Hypersensitivity Reactions: More common with rapid intravenous infusion. Administer intramuscularly or by slow subcutaneous or intravenous infusion. (<linkHtml href="#Section_5.1">5.1</linkHtml>)<br/> • Auditory and Ocular Toxicity: Have been reported when administered over prolonged periods of time, at high doses, or in patients with low ferritin levels. (<linkHtml href="#Section_5.2">5.2</linkHtml>) <br/> • Renal Toxicity: Cases of acute renal failure, renal tubular disorders and increase in serum creatinine have occurred. Monitor patients for changes in renal function. (<linkHtml href="#Section_5.3">5.3</linkHtml>) <br/> • Respiratory Toxicity: Acute respiratory distress syndrome has occurred. Risk increased with high intravenous doses. Recommended daily dose should not be exceeded. (<linkHtml href="#Section_5.4">5.4</linkHtml>) <br/> • Growth Suppression: Has occurred in pediatric patients treated with high doses and concomitant low ferritin levels. Dose reduction may partially resume growth velocity to pre-treatment rates. (<linkHtml href="#Section_5.5">5.5</linkHtml>) <br/> • Serious Infections: Cases of mucormycosis and Yersinia infections, some fatal, have occurred. Discontinue deferoxamine mesylate and initiate appropriate treatment immediately. (<linkHtml href="#Section_5.6">5.6</linkHtml>) <br/> • Cardiac Dysfunction with Concomitant Use of Vitamin C: Avoid coadministration in patients with cardiac failure. Delay Vitamin C for one month after start of deferoxamine mesylate. Avoid exceeding 200 mg daily in adults. Monitor cardiac function with combined treatment. (<linkHtml href="#Section_5.7">5.7</linkHtml>) <br/> • Risks of Deferoxamine Mesylate Treatment in Patients with Aluminum Overload: Risks include neurological dysfunction (including seizures), dialysis dementia, and aggravation of hyperparathyroidism. (<linkHtml href="#Section_5.8">5.8</linkHtml>) <br/> • Effects on Ability to Drive and Use Machines: May cause dizziness. (<linkHtml href="#Section_5.9">5.9</linkHtml>) <br/> • Embryo-Fetal Toxicity: Can cause fetal harm. Advise females of reproductive potential of the potential risk to a fetus and use effective contraception (<linkHtml href="#Section_5.10">5.10</linkHtml>, <linkHtml href="#Section_8.1">8.1</linkHtml>, <linkHtml href="#Section_8.7">8.3</linkHtml>)</paragraph>
                     </text>
                  </highlight>
               </excerpt>
               <component>
                  <section ID="Section_5.1">
                     <id root="3c835c7d-0164-4982-ba3e-11c0bee26e96"/>
                     <code code="42229-5" codeSystem="2.16.840.1.113883.6.1" displayName="Spl Unclassified Section"/>
                     <title>5.1    Hypersensitivity Reactions</title>
                     <text>
                        <br/>
                        <paragraph>Hypersensitivity reactions, including anaphylaxis, have occurred in deferoxamine mesylate-treated patients. Reactions have included flushing of the skin, urticaria, hypotension, and shock. These reactions typically occur when deferoxamine mesylate was administered by rapid intravenous injection. Therefore, administer deferoxamine mesylate intramuscularly or by slow subcutaneous or intravenous infusion.</paragraph>
                     </text>
                     <effectiveTime value="20230728"/>
                  </section>
               </component>
               <component>
                  <section ID="Section_5.2">
                     <id root="08d5646c-1de5-4390-bdea-dd4410077398"/>
                     <code code="42229-5" codeSystem="2.16.840.1.113883.6.1" displayName="Spl Unclassified Section"/>
                     <title>5.2    Auditory and Ocular Toxicity</title>
                     <text>
                        <br/>
                        <paragraph>Ocular and auditory toxicities have been reported in deferoxamine mesylate-treated patients. The ocular toxicities observed have included blurring of vision; cataracts after prolonged administration in chronic iron overload; decreased visual acuity, including visual loss, visual defects, scotoma; impaired peripheral, color, and night vision; optic neuritis, cataracts, corneal opacities, and retinal pigmentary abnormalities. The auditory toxicities reported have been tinnitus and hearing loss, including high frequency sensorineural hearing loss. Risk factors for both ocular and auditory disturbances include prolonged treatment duration, higher doses, or low ferritin levels. In most cases, both ocular and auditory disturbances were reversible upon immediate cessation of treatment <content styleCode="italics">[see Adverse Reactions (<linkHtml href="#Section_6">6</linkHtml>)]</content>. <br/>
                           <br/> Visual acuity tests, slit-lamp examinations, funduscopy and audiometry are recommended periodically in patients treated for prolonged periods of time. Toxicity is more likely to be reversed if symptoms or test abnormalities are detected early.</paragraph>
                     </text>
                     <effectiveTime value="20230728"/>
                  </section>
               </component>
               <component>
                  <section ID="Section_5.3">
                     <id root="ba5dcb4a-1575-4e75-88dd-6c602ef2f197"/>
                     <code code="42229-5" codeSystem="2.16.840.1.113883.6.1" displayName="Spl Unclassified Section"/>
                     <title>5.3    Renal Toxicity</title>
                     <text>
                        <br/>
                        <paragraph>Renal toxicity, including increases in serum creatinine (possibly dose-related), acute renal failure and renal tubular disorders has occurred in deferoxamine mesylate-treated patients. Deferoxamine mesylate is contraindicated in patients with severe renal disease <content styleCode="italics">[see Contraindications (<linkHtml href="#Section_4">4</linkHtml>)]</content>. Monitor serum creatinine to assess for changes in renal function. </paragraph>
                     </text>
                     <effectiveTime value="20230728"/>
                  </section>
               </component>
               <component>
                  <section ID="Section_5.4">
                     <id root="be27a298-0506-40c9-99f1-5ea530ebf12c"/>
                     <code code="42229-5" codeSystem="2.16.840.1.113883.6.1" displayName="Spl Unclassified Section"/>
                     <title>5.4    Respiratory Toxicity</title>
                     <text>
                        <br/>
                        <paragraph>Acute respiratory distress syndrome has occurred in deferoxamine mesylate-treated patients following treatment with excessively high intravenous doses of deferoxamine mesylate in patients with acute iron intoxication or thalassemia. The recommended daily doses should therefore not be exceeded.</paragraph>
                     </text>
                     <effectiveTime value="20230728"/>
                  </section>
               </component>
               <component>
                  <section ID="Section_5.5">
                     <id root="8c22d7ab-852c-49e7-a5c9-fa4ddd5adfce"/>
                     <code code="42229-5" codeSystem="2.16.840.1.113883.6.1" displayName="Spl Unclassified Section"/>
                     <title>5.5    Growth Suppression</title>
                     <text>
                        <br/>
                        <paragraph>High doses of deferoxamine mesylate and concomitant low ferritin levels have also been associated with growth suppression in pediatric patients. After reduction of deferoxamine mesylate dose, growth velocity may partially resume to pre-treatment rates. Monitor growth (weight and height) in pediatric patients treated with deferoxamine mesylate every 3 months. </paragraph>
                     </text>
                     <effectiveTime value="20230728"/>
                  </section>
               </component>
               <component>
                  <section ID="Section_5.6">
                     <id root="77c9000d-0dbc-4746-a288-d9095ae119f7"/>
                     <code code="42229-5" codeSystem="2.16.840.1.113883.6.1" displayName="Spl Unclassified Section"/>
                     <title>5.6    Serious Infections</title>
                     <text>
                        <br/>
                        <paragraph>
                           <content styleCode="italics">Yersinia Infections </content>
                           <br/>
                           <br/> Deferoxamine mesylate may increase the risk of <content styleCode="italics">Yersinia enterocolitica</content> and <content styleCode="italics">Yersinia pseudotuberculosis</content> infections. Avoid starting deferoxamine mesylate treatment in patients with active Yersinia infections. Should Yersinia infection develop, interrupt deferoxamine mesylate treatment until the infection is resolved. <br/>
                           <br/>
                           <content styleCode="italics">Mucormycosis</content>
                           <br/>
                           <br/> Cases of mucormycosis, some with a fatal outcome, have occurred in deferoxamine mesylate-treated patients. Signs or symptoms are specific to the site of infection. If mucormycosis is suspected, discontinue deferoxamine mesylate, conduct mycological testing, and treat immediately.</paragraph>
                     </text>
                     <effectiveTime value="20230728"/>
                  </section>
               </component>
               <component>
                  <section ID="Section_5.7">
                     <id root="6f813729-8d10-425a-afb4-e836e664dd8f"/>
                     <code code="42229-5" codeSystem="2.16.840.1.113883.6.1" displayName="Spl Unclassified Section"/>
                     <title>5.7    Cardiac Dysfunction with Concomitant Use of Vitamin C</title>
                     <text>
                        <br/>
                        <paragraph>Cardiac dysfunction has occurred in deferoxamine mesylate-treated patients with severe chronic iron overload following concomitant treatment with high doses of vitamin C (more than 500 mg daily in adults). The cardiac dysfunction was reversible when vitamin C was discontinued. The following precautions should be taken when vitamin C and deferoxamine mesylate are to be used concomitantly: <br/>
                           <br/> • Vitamin C supplements should not be given to patients with cardiac failure. <br/> • Start supplemental vitamin C only after an initial month of regular treatment with deferoxamine mesylate. <br/> • Give vitamin C only if the patient is receiving deferoxamine mesylate regularly, ideally soon after setting up the infusion pump. <br/> • Do not exceed a daily vitamin C dose of 200 mg in adults, given in divided doses. In general, 50 mg daily suffices for pediatric patients under 10 years old and 100 mg for older pediatric patients. <br/> • Clinical monitoring of cardiac function is advisable during such combined therapy. </paragraph>
                     </text>
                     <effectiveTime value="20230728"/>
                  </section>
               </component>
               <component>
                  <section ID="Section_5.8">
                     <id root="3a9b1764-10b4-4059-8b47-361679ef8ddd"/>
                     <code code="42229-5" codeSystem="2.16.840.1.113883.6.1" displayName="Spl Unclassified Section"/>
                     <title>5.8    Risks of Deferoxamine mesylate Treatment in Patients with Aluminum Overload</title>
                     <text>
                        <br/>
                        <paragraph>Deferoxamine mesylate may cause neurological dysfunction (including seizures) in patients with aluminum-related encephalopathy and receiving dialysis, possibly due to an acute increase in circulating aluminum <content styleCode="italics">[see Adverse Reactions (<linkHtml href="#Section_6">6</linkHtml>)]</content>. <br/>
                           <br/> Deferoxamine mesylate may precipitate the onset of dialysis dementia. <br/>
                           <br/> Treatment with deferoxamine mesylate in the presence of aluminum overload may result in decreased serum calcium and aggravation of hyperparathyroidism. </paragraph>
                     </text>
                     <effectiveTime value="20230728"/>
                  </section>
               </component>
               <component>
                  <section ID="Section_5.9">
                     <id root="19ddde62-60a7-4bd4-ac78-6a2df44171c0"/>
                     <code code="42229-5" codeSystem="2.16.840.1.113883.6.1" displayName="Spl Unclassified Section"/>
                     <title>5.9    Effects on Ability to Drive and Use Machines</title>
                     <text>
                        <br/>
                        <paragraph>Deferoxamine mesylate may cause dizziness, which may impair the ability to drive a car or operate machinery. Patients should not drive or operate machinery until they know how deferoxamine mesylate will affect their ability to engage in these activities.  </paragraph>
                     </text>
                     <effectiveTime value="20230728"/>
                  </section>
               </component>
               <component>
                  <section ID="Section_5.10">
                     <id root="30060db6-ca7f-4b0d-b509-0d08f6434b11"/>
                     <code code="42229-5" codeSystem="2.16.840.1.113883.6.1" displayName="Spl Unclassified Section"/>
                     <title>5.10  Embryo-Fetal Toxicity</title>
                     <text>
                        <br/>
                        <paragraph>Based on findings in animals, deferoxamine mesylate can cause fetal harm when administered to a pregnant woman. In animal reproduction studies, administration of deferoxamine to pregnant mice and rabbits during the period of organogenesis caused adverse developmental outcomes including decreased fetal body weights and malformations at maternal doses less than those in patients at maximum recommended human dose (MRHD). Advise pregnant women of the potential risk to a fetus. Advise females of reproductive potential and males with female partners of reproductive potential to use effective contraception during treatment with deferoxamine mesylate and for one month after the last dose <content styleCode="italics">[see Use in Specific Populations (<linkHtml href="#Section_8.1">8.1</linkHtml>, <linkHtml href="#Section_8.7">8.3</linkHtml>), Nonclinical Toxicology (<linkHtml href="#Section_13.1">13.1</linkHtml>)]</content>. </paragraph>
                     </text>
                     <effectiveTime value="20230728"/>
                  </section>
               </component>
            </section>
         </component>
         <component>
            <section ID="Section_6">
               <id root="c66392fb-d9c7-4457-8135-071140a0e03f"/>
               <code code="34084-4" codeSystem="2.16.840.1.113883.6.1" displayName="ADVERSE REACTIONS SECTION"/>
               <title>6 ADVERSE REACTIONS</title>
               <text>
                  <br/>
                  <paragraph>The following clinically significant adverse reactions are described elsewhere in the labeling: <br/>
                     <br/> • Hypersensitivity Reactions<content styleCode="italics"> [see Warnings and Precautions (<linkHtml href="#Section_5.1">5.1</linkHtml>)] </content>
                     <br/> • Auditory and Ocular Toxicity <content styleCode="italics">[see Warnings and Precautions (<linkHtml href="#Section_5.2">5.2</linkHtml>)]</content> <br/> • Renal Toxicity <content styleCode="italics">[see Warnings and Precautions (<linkHtml href="#Section_5.3">5.3</linkHtml>)] </content>
                     <br/> • Respiratory Toxicity <content styleCode="italics">[see Warnings and Precautions (<linkHtml href="#Section_5.4">5.4</linkHtml>)]</content> <br/> • Growth Suppression<content styleCode="italics"> [see Warnings and Precautions (<linkHtml href="#Section_5.5">5.5</linkHtml>)]</content> <br/> • Serious Infections <content styleCode="italics">[see Warnings and Precautions (<linkHtml href="#Section_5.6">5.6</linkHtml>)]</content> <br/> • Cardiac Dysfunction with Concomitant Use of Vitamin C <content styleCode="italics">[see Warnings and Precautions (<linkHtml href="#Section_5.7">5.7</linkHtml>)] </content>
                     <br/> • Risks of Deferoxamine mesylate Treatment in Patients with Aluminum Overload <content styleCode="italics">[see Warnings and Precautions (<linkHtml href="#Section_5.8">5.8</linkHtml>)]</content> <br/> • Effects on Ability to Drive and Use Machines <content styleCode="italics">[see Warnings and Precautions (<linkHtml href="#Section_5.9">5.9</linkHtml>)]</content> </paragraph>
               </text>
               <effectiveTime value="20230728"/>
               <excerpt>
                  <highlight>
                     <text>
                        <br/>
                        <paragraph>Most common adverse reactions are injection reactions (local and systemic), hypersensitivity reactions, infections with Yersinia and Mucormycosis, cardiovascular, gastrointestinal, hematologic, hepatic, musculoskeletal, urogenital, nervous, respiratory, ocular and hearing. (<linkHtml href="#Section_6">6</linkHtml>) <br/>
                           <br/>
                           <content styleCode="bold">To report SUSPECTED ADVERSE REACTIONS, contact Gland Pharma at 864-879-9994 or FDA at 1-800-FDA-1088 or www.fda.gov/medwatch.</content>
                        </paragraph>
                     </text>
                  </highlight>
               </excerpt>
               <component>
                  <section ID="Section_6.1">
                     <id root="b9103c66-f6ee-4953-b08d-1fcaa21d1b8b"/>
                     <code code="42229-5" codeSystem="2.16.840.1.113883.6.1" displayName="Spl Unclassified Section"/>
                     <title>6.1    Clinical Trials Experience</title>
                     <text>
                        <br/>
                        <paragraph>The following adverse reactions associated with the use of deferoxamine mesylate were identified in clinical studies or postmarketing reports. Because some of these reactions were reported voluntarily from a population of uncertain size, it is not always possible to reliably estimate their frequency or establish a causal relationship to drug exposure. <br/>
                           <br/>
                           <content styleCode="italics">At the Injection Site:</content> Localized irritation, pain, burning, swelling, induration, infiltration, pruritus, erythema, wheal formation, eschar, crust, vesicles, local edema. Injection site reactions may be associated with systemic allergic reactions <content styleCode="italics">([see Body as a Whole, below)]</content>
                        </paragraph>
                        <br/>
                        <br/>
                        <paragraph>
                           <content styleCode="italics">Hypersensitivity Reactions and Systemic Allergic Reactions:</content> Generalized rash, urticaria, anaphylactic reaction with or without shock, angioedema <br/>
                           <br/>
                           <content styleCode="italics">Body as a Whole:</content> Local injection site reactions may be accompanied by systemic reactions like arthralgia, fever, headache, myalgia, nausea, vomiting, abdominal pain, or asthma <br/>
                           <br/> Infections: Yersinia, mucormycosis <br/>
                           <br/>
                           <content styleCode="italics">Cardiovascular: </content>Tachycardia, hypotension, shock <br/>
                           <br/>
                           <content styleCode="italics">Digestive:</content> Abdominal discomfort, diarrhea, nausea, vomiting <br/>
                           <br/>
                           <content styleCode="italics">Hematologic:</content> Blood dyscrasia (thrombocytopenia, leucopenia) <br/>
                           <br/>
                           <content styleCode="italics">Hepatic:</content> Increased transaminases, hepatic dysfunction <br/>
                           <br/>
                           <content styleCode="italics">Musculoskeletal:</content> Muscle spasms. Growth retardation and bone changes (e.g., metaphyseal dysplasia) <br/>
                           <br/>
                           <content styleCode="italics">Nervous System:</content> Neurological disturbances, including dizziness, peripheral sensory, motor, or mixed neuropathy, paresthesias, seizures; exacerbation or precipitation of aluminum-related dialysis encephalopathy <br/>
                           <br/>
                           <content styleCode="italics">Special Senses:</content> High-frequency sensorineural hearing loss, tinnitus visual disturbances including acuity, blurred vision, loss of vision, dyschromatopsia, night blindness, visual field defects, scotoma, retinopathy (pigmentary degeneration), optic neuritis, and cataracts <br/>
                           <br/>
                           <content styleCode="italics">Respiratory:</content> Acute respiratory distress syndrome (with dyspnea, cyanosis, and/or interstitial infiltrates) <br/>
                           <br/>
                           <content styleCode="italics">Skin:</content> Generalized rash <br/>
                           <br/>
                           <content styleCode="italics">Urogenital:</content> Dysuria, acute renal failure, increased serum creatinine and renal tubular disorders </paragraph>
                     </text>
                     <effectiveTime value="20230728"/>
                  </section>
               </component>
            </section>
         </component>
         <component>
            <section ID="Section_7">
               <id root="ad7c5e44-02cc-47a7-966a-e24cef4b0e00"/>
               <code code="34073-7" codeSystem="2.16.840.1.113883.6.1" displayName="DRUG INTERACTIONS SECTION"/>
               <title>7 DRUG INTERACTIONS</title>
               <effectiveTime value="20230728"/>
               <excerpt>
                  <highlight>
                     <text>
                        <br/>
                        <paragraph>• Concurrent treatment with prochlorperazine may lead to temporary impairment of consciousness. (<linkHtml href="#Section_7.1">7.1</linkHtml>) <br/> • Imaging results may be distorted due to rapid urinary excretion of deferoxamine mesylate bound gallium-67. Discontinue deferoxamine mesylate 48 hours prior to scintigraphy. (<linkHtml href="#Section_7.2">7.2</linkHtml>)</paragraph>
                     </text>
                  </highlight>
               </excerpt>
               <component>
                  <section ID="Section_7.1">
                     <id root="7e5ad259-1b40-48c8-9dd0-bab36e00e37f"/>
                     <code code="42229-5" codeSystem="2.16.840.1.113883.6.1" displayName="Spl Unclassified Section"/>
                     <title>7.1     Prochlorperazine</title>
                     <text>
                        <br/>
                        <paragraph>Concurrent treatment with deferoxamine mesylate and prochlorperazine, a phenothiazine derivative, may lead to temporary impairment of consciousness. </paragraph>
                     </text>
                     <effectiveTime value="20230728"/>
                  </section>
               </component>
               <component>
                  <section ID="Section_7.2">
                     <id root="af9ea225-6998-4b19-8246-e8225e75950a"/>
                     <code code="42229-5" codeSystem="2.16.840.1.113883.6.1" displayName="Spl Unclassified Section"/>
                     <title>7.2     Gallium-67</title>
                     <text>
                        <br/>
                        <paragraph>Imaging results may be distorted because of the rapid urinary excretion of deferoxamine mesylate-bound gallium-67. Discontinue deferoxamine mesylate 48 hours prior to scintigraphy. </paragraph>
                     </text>
                     <effectiveTime value="20230728"/>
                  </section>
               </component>
            </section>
         </component>
         <component>
            <section ID="Section_8">
               <id root="f70679ff-39a8-42c3-90d9-39a1a8886b60"/>
               <code code="43684-0" codeSystem="2.16.840.1.113883.6.1" displayName="USE IN SPECIFIC POPULATIONS SECTION"/>
               <title>8 USE IN SPECIFIC POPULATIONS</title>
               <effectiveTime value="20230728"/>
               <excerpt>
                  <highlight>
                     <text>
                        <br/>
                        <paragraph>• Lactation: Advise not to breastfeed (<linkHtml href="#Section_8.6">8.2</linkHtml>)<br/> • Geriatric Use: Increased risk of ocular disorders (<linkHtml href="#Section_8.5">8.5</linkHtml>)</paragraph>
                     </text>
                  </highlight>
               </excerpt>
               <component>
                  <section ID="Section_8.1">
                     <id root="db7e1d4f-0772-407b-8387-fc89536c6912"/>
                     <code code="42228-7" codeSystem="2.16.840.1.113883.6.1" displayName="PREGNANCY SECTION"/>
                     <title>8.1 Pregnancy</title>
                     <text>
                        <br/>
                        <paragraph>
                           <content styleCode="underline">Risk Summary<br/>
                           </content>
                           <br/> There are no available data on deferoxamine mesylate use in pregnant women to evaluate for a drug-associated risk of major birth defects, miscarriages or adverse maternal or fetal outcomes. <br/>
                           <br/> In animal reproduction studies subcutaneous administration of deferoxamine to pregnant animals (mice or rabbits) during organogenesis at doses approximately ≥0.2- (mice) and ≥0.7 (rabbits) times the maximum recommended human dose resulted in maternal toxicity and adverse developmental outcomes <content styleCode="italics">(see Data)</content>. Advise pregnant women of the potential risk to a fetus. Consider the benefits and risks of deferoxamine mesylate for the mother and possible risks to the fetus when prescribing deferoxamine mesylate to a pregnant woman. <br/>
                           <br/> The estimated background risk of major birth defects and miscarriage for the indicated population(s) is unknown. All pregnancies have a background risk of birth defect, loss, or other adverse outcomes. In the U.S. general population, the estimated background risk of major birth defects and miscarriage in clinically recognized pregnancies is 2% to 4% and 15% to 20%, respectively. <br/>
                           <br/>
                           <content styleCode="underline">Data</content>
                           <br/>
                           <br/>
                           <content styleCode="italics">Animal Data </content>
                           <br/>
                           <br/> In an embryo-fetal developmental study in mice, pregnant animals administered subcutaneous doses of deferoxamine at 180, and 540 mg/kg/day from gestation day 7 to gestation day 12 resulted in a dose dependent delay and irregularities of fetal skeletal maturation at doses ≥0.2 times the MRHD. At the highest dose of 540 mg/kg, in 1/23 fetuses had a unilateral lesion to the eye lens (approximately 0.5 times the MRHD). <br/>
                           <br/> In the embryo-fetal developmental studies in rabbits, pregnant animals administered subcutaneous doses of deferoxamine either 200 mg/kg or 200, 300, and 540 mg/kg from gestation day 6 to gestation day 14 resulted in maternal toxicity and embryo-fetal developmental effects at 0.7 times the MRHD. Maternal toxicity included reduced fetal body weights and embryo-fetal effects included malformations of spina bifida, and increased incidence of abnormally ossified ribs and vertebrae. <br/>
                           <br/> No maternal toxicity or embryo-fetal effects were observed in rats at deferoxamine doses tested (up to 0.9 times the MRHD). </paragraph>
                     </text>
                     <effectiveTime value="20230728"/>
                  </section>
               </component>
               <component>
                  <section ID="Section_8.6">
                     <id root="d024cfa6-11bd-4841-96c7-96e14a656b2a"/>
                     <code code="42229-5" codeSystem="2.16.840.1.113883.6.1" displayName="Spl Unclassified Section"/>
                     <title>8.2     Lactation</title>
                     <text>
                        <br/>
                        <paragraph>There are no data on the presence of deferoxamine or its metabolite in either human or animal milk, the effects on the breastfed child, or the effects on milk production. It is not known whether deferoxamine is excreted in human milk. Because of the potential for serious adverse reactions in the breastfed child, advise patients not to breastfeed during treatment with deferoxamine mesylate, and for one week after the last dose.</paragraph>
                     </text>
                     <effectiveTime value="20230728"/>
                  </section>
               </component>
               <component>
                  <section ID="Section_8.7">
                     <id root="fe68f18d-196e-46f4-a732-ce9b81c743b2"/>
                     <code code="42229-5" codeSystem="2.16.840.1.113883.6.1" displayName="Spl Unclassified Section"/>
                     <title>8.3     Females and Males of Reproductive Potential</title>
                     <text>
                        <br/>
                        <paragraph>Based on animal data, deferoxamine mesylate can cause malformations at doses less than the human dose<content styleCode="italics"> [see Use in Specific Populations (<linkHtml href="#Section_8.1">8.1</linkHtml>)]. <br/>
                           </content>
                           <br/>
                           <content styleCode="underline">Contraception</content>
                           <br/>
                           <br/>
                           <content styleCode="italics">Females </content>
                           <br/>
                           <br/> Deferoxamine mesylate can cause embryo-fetal harm when administered to pregnant women <content styleCode="italics">[see Use in Specific Populations (<linkHtml href="#Section_8.1">8.1</linkHtml>)]</content>. Advise female patients of reproductive potential to use effective contraception during treatment with deferoxamine mesylate and for one month after the last dose.</paragraph>
                     </text>
                     <effectiveTime value="20230728"/>
                  </section>
               </component>
               <component>
                  <section ID="Section_8.4">
                     <id root="c97e6b0e-bccd-4857-b867-2ed79cf9db90"/>
                     <code code="34081-0" codeSystem="2.16.840.1.113883.6.1" displayName="PEDIATRIC USE SECTION"/>
                     <title>8.4 Pediatric Use</title>
                     <text>
                        <br/>
                        <paragraph>Safety and effectiveness in pediatric patients 3 years of age and older have been established for the treatment of acute iron intoxication and for the treatment of transfusional iron overload in patients with chronic anemia. Safety and effectiveness in pediatric patients under the age of 3 years have not been established. <br/>
                           <br/> Iron mobilization with deferoxamine mesylate is relatively poor in patients under the age of 3 years with relatively little iron overload. Deferoxamine mesylate is not recommended for use. The drug should ordinarily not be given to these patients unless significant iron mobilization (e.g., 1 mg or more of iron per day) can be demonstrated. <br/>
                           <br/> High doses of deferoxamine mesylate and concomitant low ferritin levels have been associated with growth suppression in pediatric patients. Monitor weight and height in pediatric patients receiving deferoxamine mesylate every 3 months <content styleCode="italics">[see Warnings and Precautions (<linkHtml href="#Section_5.5">5.5</linkHtml>), Adverse Reactions (<linkHtml href="#Section_6.1">6.1</linkHtml>)]</content>.</paragraph>
                     </text>
                     <effectiveTime value="20230728"/>
                  </section>
               </component>
               <component>
                  <section ID="Section_8.5">
                     <id root="046f936c-eb5a-4d3f-abe0-ae231a5b3ea4"/>
                     <code code="34082-8" codeSystem="2.16.840.1.113883.6.1" displayName="GERIATRIC USE SECTION"/>
                     <title>8.5 Geriatric Use</title>
                     <text>
                        <br/>
                        <paragraph>Clinical Studies of deferoxamine mesylate did not include sufficient numbers of subjects aged 65 years and over to determine whether they respond differently from the younger subjects. Postmarketing reports suggest a possible trend for an increased risk of eye disorders in the geriatric population, specifically the occurrence of color blindness, maculopathy, and scotoma. However, it is unclear if these eye disorders were dose related. Although the number of reports was very small, certain elderly patients may be predisposed to eye disorders when taking deferoxamine mesylate. Postmarketing reports also suggest that there may be an increased risk of deafness and hearing loss in the geriatric population <content styleCode="italics">[see Adverse Reactions (<linkHtml href="#Section_6">6</linkHtml>)]</content>. In general, dose selection for an elderly patient should be cautious, usually starting at the low end of the dosing range, reflecting the greater frequency of decreased hepatic, renal, or cardiac function, and of concomitant disease or other drug therapy.</paragraph>
                     </text>
                     <effectiveTime value="20230728"/>
                  </section>
               </component>
               <component>
                  <section ID="Section_8.8">
                     <id root="398f4bf1-c0b8-4a14-af0b-4b53e951ae4d"/>
                     <code code="42229-5" codeSystem="2.16.840.1.113883.6.1" displayName="Spl Unclassified Section"/>
                     <title>8.6     Renal Impairment</title>
                     <text>
                        <br/>
                        <paragraph>Deferoxamine mesylate is contraindicated in patients with severe renal disease <content styleCode="italics">[see Contraindications (<linkHtml href="#Section_4">4</linkHtml>)]</content>. </paragraph>
                        <br/>
                        <br/>
                        <paragraph>For patients with renal impairment, dose selection should usually start at the low end of the dosing range. <br/>
                           <br/> Deferoxamine can cause increases in serum creatinine (possibly dose-related), acute renal failure and renal tubular disorders <content styleCode="italics">[see Warnings and Precautions (<linkHtml href="#Section_5.3">5.3</linkHtml>)]</content>. Monitor patients for changes in renal function.</paragraph>
                     </text>
                     <effectiveTime value="20230728"/>
                  </section>
               </component>
               <component>
                  <section ID="Section_8.9">
                     <id root="3a4f4f6a-f0b3-4624-8d4d-df7a26d71b08"/>
                     <code code="42229-5" codeSystem="2.16.840.1.113883.6.1" displayName="Spl Unclassified Section"/>
                     <title>8.7     Hepatic Impairment</title>
                     <text>
                        <br/>
                        <paragraph>For patients with hepatic impairment, dose selection should usually start at the low end of the dosing range. </paragraph>
                     </text>
                     <effectiveTime value="20230728"/>
                  </section>
               </component>
            </section>
         </component>
         <component>
            <section ID="Section_10">
               <id root="9f67dc1f-718e-48a3-9058-155447b11f2e"/>
               <code code="34088-5" codeSystem="2.16.840.1.113883.6.1" displayName="OVERDOSAGE SECTION"/>
               <title>10 OVERDOSAGE</title>
               <text>
                  <br/>
                  <paragraph>
                     <content styleCode="italics">Acute Toxicity <br/>
                     </content>
                     <br/> Intravenous LD<sub>50</sub>s (mg/kg): mice, 287; rats, 329. <br/>
                     <br/> Inadvertent administration of an overdose or inadvertent intravenous bolus administration/rapid intravenous infusion may be associated with hypotension, tachycardia and gastrointestinal disturbances; acute but transient loss of vision, aphasia, agitation, headache, nausea, pallor, CNS depression, including coma, bradycardia and acute renal failure have been reported. <br/>
                     <br/> Acute respiratory distress syndrome has been reported following treatment with excessively high intravenous doses of deferoxamine mesylate in patients with acute iron intoxication and in patients with thalassemia. <br/>
                     <br/> There is no specific antidote for deferoxamine mesylate overdose. In case of overdose, discontinue deferoxamine mesylate and provide symptomatic supportive care. <br/>
                     <br/> Deferoxamine mesylate is readily dialyzable.</paragraph>
               </text>
               <effectiveTime value="20230728"/>
            </section>
         </component>
         <component>
            <section ID="Section_11">
               <id root="058877ca-1a33-4c46-8ccb-4345f011d03e"/>
               <code code="34089-3" codeSystem="2.16.840.1.113883.6.1" displayName="DESCRIPTION SECTION"/>
               <title>11 DESCRIPTION</title>
               <text>
                  <br/>
                  <paragraph>Deferoxamine mesylate for injection USP, is an iron-chelating agent, available in vials for injection via intramuscular, subcutaneous, and intravenous administration. Deferoxamine mesylate for injection USP, is supplied as vials containing 500 mg and 2 grams of deferoxamine mesylate USP (corresponding to 426.82 mg and 1.707 grams of deferoxamine as free base) in sterile, lyophilized form. Deferoxamine mesylate is <content styleCode="italics">N</content>-[5-[3-[(5-aminopentyl)hydroxycarbamoyl]propionamido]pentyl]-3-[[5-(<content styleCode="italics">N</content>-hydroxyacetamido)pentyl]carbamoyl]propionohydroxamic acid monomethanesulfonate (salt), and its structural formula is:</paragraph>
                  <paragraph>
                     <renderMultiMedia referencedObject="MM1"/>
                  </paragraph>
                  <br/>
                  <br/>
                  <paragraph>Deferoxamine mesylate USP is a white crystalline powder. It is freely soluble in water and slightly soluble in methanol. Its molecular weight is 656.79 g/mol. </paragraph>
               </text>
               <effectiveTime value="20230728"/>
               <component>
                  <observationMedia ID="MM1">
                     <text>deferoxamine-spl-structure</text>
                     <value xsi:type="ED" mediaType="image/jpeg">
                        <reference value="deferoxamine-spl-structure.jpg"/>
                     </value>
                  </observationMedia>
               </component>
            </section>
         </component>
         <component>
            <section ID="Section_12">
               <id root="aa93f7b2-1108-47dd-a450-5bf37e5d628f"/>
               <code code="34090-1" codeSystem="2.16.840.1.113883.6.1" displayName="CLINICAL PHARMACOLOGY SECTION"/>
               <title>12 CLINICAL PHARMACOLOGY</title>
               <effectiveTime value="20230728"/>
               <component>
                  <section ID="Section_12.1">
                     <id root="248f3100-9093-4e6c-b80c-3291495e3e1b"/>
                     <code code="43679-0" codeSystem="2.16.840.1.113883.6.1" displayName="MECHANISM OF ACTION SECTION"/>
                     <title>12.1 Mechanism of Action</title>
                     <text>
                        <br/>
                        <paragraph>Deferoxamine mesylate chelates iron by forming a stable complex that prevents the iron from entering into further chemical reactions. It readily chelates iron from ferritin and hemosiderin but not readily from transferrin; it does not combine with the iron from cytochromes and hemoglobin.<br/>
                           <br/> Deferoxamine mesylate does not cause any demonstrable increase in the excretion of electrolytes or trace metals. Theoretically, 100 parts by weight of deferoxamine mesylate is capable of binding approximately 8.5 parts by weight of ferric iron. </paragraph>
                     </text>
                     <effectiveTime value="20230728"/>
                  </section>
               </component>
               <component>
                  <section ID="Section_12.3">
                     <id root="14bcc374-2554-4900-9c77-cb68cc0c4b95"/>
                     <code code="43682-4" codeSystem="2.16.840.1.113883.6.1" displayName="PHARMACOKINETICS SECTION"/>
                     <title>12.3 Pharmacokinetics</title>
                     <text>
                        <br/>
                        <paragraph>Deferoxamine mesylate is metabolized principally by plasma enzymes, but the pathways have not yet been defined. The chelate is readily soluble in water and passes easily through the kidney, giving the urine a characteristic reddish color. Some is also excreted in the feces via the bile. </paragraph>
                     </text>
                     <effectiveTime value="20230728"/>
                  </section>
               </component>
            </section>
         </component>
         <component>
            <section ID="Section_13">
               <id root="8ab8f94e-9b26-462c-81b5-2305bbd4d491"/>
               <code code="43680-8" codeSystem="2.16.840.1.113883.6.1" displayName="NONCLINICAL TOXICOLOGY SECTION"/>
               <title>13 NONCLINICAL TOXICOLOGY</title>
               <effectiveTime value="20230728"/>
               <component>
                  <section ID="Section_13.1">
                     <id root="c5289a2a-724c-406a-a6f8-9fc5f547406d"/>
                     <code code="34083-6" codeSystem="2.16.840.1.113883.6.1" displayName="CARCINOGENESIS &amp; MUTAGENESIS &amp; IMPAIRMENT OF FERTILITY SECTION"/>
                     <title>13.1 Carcinogenesis, Mutagenesis, Impairment of Fertility</title>
                     <text>
                        <br/>
                        <paragraph>Long-term carcinogenicity studies in animals have not been performed with deferoxamine mesylate. Cytotoxicity may occur, since deferoxamine mesylate has been shown to inhibit DNA synthesis <content styleCode="italics">in vitro</content>. <br/>
                           <br/> Deferoxamine mesylate was not mutagenic when tested in an <content styleCode="italics">in vitro</content> bacterial reverse mutation (Ames) and was not genotoxic in an <content styleCode="italics">in vivo</content> micronucleus assay in rats.<br/>  <br/> Animal studies to assess fertility effects have not been conducted.</paragraph>
                     </text>
                     <effectiveTime value="20230728"/>
                  </section>
               </component>
            </section>
         </component>
         <component>
            <section ID="Section_17">
               <id root="4ab39a25-daec-431a-9bc7-9151d82bd3ee"/>
               <code code="34069-5" codeSystem="2.16.840.1.113883.6.1" displayName="HOW SUPPLIED SECTION"/>
               <title>16 HOW SUPPLIED/STORAGE AND HANDLING</title>
               <text>
                  <br/>
                  <paragraph>
                     <content styleCode="underline">How Supplied</content>
                     <br/>
                     <br/> Deferoxamine mesylate for injection USP, is supplied in single-dose vials containing 500 mg and 2 grams of deferoxamine mesylate (corresponding to 426.82 mg and 1.707 grams of deferoxamine as free base) as a sterile, white to off-white lyophilized powder. <br/>
                     <br/> Deferoxamine mesylate for injection USP, is supplied in cartons as follows:<br/>
                     <br/>
                     <content styleCode="bold">500 mg/vial</content> <br/>
                     <br/> Cartons of 4 vials                              NDC 68083-172-04<br/>
                     <br/>
                     <content styleCode="bold">2 grams/vial </content>
                     <br/>
                     <br/> Cartons of 4 vials                              NDC 68083-173-04<br/>
                     <content styleCode="underline"> </content>
                     <br/>
                     <content styleCode="underline">Storage and Handling</content>
                     <br/>
                     <br/>Store at 20° to 25°C (68° to 77°F) [see USP Controlled Room Temperature].</paragraph>
                  <br/>
                  <br/>
                  <paragraph> Each vial is for single dose only.<br/> Discard unused portion.</paragraph>
               </text>
               <effectiveTime value="20230728"/>
            </section>
         </component>
         <component>
            <section ID="Section_16">
               <id root="d8b5fc50-d47d-4f89-8abb-f5062d1ce3d0"/>
               <code code="34076-0" codeSystem="2.16.840.1.113883.6.1" displayName="INFORMATION FOR PATIENTS SECTION"/>
               <title>17 PATIENT COUNSELING INFORMATION</title>
               <text>
                  <br/>
                  <paragraph>Caution patients about the potential allergic reactions associated with rapid intravenous administration of deferoxamine mesylate for injection and the need for monitoring allergic reactions during treatment <content styleCode="italics">[see Warnings and Precautions (<linkHtml href="#Section_5.1">5.1</linkHtml>)]</content>. <br/>
                     <br/> Caution patients about the potential auditory and ocular toxicities due to prolonged use of deferoxamine mesylate for injection, conduct auditory testing and ophthalmic testing at regular intervals. Advise patients to contact their healthcare provider if they develop visual or auditory changes during treatment <content styleCode="italics">[see Warnings and Precautions (<linkHtml href="#Section_5.2">5.2</linkHtml>)]</content>. <br/>
                     <br/> Caution patients about the potential for kidney toxicity when taking deferoxamine mesylate for injection and the need for kidney function test to monitor for increase in serum creatinine <content styleCode="italics">[see Warnings and Precautions (<linkHtml href="#Section_5.3">5.3</linkHtml>)]</content>. <br/>
                     <br/> Inform patients that if they have difficulty in breathing during treatment, they should inform the healthcare provider as this is a symptom of acute respiratory distress syndrome which can occur with excessively high intravenous doses of deferoxamine mesylate for injection <content styleCode="italics">[see Warnings and Precautions (<linkHtml href="#Section_5.4">5.4</linkHtml>)]</content>. <br/>
                     <br/> Caution pediatric patients and their caregivers that child treated with deferoxamine mesylate for injection could have slower than normal growth and the need to monitor for body weight and height every 3 months <content styleCode="italics">[see Warnings and Precautions (<linkHtml href="#Section_5.5">5.5</linkHtml>)]</content>. <br/>
                     <br/> Caution patients about the increased risk of bacterial infections (<content styleCode="italics">Yersinia enterocolitica </content>and <content styleCode="italics">Yersinia pseudotuberculosis</content>) with deferoxamine mesylate for injection treatment and the need for treatment discontinuation until the infection is resolved <content styleCode="italics">[see Warnings and Precautions (<linkHtml href="#Section_5.6">5.6</linkHtml>)]</content>. <br/>
                     <br/> Caution patients about the potential risk of fungal infections (<content styleCode="italics">Mucormycosis</content>) when receiving deferoxamine mesylate for injection treatment and the need for treatment discontinuation, mycological tests and required treatment for treating the infection <content styleCode="italics">[see Warnings and Precautions (<linkHtml href="#Section_5.6">5.6</linkHtml>)]</content>. <br/>
                     <br/> Caution patients about the potential impairment of cardiac function when taking deferoxamine mesylate for injection concomitantly with high doses of Vitamin C (more than 500 mg daily in adults). Inform adult patients not to exceed a daily Vitamin C dose of 200 mg given in divided doses. Inform pediatric patients under 10 years of age and older pediatric patients or their care takers not to exceed a daily Vitamin C of 50 mg and 100 mg, respectively <content styleCode="italics">[see Dosage and Administration (<linkHtml href="#Section_2.4">2.4</linkHtml>) and Warnings and Precautions (<linkHtml href="#Section_5.7">5.7</linkHtml>)]</content>. <br/>
                     <br/> Inform patients with cardiac failure not to take Vitamin C supplements when on treatment with deferoxamine mesylate for injection <content styleCode="italics">[see Dosage and Administration (<linkHtml href="#Section_2.4">2.4</linkHtml>) and Warnings and Precautions (<linkHtml href="#Section_5.7">5.7</linkHtml>)]</content>. <br/>
                     <br/> Caution patients with aluminum-related encephalopathy and receiving dialysis about potential neurological dysfunction <content styleCode="italics">[see Warnings and Precautions (<linkHtml href="#Section_5.8">5.8</linkHtml>)]</content>. <br/>
                     <br/> Cautions patients that treatment with deferoxamine mesylate for injection in the presence of aluminum overload may result in decreased serum calcium and aggravation of hyperparathyroidism <content styleCode="italics">[see Warnings and Precautions (<linkHtml href="#Section_5.8">5.8</linkHtml>)]</content>. <br/>
                     <br/> Inform patients that they should refrain from driving or operating potentially hazardous machines if they experience dizziness or other nervous system disturbances, or impairment of vision or hearing <content styleCode="italics">[see Warnings and Precautions (<linkHtml href="#Section_5.9">5.9</linkHtml>)]</content>. <br/>
                     <br/> Advise patients to inform the healthcare provider if they have received prochlorperazine prior to deferoxamine mesylate for injection treatment as this may lead to temporary impairment of consciousness<content styleCode="italics"> [see Drug Interactions (<linkHtml href="#Section_7.1">7.1</linkHtml>)]</content>. <br/>
                     <br/> Inform patients that if they are going for any imaging tests while receiving Gallium-67 and deferoxamine mesylate for injection concomitantly it can result in reports with distorted images <content styleCode="italics">[see Drug Interactions (<linkHtml href="#Section_7.2">7.2</linkHtml>)]</content>. <br/>
                     <br/> Inform patients that their urine may occasionally show a reddish discoloration. <br/>
                     <br/>
                     <content styleCode="underline">Embryo-fetal Toxicity:<br/>
                     </content>
                     <br/> Advise pregnant women and females of reproductive potential of the potential risk to a fetus. Advise females of reproductive potential to inform their healthcare provider of a known or suspected pregnancy <content styleCode="italics">[see Warnings and Precautions (5.10), Use in Specific Populations (<linkHtml href="#Section_8.1">8.1</linkHtml>, <linkHtml href="#Section_8.7">8.3</linkHtml>)]</content>. <br/>
                     <br/> Advise females of reproductive potential to use effective contraceptive during treatment with deferoxamine mesylate for injection and for one month after the last dose <content styleCode="italics">[see Use in Specific Populations (<linkHtml href="#Section_8.7">8.3</linkHtml>)]</content>. <br/>
                     <br/>
                     <content styleCode="underline">Lactation</content>
                     <br/>
                     <br/> Advise patients to avoid breastfeeding while taking deferoxamine mesylate for injection and for one week after the final dose <content styleCode="italics">[see Use in Specific Populations (<linkHtml href="#Section_8.6">8.2</linkHtml>)]</content>.<br/>
                     <br/> Manufactured by:<br/>
                     <content styleCode="bold">Gland Pharma Limited</content>
                     <br/> Hyderabad - 500043, India.<br/>
                     <br/> Revised: 07/2023</paragraph>
               </text>
               <effectiveTime value="20230728"/>
            </section>
         </component>
         <component>
            <section ID="Section_18">
               <id root="e1de8404-94b0-4612-b23b-a3e8f287741c"/>
               <code code="51945-4" codeSystem="2.16.840.1.113883.6.1" displayName="PACKAGE LABEL.PRINCIPAL DISPLAY PANEL"/>
               <title>PACKAGE LABEL.PRINCIPAL DISPLAY PANEL</title>
               <text>
                  <paragraph>Container Label - 500 mg per vial<br/>
                     <br/> NDC 68083-172-01        Rx only<br/>
                     <content styleCode="bold">Deferoxamine Mesylate for Injection, USP<br/> 500 mg per vial </content>
                  </paragraph>
                  <paragraph> For SC, IM or IV Use</paragraph>
                  <br/>
                  <paragraph>
                     <renderMultiMedia referencedObject="MM2"/>
                  </paragraph>
                  <br/>
                  <br/>
                  <paragraph>Container Label - 2 g per vial<br/>
                     <br/> NDC 68083-173-01      Rx only </paragraph>
                  <br/>
                  <paragraph>
                     <content styleCode="bold">Deferoxamine Mesylate for Injection, USP<br/> 2 g per vial </content>
                  </paragraph>
                  <paragraph>For SC, IM or IV Use</paragraph>
                  <paragraph>For Single-dose only.</paragraph>
                  <paragraph>
                     <renderMultiMedia referencedObject="MM3"/>
                  </paragraph>
               </text>
               <effectiveTime value="20230728"/>
               <component>
                  <observationMedia ID="MM2">
                     <text>deferoxamine-spl-500mg-vial</text>
                     <value xsi:type="ED" mediaType="image/jpeg">
                        <reference value="deferoxamine-spl-500mg-vial.jpg"/>
                     </value>
                  </observationMedia>
               </component>
               <component>
                  <observationMedia ID="MM3">
                     <text>deferoxamine-spl-2g-vial</text>
                     <value xsi:type="ED" mediaType="image/jpeg">
                        <reference value="deferoxamine-spl-2g-vial.jpg"/>
                     </value>
                  </observationMedia>
               </component>
            </section>
         </component>
      </structuredBody>
   </component>
</document>