<?xml version="1.0" encoding="UTF-8"?><?xml-stylesheet href="https://www.accessdata.fda.gov/spl/stylesheet/spl.xsl" type="text/xsl"?>
<document xmlns="urn:hl7-org:v3" xmlns:xsi="http://www.w3.org/2001/XMLSchema-instance" xsi:schemaLocation="urn:hl7-org:v3 https://www.accessdata.fda.gov/spl/schema/spl.xsd">
   <id root="492b9f6d-ad36-4fd7-a3d5-b6cb4a8f01cc"/>
   <code code="34391-3" codeSystem="2.16.840.1.113883.6.1" displayName="HUMAN PRESCRIPTION DRUG LABEL"/>
   <title>Caffeine Citrate Oral Solution<br/>
      <br/> Rx only.</title>
   <effectiveTime value="20230731"/>
   <setId root="2bd238d4-4657-4341-9c28-1b468b8f3bf8"/>
   <versionNumber value="2"/>
   <author>
      <time/>
      <assignedEntity>
         <representedOrganization>
            <id root="1.3.6.1.4.1.519.1" extension="098405973"/>
            <name>Armas Pharmaceuticals Inc.</name>
            <assignedEntity>
               <assignedOrganization/>
            </assignedEntity>
         </representedOrganization>
      </assignedEntity>
   </author>
   <component>
      <structuredBody>
         <component>
            <section>
               <id root="8d08ae6a-9b97-4060-8bf3-624ce25e2063"/>
               <code code="48780-1" codeSystem="2.16.840.1.113883.6.1" displayName="SPL product data elements section"/>
               <effectiveTime value="20200311"/>
               <subject>
                  <manufacturedProduct>
                     <manufacturedProduct>
                        <code code="72485-110" codeSystem="2.16.840.1.113883.6.69"/>
                        <name>Caffeine Citrate Oral Solution</name>
                        <formCode code="C42986" codeSystem="2.16.840.1.113883.3.26.1.1" displayName="SOLUTION"/>
                        <asEntityWithGeneric>
                           <genericMedicine>
                              <name>Caffeine Citrate</name>
                           </genericMedicine>
                        </asEntityWithGeneric>
                        <ingredient classCode="ACTIB">
                           <quantity>
                              <numerator value="60" unit="mg"/>
                              <denominator value="3" unit="mL"/>
                           </quantity>
                           <ingredientSubstance>
                              <code code="U26EO4675Q" codeSystem="2.16.840.1.113883.4.9"/>
                              <name>CAFFEINE CITRATE</name>
                              <activeMoiety>
                                 <activeMoiety>
                                    <code code="3G6A5W338E" codeSystem="2.16.840.1.113883.4.9"/>
                                    <name>CAFFEINE</name>
                                 </activeMoiety>
                              </activeMoiety>
                           </ingredientSubstance>
                        </ingredient>
                        <ingredient classCode="IACT">
                           <ingredientSubstance>
                              <code code="2968PHW8QP" codeSystem="2.16.840.1.113883.4.9"/>
                              <name>CITRIC ACID MONOHYDRATE</name>
                           </ingredientSubstance>
                        </ingredient>
                        <ingredient classCode="IACT">
                           <ingredientSubstance>
                              <code code="B22547B95K" codeSystem="2.16.840.1.113883.4.9"/>
                              <name>TRISODIUM CITRATE DIHYDRATE</name>
                           </ingredientSubstance>
                        </ingredient>
                        <ingredient classCode="IACT">
                           <ingredientSubstance>
                              <code code="059QF0KO0R" codeSystem="2.16.840.1.113883.4.9"/>
                              <name>WATER</name>
                           </ingredientSubstance>
                        </ingredient>
                        <asContent>
                           <quantity>
                              <numerator value="3" unit="mL"/>
                              <denominator value="1"/>
                           </quantity>
                           <containerPackagedProduct>
                              <code/>
                              <formCode code="C43215" codeSystem="2.16.840.1.113883.3.26.1.1" displayName="VIAL, SINGLE-DOSE"/>
                              <asContent>
                                 <quantity>
                                    <numerator value="10" unit="1"/>
                                    <denominator value="1"/>
                                 </quantity>
                                 <containerPackagedProduct>
                                    <code code="72485-110-10" codeSystem="2.16.840.1.113883.6.69"/>
                                    <formCode code="C43178" codeSystem="2.16.840.1.113883.3.26.1.1" displayName="BOX"/>
                                 </containerPackagedProduct>
                                 <subjectOf>
                                    <marketingAct>
                                       <code code="C53292" codeSystem="2.16.840.1.113883.3.26.1.1"/>
                                       <statusCode code="active"/>
                                       <effectiveTime>
                                          <low value="20200301"/>
                                       </effectiveTime>
                                    </marketingAct>
                                 </subjectOf>
                              </asContent>
                           </containerPackagedProduct>
                           <subjectOf>
                              <characteristic>
                                 <code code="SPLCMBPRDTP" codeSystem="2.16.840.1.113883.1.11.19255"/>
                                 <value code="C112160" codeSystem="2.16.840.1.113883.3.26.1.1" displayName="Type 0: Not a Combination Product" xsi:type="CV"/>
                              </characteristic>
                           </subjectOf>
                        </asContent>
                     </manufacturedProduct>
                     <subjectOf>
                        <approval>
                           <id extension="ANDA213202" root="2.16.840.1.113883.3.150"/>
                           <code code="C73584" codeSystem="2.16.840.1.113883.3.26.1.1" displayName="ANDA"/>
                           <author>
                              <territorialAuthority>
                                 <territory>
                                    <code code="USA" codeSystem="2.16.840.1.113883.5.28"/>
                                 </territory>
                              </territorialAuthority>
                           </author>
                        </approval>
                     </subjectOf>
                     <subjectOf>
                        <marketingAct>
                           <code code="C53292" codeSystem="2.16.840.1.113883.3.26.1.1"/>
                           <statusCode code="active"/>
                           <effectiveTime>
                              <low value="20200301"/>
                           </effectiveTime>
                        </marketingAct>
                     </subjectOf>
                     <consumedIn>
                        <substanceAdministration>
                           <routeCode code="C38288" codeSystem="2.16.840.1.113883.3.26.1.1" displayName="ORAL"/>
                        </substanceAdministration>
                     </consumedIn>
                  </manufacturedProduct>
               </subject>
            </section>
         </component>
         <component>
            <section ID="Le2cf59dc-d2fc-4ea9-bf1f-83f2864cb32b">
               <id root="28d3ea08-fab0-40de-a8ec-f3a6691c783f"/>
               <code code="34089-3" codeSystem="2.16.840.1.113883.6.1" displayName="DESCRIPTION SECTION"/>
               <title>DESCRIPTION</title>
               <text>
                  <paragraph>Caffeine Citrate Oral Solution are clear, colorless, sterile, non-pyrogenic, preservative-free, aqueous solutions adjusted to pH 4.7. Each mL contains 20 mg caffeine citrate (equivalent to 10 mg of caffeine base) prepared in solution by the addition of 10 mg caffeine anhydrous to 5 mg citric acid monohydrate, 8.3 mg trisodium citrate dihydrate and Water for Injection.</paragraph>
                  <paragraph>Caffeine, a central nervous system stimulant, is an odorless white crystalline powder or granule, with a bitter taste. It is sparingly soluble in water and ethanol at room temperature. The chemical name of caffeine is 3,7-dihydro-1,3,7-trimethyl- 1<content styleCode="italics">H</content>-purine- 2,6-dione. In the presence of citric acid it forms caffeine citrate salt in solution. The structural formula and molecular weight of caffeine citrate follows.</paragraph>
                  <paragraph>
                     <renderMultiMedia referencedObject="Le47eedc5-0768-4603-9c00-d8c133c50683"/>
                  </paragraph>
               </text>
               <effectiveTime value="20230728"/>
               <component>
                  <observationMedia ID="Le47eedc5-0768-4603-9c00-d8c133c50683">
                     <text>image description</text>
                     <value mediaType="image/jpeg" xsi:type="ED">
                        <reference value="structure-1.jpg"/>
                     </value>
                  </observationMedia>
               </component>
            </section>
         </component>
         <component>
            <section ID="L94ed29ac-1b4e-44b7-a2ed-ac39c395a1f1">
               <id root="16632350-d4c2-4e4e-b26f-1166fffb5430"/>
               <code code="34090-1" codeSystem="2.16.840.1.113883.6.1" displayName="CLINICAL PHARMACOLOGY SECTION"/>
               <title>CLINICAL PHARMACOLOGY</title>
               <text>
                  <paragraph>
                     <content styleCode="bold">Mechanism of Action</content>
                  </paragraph>
                  <paragraph>Caffeine is structurally related to other methylxanthines, theophylline and theobromine.  It is a bronchial smooth muscle relaxant, a CNS stimulant, a cardiac muscle stimulant and a diuretic.</paragraph>
                  <paragraph>Although the mechanism of action of caffeine in apnea of prematurity is not known, several mechanisms have been hypothesized.  These include: (1) stimulation of the respiratory center, (2) increased minute ventilation, (3) decreased threshold to hypercapnia, (4) increased response to hypercapnia, (5) increased skeletal muscle tone, (6) decreased diaphragmatic fatigue, (7) increased metabolic rate, and (8) increased oxygen consumption.</paragraph>
                  <paragraph>Most of these effects have been attributed to antagonism of adenosine receptors, both A<sub>1</sub> and A<sub>2 </sub>subtypes, by caffeine, which has been demonstrated in receptor binding assays and observed at concentrations approximating those achieved therapeutically.</paragraph>
                  <paragraph>
                     <content styleCode="bold">Pharmacokinetics </content>
                  </paragraph>
                  <paragraph>
                     <content styleCode="italics">Absorption: </content>After oral administration of 10 mg caffeine base/kg to preterm neonates, the peak plasma level (C<sub>max</sub>) for caffeine ranged from 6 to 10 mg/L and the mean time to reach peak concentration (T<sub>max</sub>) ranged from 30 minutes to 2 hours.  The T<sub>max </sub>was not affected by formula feeding. The absolute bioavailability, however, was not fully examined in preterm neonates.</paragraph>
                  <paragraph>
                     <content styleCode="italics">Distribution: </content>Caffeine is rapidly distributed into the brain. Caffeine levels in the cerebrospinal fluid of preterm neonates approximate their plasma levels. The mean volume of distribution of caffeine in infants (0.8 to 0.9 L/kg) is slightly higher than that in adults (0.6 L/kg). Plasma protein binding data are not available for neonates or infants. In adults, the mean plasma protein binding <content styleCode="italics">in vitro </content>is reported to be approximately 36%.</paragraph>
                  <paragraph>
                     <content styleCode="italics">Metabolism: </content>Hepatic cytochrome P450 1A2 (CYP1A2) is involved in caffeine biotransformation.  Caffeine metabolism in preterm neonates is limited due to their immature hepatic enzyme systems.</paragraph>
                  <paragraph>Interconversion between caffeine and theophylline has been reported in preterm neonates; caffeine levels are approximately 25% of theophylline levels after theophylline administration and approximately 3-8% of caffeine administered would be expected to convert to theophylline.</paragraph>
                  <paragraph>
                     <content styleCode="italics">Elimination</content>:  In young infants, the elimination of caffeine is much slower than that in adults due to immature hepatic and/or renal function.  Mean half- life (T<sub>1/2</sub>) and fraction excreted unchanged in urine (A<sub>e</sub>) of caffeine in infants have been shown to be inversely related to gestational/postconceptual age. In neonates, the T<sub>1/2</sub> is approximately 3 to 4 days and the A<sub>e</sub> is approximately 86% (within 6 days).  By 9 months of age, the metabolism of caffeine approximates that seen in adults (T<sub>1/2</sub> = 5 hours and A<sub>e</sub>= 1%).</paragraph>
                  <paragraph>
                     <content styleCode="italics">Special Populations: </content>Studies examining the pharmacokinetics of caffeine in neonates with hepatic or renal insufficiency have not been conducted.  Caffeine citrate should be administered with caution in preterm neonates with impaired renal or hepatic function.</paragraph>
                  <paragraph>
                     <content styleCode="bold">Clinical Studies </content>
                  </paragraph>
                  <paragraph>One multicenter, randomized, double-blind trial compared caffeine citrate to placebo in eighty-five (85) preterm infants (gestational age 28 to &lt; 33 weeks) with apnea of prematurity.  Apnea of prematurity was defined as having at least 6 apnea episodes of greater than 20 seconds duration in a 24-hour period with no other identifiable cause of apnea.  A 1 mL/kg (20 mg/kg caffeine citrate providing 10 mg/kg as caffeine base) loading dose of caffeine citrate was administered intravenously, followed by a 0.25 mL/kg (5 mg/kg caffeine citrate providing 2.5 mg/kg of caffeine base) daily maintenance dose administered either intravenously or orally (generally through a feeding tube). The duration of treatment in this study was limited to 10 to 12 days. The protocol allowed infants to be “rescued” with open-label caffeine citrate treatment if their apnea remained uncontrolled during the double-blind phase of the trial.</paragraph>
                  <paragraph>The percentage of patients without apnea on day 2 of treatment (24 to 48 hours after the loading dose) was significantly greater with caffeine citrate than placebo.  The following table summarizes the clinically relevant endpoints evaluated in this study:</paragraph>
                  <table width="100%" cellspacing="0" cellpadding="0">
                     <colgroup>
                        <col width="49.98%"/>
                        <col width="22.2%"/>
                        <col width="13.32%"/>
                        <col width="14.5%"/>
                     </colgroup>
                     <tbody>
                        <tr styleCode="Botrule First">
                           <td styleCode="Lrule Rrule" valign="top" align="justify"/>
                           <td styleCode="Rrule" valign="top" align="center">
                              <content styleCode="bold">Caffeine citrate</content>
                           </td>
                           <td styleCode="Rrule" valign="top" align="center">
                              <content styleCode="bold">Placebo</content>
                           </td>
                           <td styleCode="Rrule" valign="top" align="center">
                              <content styleCode="bold">p-value</content>
                           </td>
                        </tr>
                        <tr styleCode="Botrule">
                           <td styleCode="Lrule Rrule" valign="top" align="justify">Number of patients evaluated <sup>1</sup>
                           </td>
                           <td styleCode="Rrule" valign="top" align="center">45</td>
                           <td styleCode="Rrule" valign="top" align="center">37</td>
                           <td styleCode="Rrule" valign="top" align="center"/>
                        </tr>
                        <tr styleCode="Botrule">
                           <td styleCode="Lrule Rrule" valign="top">% of patients with zero apnea events on day 2</td>
                           <td styleCode="Rrule" valign="top" align="center">26.7</td>
                           <td styleCode="Rrule" valign="top" align="center">8.1</td>
                           <td styleCode="Rrule" valign="top" align="center">0.03</td>
                        </tr>
                        <tr styleCode="Botrule">
                           <td styleCode="Lrule Rrule" valign="top" align="justify">Apnea rate on day 2 (per 24 hrs.)</td>
                           <td styleCode="Rrule" valign="top" align="center">4.9</td>
                           <td styleCode="Rrule" valign="top" align="center">7.2</td>
                           <td styleCode="Rrule" valign="top" align="center">0.134</td>
                        </tr>
                        <tr>
                           <td styleCode="Lrule Rrule" valign="top">% of patients with 50% reduction in apnea events from baseline on day 2</td>
                           <td styleCode="Rrule" valign="top" align="center">76</td>
                           <td styleCode="Rrule" valign="top" align="center">57</td>
                           <td styleCode="Rrule" valign="top" align="center">0.07</td>
                        </tr>
                     </tbody>
                  </table>
                  <paragraph>
                     <sub/>
                     <sup>1</sup> Of 85 patients who received drug, 3 were not included in the efficacy analysis because they had &lt; 6 apnea episodes/24 hours at baseline.</paragraph>
                  <paragraph>In this 10 to 12 day trial, the mean number of days with zero apnea events was 3 in the caffeine citrate group and 1.2 in the placebo group.  The mean number of days with a 50% reduction from baseline in apnea events was 6.8 in the caffeine citrate group and 4.6 in the placebo group.</paragraph>
               </text>
               <effectiveTime value="20230728"/>
            </section>
         </component>
         <component>
            <section ID="Section_3">
               <id root="f05296c9-6434-4a47-8119-9c8ba7f48133"/>
               <code code="34067-9" codeSystem="2.16.840.1.113883.6.1" displayName="INDICATIONS &amp; USAGE SECTION"/>
               <title>INDICATIONS AND USAGE</title>
               <text>
                  <paragraph>Caffeine citrate is indicated for the short term treatment of apnea of prematurity in infants between 28 and &lt;33 weeks gestational age.</paragraph>
               </text>
               <effectiveTime value="20230728"/>
            </section>
         </component>
         <component>
            <section ID="Section_4">
               <id root="0c117412-fb06-4d21-9dfb-1d1835806d4a"/>
               <code code="34070-3" codeSystem="2.16.840.1.113883.6.1" displayName="CONTRAINDICATIONS SECTION"/>
               <title>CONTRAINDICATIONS</title>
               <text>
                  <paragraph>Caffeine citrate is contraindicated in patients who have demonstrated hypersensitivity to any of its components.</paragraph>
               </text>
               <effectiveTime value="20230728"/>
            </section>
         </component>
         <component>
            <section ID="Section_5">
               <id root="92f2de1a-6c32-47e7-8b01-22e574566e0a"/>
               <code code="34071-1" codeSystem="2.16.840.1.113883.6.1" displayName="WARNINGS SECTION"/>
               <title>WARNINGS</title>
               <text>
                  <paragraph> During the double-blind, placebo-controlled clinical trial, six cases of necrotizing enterocolitis developed among the 85 infants studied (caffeine=46, placebo=39), with three cases resulting in death.  Five of the six patients with necrotizing enterocolitis were randomized to or had been exposed to caffeine citrate.</paragraph>
                  <paragraph>  Reports in the published literature have raised a question regarding the possible association between the use of methylxanthines and development of necrotizing enterocolitis, although a causal relationship between methylxanthine use and necrotizing enterocolitis has not been established. Therefore, as with all preterm infants, patients being treated with caffeine citrate should be carefully monitored for the development of necrotizing enterocolitis. </paragraph>
               </text>
               <effectiveTime value="20230728"/>
            </section>
         </component>
         <component>
            <section ID="Section_6">
               <id root="0e4763d2-e395-457c-9dd6-1eb24ece95ba"/>
               <code code="42232-9" codeSystem="2.16.840.1.113883.6.1" displayName="PRECAUTIONS SECTION"/>
               <title>PRECAUTIONS</title>
               <effectiveTime value="20230728"/>
               <component>
                  <section ID="Section_6.1">
                     <id root="41e902e2-68fd-4901-85b0-c740261d8fe3"/>
                     <code code="34072-9" codeSystem="2.16.840.1.113883.6.1" displayName="GENERAL PRECAUTIONS SECTION"/>
                     <title>General</title>
                     <text>
                        <paragraph>Apnea of prematurity is a diagnosis of exclusion. Other causes of apnea (e.g., central nervous system disorders, primary lung disease, anemia, sepsis, metabolic disturbances, cardiovascular abnormalities, or obstructive apnea) should be ruled out or properly treated prior to initiation of caffeine citrate.</paragraph>
                        <paragraph>Caffeine is a central nervous system stimulant and in cases of caffeine overdose, seizures have been reported. Caffeine citrate should be used with caution in infants with seizure disorders.</paragraph>
                        <paragraph>The duration of treatment of apnea of prematurity in the placebo-controlled trial was limited to 10 to 12 days. The safety and efficacy of caffeine citrate longer periods of treatment have not been established. Safety and efficacy of caffeine citrate oral solution for use in the prophylaxis treatment of sudden infant death syndrome (SIDS) or prior to extubation in mechanically ventilated infants have also not been established.</paragraph>
                        <paragraph>
                           <content styleCode="bold">Cardiovascular </content>
                        </paragraph>
                        <paragraph>Although no cases of cardiac toxicity were reported in the placebo-controlled trial, caffeine has been shown to increase heart rate, left ventricular output, and stroke volume in published studies.  Therefore, caffeine citrate should be used with caution in infants with cardiovascular disease.</paragraph>
                        <paragraph>
                           <content styleCode="bold">Renal and Hepatic Systems </content>
                        </paragraph>
                        <paragraph>Caffeine citrate should be administered with caution in infants with impaired renal or hepatic function.</paragraph>
                        <paragraph>(See CLINICAL PHARMACOLOGY, <content styleCode="italics">Elimination, Special Populations</content>).</paragraph>
                     </text>
                     <effectiveTime value="20230728"/>
                  </section>
               </component>
               <component>
                  <section ID="Section_6.2">
                     <id root="1786a7a6-de54-475a-ad6c-35d997a1ba6b"/>
                     <code code="34076-0" codeSystem="2.16.840.1.113883.6.1" displayName="INFORMATION FOR PATIENTS SECTION"/>
                     <title>Information for Patients</title>
                     <text>
                        <paragraph>Parents/caregivers of patients receiving Caffeine Citrate Oral Solution should receive the following instructions:</paragraph>
                        <list listType="ordered" styleCode="Arabic">
                           <item>Caffeine citrate does not contain any preservatives and each vial is for single dose only.  Any unused portion of the medication should be discarded.</item>
                           <item>It is important that the dose of caffeine citrate be measured accurately, i.e., with a 1cc or other appropriate syringe.</item>
                           <item>Consult your physician if the baby continues to have apnea events; do not increase the dose of caffeine citrate without medical consultation.</item>
                           <item>Consult your physician if the baby begins to demonstrate signs of gastrointestinal intolerance, such as abdominal distention, vomiting, or bloody stools, or seems lethargic.</item>
                           <item>Caffeine citrate should be inspected visually for particulate matter and discoloration prior to its administration. Vials containing discolored solution or visible particulate matter should be discarded.</item>
                        </list>
                     </text>
                     <effectiveTime value="20230728"/>
                  </section>
               </component>
               <component>
                  <section ID="Section_6.3">
                     <id root="1d26bd46-066a-4bb0-aa4e-3dca044670d3"/>
                     <code code="34075-2" codeSystem="2.16.840.1.113883.6.1" displayName="LABORATORY TESTS SECTION"/>
                     <title>Laboratory Tests</title>
                     <text>
                        <paragraph>Prior to initiation of caffeine citrate, baseline serum levels of caffeine should be measured in infants previously treated with theophylline, since preterm infants metabolize theophylline to caffeine.  Likewise, baseline serum levels of caffeine should be measured in infants born to mothers who consumed caffeine prior to delivery, since caffeine readily crosses the placenta.</paragraph>
                        <paragraph>In the placebo-controlled clinical trial, caffeine levels ranged from 8 to 40 mg/L.  A therapeutic plasma concentration range of caffeine could not be determined from the placebo-controlled clinical trial. Serious toxicity has been reported in the literature when serum caffeine levels exceed 50 mg/L.</paragraph>
                        <paragraph>In clinical studies reported in the literature, cases of hypoglycemia and hyperglycemia have been observed.  Therefore, serum glucose may need to be periodically monitored in infants receiving caffeine citrate.</paragraph>
                     </text>
                     <effectiveTime value="20230728"/>
                  </section>
               </component>
               <component>
                  <section ID="Section_6.4">
                     <id root="98ec09ac-d257-4a9e-ab31-1c7a7b44d46f"/>
                     <code code="34073-7" codeSystem="2.16.840.1.113883.6.1" displayName="DRUG INTERACTIONS SECTION"/>
                     <title>Drug Interactions</title>
                     <text>
                        <paragraph>Cytochrome P450 1A2 (CYP1A2) is known to be the major enzyme involved in the metabolism of caffeine. Therefore, caffeine has the potential to interact with drugs that are substrates for CYP1A2, inhibit CYP1A2, or induce CYP1A2.</paragraph>
                        <paragraph>Few data exist on drug interactions with caffeine in preterm neonates. Based on adult data, lower doses of caffeine may be needed following coadministration of drugs which are reported to decrease caffeine elimination (e.g., cimetidine and ketoconazole) and higher caffeine doses may be needed following coadministration of drugs that increase caffeine elimination (e.g., phenobarbital and phenytoin).</paragraph>
                        <paragraph>Caffeine administered concurrently with ketoprofen reduced the urine volume in 4 healthy volunteers. The clinical significance of this interaction in preterm neonates is not known.</paragraph>
                        <paragraph>Interconversion between caffeine and theophylline has been reported in preterm neonates.  The concurrent use of these drugs is not recommended.</paragraph>
                     </text>
                     <effectiveTime value="20230728"/>
                  </section>
               </component>
               <component>
                  <section ID="Section_6.6">
                     <id root="09cc1199-3089-4bc4-bc8b-a403476331c4"/>
                     <code code="34083-6" codeSystem="2.16.840.1.113883.6.1" displayName="CARCINOGENESIS &amp; MUTAGENESIS &amp; IMPAIRMENT OF FERTILITY SECTION"/>
                     <title>Carcinogenesis, Mutagenesis, Impairment of Fertility</title>
                     <text>
                        <paragraph>In a 2-year study in Sprague-Dawley rats, caffeine (as caffeine base) administered in drinking water was not carcinogenic in male rats at doses up to 102 mg/kg or in female rats at doses up to 170 mg/kg (approximately 2 and 4 times, respectively, the maximum recommended intravenous loading dose for  infants on a mg/m<sup>2</sup> basis).  In an 18-month study in C57BL/6 mice, no evidence of tumorigenicity was seen at dietary doses up to 55 mg/kg (less than the maximum recommended intravenous loading dose for infants on a mg/m<sup>2</sup> basis).</paragraph>
                        <paragraph>Caffeine (as caffeine base) increased the sister chromatid exchange (SCE) SCE/cell metaphase (exposure time dependent) in an <content styleCode="italics">in vivo </content>mouse metaphase analysis. Caffeine also potentiated the genotoxicity of known mutagens and enhanced the micronuclei formation (5-fold) in folate-deficient mice.  However, caffeine did not increase chromosomal aberrations in <content styleCode="italics">in vitro </content>Chinese hamster ovary cell (CHO) and human lymphocyte assays and was not mutagenic in an <content styleCode="italics">in vitro </content>CHO/hypoxanthine guanine phosphoribosyltransferease (HGPRT) gene mutation assay, except at cytotoxic concentrations. In addition, caffeine was not clastogenic in an <content styleCode="italics">in vivo </content>mouse micronucleus assay.</paragraph>
                        <paragraph>Caffeine (as caffeine base) administered to male rats at 50 mg/kg/day subcutaneously (approximately equal to the maximum recommended intravenous loading dose for infants on a mg/m<sup>2</sup> basis) for four days prior to mating with untreated females, caused decreased male reproductive performance in addition to causing embryotoxicity.  In addition, long-term exposure to high oral doses of caffeine (3 g over 7 weeks) was toxic to rat testes as manifested by spermatogenic cell degeneration.</paragraph>
                     </text>
                     <effectiveTime value="20230728"/>
                  </section>
               </component>
               <component>
                  <section ID="Section_6.7">
                     <id root="003f371d-db40-4b06-a8dd-c3c52188cbc4"/>
                     <code code="42228-7" codeSystem="2.16.840.1.113883.6.1" displayName="PREGNANCY SECTION"/>
                     <title>Pregnancy:</title>
                     <text>
                        <paragraph>Concern for the teratogenicity of caffeine is not relevant when administered to infants.  In studies performed in adult animals, caffeine (as caffeine base) administered to pregnant mice as sustained release pellets at 50 mg/kg (less than the maximum recommended intravenous loading dose for infants on a mg/m<sup>2</sup> basis), during the period of organogenesis, caused a low incidence of c left palate and exencephaly in the fetuses.  There are no adequate and well-controlled studies in pregnant women.</paragraph>
                     </text>
                     <effectiveTime value="20230728"/>
                  </section>
               </component>
            </section>
         </component>
         <component>
            <section ID="Section_7">
               <id root="ba22aae8-8bc5-4f3a-9ff4-9b38cb6bfbe1"/>
               <code code="34084-4" codeSystem="2.16.840.1.113883.6.1" displayName="ADVERSE REACTIONS SECTION"/>
               <title>ADVERSE REACTIONS</title>
               <text>
                  <paragraph>Overall, the reported number of adverse events in the double-blind period of the controlled trial was similar for the caffeine citrate and placebo groups. The following table shows adverse events that occurred in the double-blind period of the controlled trial and that were more frequent in caffeine citrate treated patients than placebo.</paragraph>
                  <paragraph>ADVERSE EVENTS THAT OCCURRED MORE FREQUENTLY IN CAFFEINE CITRATE TREATED PATIENTS THAN PLACEBO DURING DOUBLE-BLIND THERAPY﻿</paragraph>
                  <table width="100%" cellspacing="0" cellpadding="0">
                     <colgroup>
                        <col width="44.16%"/>
                        <col width="27.92%"/>
                        <col width="27.92%"/>
                     </colgroup>
                     <tbody>
                        <tr styleCode="Botrule First">
                           <td styleCode="Lrule Rrule" valign="top" align="justify">         Adverse Event (AE)</td>
                           <td styleCode="Rrule" valign="top" align="center">Caffeine Citrate N=46 <br/>n (%)</td>
                           <td styleCode="Rrule" valign="top" align="center">Placebo N=39 n (%)</td>
                        </tr>
                        <tr styleCode="Botrule">
                           <td styleCode="Lrule Rrule" valign="top" align="justify">
                              <paragraph>         BODY AS A WHOLE</paragraph>
                              <paragraph>           Accidental Injury</paragraph>
                              <paragraph>           Feeding Intolerance</paragraph>
                              <paragraph>           Sepsis</paragraph>
                           </td>
                           <td styleCode="Rrule" valign="top" align="center">
                              <paragraph>
                                 <br/>1 (2.2)﻿</paragraph>
                              <paragraph>4 (8.7)</paragraph>
                              <paragraph>2 (4.3)</paragraph>
                           </td>
                           <td styleCode="Rrule" valign="top" align="center">
                              <paragraph>
                                 <br/>0 (0.0)﻿</paragraph>
                              <paragraph>2 (5.1)</paragraph>
                              <paragraph>0 (0.0)</paragraph>
                           </td>
                        </tr>
                        <tr styleCode="Botrule">
                           <td styleCode="Lrule Rrule" valign="top" align="justify">
                              <paragraph>         CARDIOVASCULAR SYSTEM</paragraph>
                              <paragraph>           Hemorrhage</paragraph>
                           </td>
                           <td styleCode="Rrule" valign="top" align="center">
                              <paragraph>
                                 <br/>1 (2.2)﻿</paragraph>
                           </td>
                           <td styleCode="Rrule" valign="top" align="center">
                              <paragraph>
                                 <br/>0 (0.0)﻿</paragraph>
                           </td>
                        </tr>
                        <tr styleCode="Botrule">
                           <td styleCode="Lrule Rrule" valign="top" align="justify">
                              <paragraph>         DIGESTIVE SYSTEM</paragraph>
                              <paragraph>           Necrotizing Enterocolitis</paragraph>
                              <paragraph>           Gastritis</paragraph>
                              <paragraph>           Gastrointestinal  Hemorrhage</paragraph>
                           </td>
                           <td styleCode="Rrule" valign="top" align="center">
                              <paragraph>
                                 <br/>2 (4.3)﻿</paragraph>
                              <paragraph>1 (2.2)</paragraph>
                              <paragraph>1 (2.2)</paragraph>
                           </td>
                           <td styleCode="Rrule" valign="top" align="center">
                              <paragraph>
                                 <br/>1 (2.6)﻿</paragraph>
                              <paragraph>0 (0.0)</paragraph>
                              <paragraph>0 (0.0)</paragraph>
                           </td>
                        </tr>
                        <tr styleCode="Botrule">
                           <td styleCode="Lrule Rrule" valign="top" align="justify">
                              <paragraph>         HEMIC AND LYMPHATIC SYSTEM</paragraph>
                              <paragraph>           Disseminated Intravascular Coagulation</paragraph>
                           </td>
                           <td styleCode="Rrule" valign="top" align="center">
                              <paragraph>
                                 <br/>1 (2.2)﻿</paragraph>
                           </td>
                           <td styleCode="Rrule" valign="top" align="center">
                              <br/>0 (0.0)</td>
                        </tr>
                        <tr styleCode="Botrule">
                           <td styleCode="Lrule Rrule" valign="top" align="justify">
                              <paragraph>         METABOLIC AND NUTRITIVE DISORDERS</paragraph>
                              <paragraph>           Acidosis</paragraph>
                              <paragraph>           Healing Abnormal</paragraph>
                           </td>
                           <td styleCode="Rrule" valign="top" align="center">
                              <paragraph>
                                 <br/>1 (2.2)﻿</paragraph>
                              <paragraph>1 (2.2)</paragraph>
                           </td>
                           <td styleCode="Rrule" valign="top" align="center">
                              <paragraph>
                                 <br/>0 (0.0)﻿</paragraph>
                              <paragraph>0 (0.0)</paragraph>
                           </td>
                        </tr>
                        <tr styleCode="Botrule">
                           <td styleCode="Lrule Rrule" valign="top" align="justify">
                              <paragraph>         NERVOUS SYSTEM</paragraph>
                              <paragraph>           Cerebral Hemorrhage</paragraph>
                           </td>
                           <td styleCode="Rrule" valign="top" align="center">
                              <paragraph>
                                 <br/>1 (2.2)﻿</paragraph>
                           </td>
                           <td styleCode="Rrule" valign="top" align="center">
                              <paragraph>
                                 <br/>0 (0.0)﻿</paragraph>
                           </td>
                        </tr>
                        <tr styleCode="Botrule">
                           <td styleCode="Lrule Rrule" valign="top" align="justify">
                              <paragraph>         RESPIRATORY SYSTEM</paragraph>
                              <paragraph>           Dyspnea</paragraph>
                              <paragraph>           Lung Edema</paragraph>
                           </td>
                           <td styleCode="Rrule" valign="top" align="center">
                              <paragraph>
                                 <br/>1 (2.2)﻿</paragraph>
                              <paragraph>1 (2.2)</paragraph>
                           </td>
                           <td styleCode="Rrule" valign="top" align="center">
                              <paragraph>
                                 <br/>0 (0.0)﻿</paragraph>
                              <paragraph>0 (0.0)</paragraph>
                           </td>
                        </tr>
                        <tr styleCode="Botrule">
                           <td styleCode="Lrule Rrule" valign="top" align="justify">
                              <paragraph>         SKIN AND APPENDAGES</paragraph>
                              <paragraph>           Dry Skin</paragraph>
                              <paragraph>           Rash</paragraph>
                              <paragraph>           Skin Breakdown</paragraph>
                           </td>
                           <td styleCode="Rrule" valign="top" align="center">
                              <paragraph>
                                 <br/>1 (2.2)﻿</paragraph>
                              <paragraph>4 (8.7)</paragraph>
                              <paragraph>1 (2.2)</paragraph>
                           </td>
                           <td styleCode="Rrule" valign="top" align="center">
                              <paragraph>
                                 <br/>0 (0.0)﻿</paragraph>
                              <paragraph>3 (7.7)</paragraph>
                              <paragraph>0 (0.0)</paragraph>
                           </td>
                        </tr>
                        <tr styleCode="Botrule">
                           <td styleCode="Lrule Rrule" valign="top" align="justify">
                              <paragraph>         SPECIAL SENSES<br/>           Retinopathy of Prematurity</paragraph>
                           </td>
                           <td styleCode="Rrule" valign="top" align="center">
                              <paragraph>
                                 <br/>1 (2.2)﻿</paragraph>
                           </td>
                           <td styleCode="Rrule" valign="top" align="center">
                              <paragraph>
                                 <br/>0 (0.0)﻿</paragraph>
                           </td>
                        </tr>
                        <tr styleCode="Botrule Last">
                           <td styleCode="Lrule Rrule" valign="top" align="justify">
                              <paragraph>         UROGENITAL SYSTEM</paragraph>
                              <paragraph>           Kidney Failure</paragraph>
                           </td>
                           <td styleCode="Rrule" valign="top" align="center">
                              <paragraph>
                                 <br/>1 (2.2) ﻿</paragraph>
                           </td>
                           <td styleCode="Rrule" valign="top" align="center">
                              <paragraph>
                                 <br/> 0 (0.0) ﻿</paragraph>
                           </td>
                        </tr>
                     </tbody>
                  </table>
                  <paragraph>In addition to the cases above, three cases of necrotizing enterocolitis were diagnosed in patients receiving caffeine citrate during the open-label phase of the study.</paragraph>
                  <paragraph>Three of the infants who developed necrotizing enterocolitis during the trial died. All had been exposed to caffeine.  Two were randomized to caffeine, and one placebo patient was “rescued” with open-label caffeine for uncontrolled apnea.</paragraph>
                  <paragraph>Adverse events described in the published literature include: central nervous system stimulation (i.e., irritability, restlessness, jitteriness), cardiovascular effects (i.e., tachycardia, increased left ventricular output, and increased stroke volume), gastrointestinal effects (i.e., increased gastric aspirate, gastrointestinal intolerance), alterations in serum glucose (hypoglycemia and hyperglycemia) and renal effects (increased urine flow rate, increased creatinine clearance, and increased sodium and calcium excretion).  Published long- term follow-up studies have not shown caffeine to adversely affect neurological development or growth parameters.</paragraph>
               </text>
               <effectiveTime value="20230728"/>
            </section>
         </component>
         <component>
            <section ID="Section_9">
               <id root="5cea3f9b-ea95-40ce-90a8-c38c60fab626"/>
               <code code="34088-5" codeSystem="2.16.840.1.113883.6.1" displayName="OVERDOSAGE SECTION"/>
               <title>OVERDOSAGE</title>
               <text>
                  <paragraph>Following overdose, serum caffeine levels have ranged from approximately 50 mg/L to 350 mg/L. Signs and symptoms reported in the literature after caffeine overdose in preterm infants include fever, tachypnea, jitteriness, fine tremor of the extremities, hypertonia, opisthotonos, tonic-clonic movements, nonpurposeful jaw and lip movements, vomiting, hyperglycemia, elevated blood urea nitrogen, and elevated total leukocyte concentration.  Seizures have also been reported in cases of overdose.  One case of caffeine overdose complicated by development of intraventricular hemorrhage and long-term neurological sequelae has been reported. No deaths associated with caffeine overdose have been reported in preterm infants.</paragraph>
                  <paragraph>Treatment of caffeine overdose is primarily symptomatic and supportive.  Caffeine levels have been shown to decrease after exchange transfusions. Convulsions may be treated with intravenous administration of diazepam or a barbiturate such as pentobarbital sodium.</paragraph>
               </text>
               <effectiveTime value="20230728"/>
            </section>
         </component>
         <component>
            <section ID="Section_10">
               <id root="021c6ee3-bcee-4946-9726-c1abc3e8a3ea"/>
               <code code="34068-7" codeSystem="2.16.840.1.113883.6.1" displayName="DOSAGE &amp; ADMINISTRATION SECTION"/>
               <title>DOSAGE AND ADMINISTRATION</title>
               <text>
                  <paragraph>Prior to initiation of caffeine citrate, baseline serum levels of caffeine should be measured in infants previously treated with theophylline, since preterm infants metabolize theophylline to caffeine.  Likewise, baseline serum levels of caffeine should be measured in infants born to mothers who consumed caffeine prior to delivery, since caffeine readily crosses the placenta.</paragraph>
                  <paragraph>The recommended loading dose and maintenance doses of caffeine citrate follow.</paragraph>
                  <table width="100%" cellspacing="0" cellpadding="0">
                     <colgroup>
                        <col width="20%"/>
                        <col width="20%"/>
                        <col width="20%"/>
                        <col width="20%"/>
                        <col width="20%"/>
                     </colgroup>
                     <tbody>
                        <tr styleCode="Botrule First">
                           <td styleCode="Lrule Rrule" valign="top" align="justify"/>
                           <td styleCode="Rrule" valign="top" align="center">Dose of caffeine citrate <br/>Volume</td>
                           <td styleCode="Rrule" valign="top" align="center">Dose of caffeine citrate <br/>mg/kg</td>
                           <td styleCode="Rrule" valign="top" align="center">Route</td>
                           <td styleCode="Rrule" valign="top" align="center">Frequency</td>
                        </tr>
                        <tr styleCode="Botrule">
                           <td styleCode="Lrule Rrule" valign="top" align="justify">   Loading Dose</td>
                           <td styleCode="Rrule" valign="top" align="center">1 mL/kg</td>
                           <td styleCode="Rrule" valign="top" align="center">20 mg/kg</td>
                           <td styleCode="Rrule" valign="top" align="center">Intravenous* (over 30 <br/>minutes)</td>
                           <td styleCode="Rrule" valign="top" align="center">One Time</td>
                        </tr>
                        <tr>
                           <td styleCode="Lrule Rrule" valign="top">   Maintenance Dose</td>
                           <td styleCode="Rrule" valign="top" align="center">0.25 mL/kg</td>
                           <td styleCode="Rrule" valign="top" align="center">5 mg/kg</td>
                           <td styleCode="Rrule" valign="top" align="center">Intravenous* (over 10 <br/>minutes) or Orally</td>
                           <td styleCode="Rrule" valign="top" align="center">Every 24 <br/>hours**</td>
                        </tr>
                     </tbody>
                  </table>
                  <paragraph>* using a syringe infusion pump</paragraph>
                  <paragraph>**beginning 24 hours after the loading dose</paragraph>
                  <paragraph>NOTE THAT THE DOSE OF CAFFEINE BASE IS ONE-HALF THE DOSE WHEN EXPRESSED AS CAFFEINE CITRATE (e.g., 20 mg of caffeine citrate is equivalent to 10 mg of caffeine base).</paragraph>
                  <paragraph>Serum concentrations of caffeine may need to be monitored periodically throughout treatment to avoid toxicity.  Serious toxicity has been associated with serum levels greater than 50 mg/L.</paragraph>
                  <paragraph>Caffeine citrate should be inspected visually for particulate matter and discoloration prior to administration.  Vials containing discolored solution or visible particulate matter should be discarded.</paragraph>
               </text>
               <effectiveTime value="20230728"/>
            </section>
         </component>
         <component>
            <section ID="Section_11">
               <id root="5128bf6c-5a77-4bd5-bc80-034f554cd232"/>
               <code code="34069-5" codeSystem="2.16.840.1.113883.6.1" displayName="HOW SUPPLIED SECTION"/>
               <title>HOW SUPPLIED</title>
               <text>
                  <paragraph>Caffeine citrate Oral Solution, USP is available as clear, colorless, sterile, non-pyrogenic, preservative-free, aqueous solutions in 5 mL colorless glass vials.  The vials of Caffeine citrate Oral Solution, USP are sealed with a gray rubber stopper and a peel-off aluminum overseal with a blue flip-off polypropylene disk inset.</paragraph>
                  <paragraph>Caffeine citrate Oral Solution, USP vials contain 3 mL solution at a concentration of 20 mg/mL caffeine citrate (60 mg/vial) equivalent to 10 mg/mL caffeine base (30 mg/vial).</paragraph>
                  <paragraph>
                     <content styleCode="bold">Caffeine citrate Oral Solution, USP</content>
                  </paragraph>
                  <paragraph>Caffeine citrate oral solution, USP 60 mg/3 mL is a clear, colorless aqueous solution, 10 vials per white polypropylene child-resistant container and is available as follows.</paragraph>
                  <paragraph>3 mL fill in 5 mL glass vial                                                               </paragraph>
                  <paragraph>10 vials per white polypropylene child-resistant container.                   NDC 72485-110-10</paragraph>
                  <paragraph>Store at 20° to 25°C (68° to 77°F) [See USP Controlled Room Temperature].</paragraph>
                  <paragraph>
                     <content styleCode="bold">Preservative Free. For single dose only. Discard unused portion. </content>
                  </paragraph>
                  <paragraph>
                     <content styleCode="bold">ATTENTION PHARMACIST: Detach</content>
                  </paragraph>
                  <paragraph>“Instructions for Use” from the package insert and dispense with Caffeine Citrate Oral Solution prescription.</paragraph>
                  <paragraph>Manufactured by:<br/>
                     <content styleCode="bold">Micro Labs Limited</content>
                     <br/>Bangalore-560099, INDIA.</paragraph>
                  <paragraph>Distributed by:<br/>
                     <content styleCode="bold">Armas Pharmaceuticals, Inc.</content>
                     <br/>Freehold, NJ 07728 (USA)</paragraph>
                  <paragraph>
                     <content styleCode="bold">Rev. 10/2022</content>
                  </paragraph>
               </text>
               <effectiveTime value="20230728"/>
            </section>
         </component>
         <component>
            <section ID="Unclassified_Section_1">
               <id root="0554cfb1-b99d-4241-8536-792700bb555b"/>
               <code code="59845-8" codeSystem="2.16.840.1.113883.6.1" displayName="INSTRUCTIONS FOR USE SECTION"/>
               <title/>
               <text>
                  <paragraph>
                     <content styleCode="bold">Caffeine Citrate Oral Solution </content>
                  </paragraph>
                  <paragraph>Each bottle (vial) of caffeine citrate oral solution contains a total of 60 mg of caffeine citrate in 3 mL (20 mg/mL).</paragraph>
                  <paragraph>
                     <content styleCode="bold">
                        <content styleCode="underline">Information and Instructions for Use</content>
                     </content>
                  </paragraph>
                  <paragraph>This leaflet tells you about caffeine citrate oral solution (KAF-een SIT-rate) and how to give it to your baby.  Read the following information before giving this medicine to your baby.  Completely discuss caffeine citrate oral solution with your baby’s doctor.  Continue to discuss any questions you have about this medicine at your baby’s checkups.</paragraph>
                  <paragraph>
                     <content styleCode="bold">After you remove your baby’s dose, throw away the open bottle (vial) and all medicine left in it</content>.  Use each vial of caffeine citrate oral solution for only one dose.  There will be extra medicine left in the vial after one dose is removed.  Leftover medicine should not be used because caffeine citrate oral solution does not contain preservatives.  Once the vial is open, any medicine that is not used right away must be discarded.</paragraph>
                  <paragraph>
                     <content styleCode="bold">
                        <content styleCode="underline">What is caffeine citrate oral solution? </content>
                     </content>
                  </paragraph>
                  <paragraph>The main ingredient of caffeine citrate oral solution is caffeine citrate.  Caffeine citrate oral solution is a clear, colorless, medicine to treat apnea of prematurity - short periods when premature babies stop breathing. Apnea of prematurity is due to the baby’s breathing centers not being fully developed.</paragraph>
                  <paragraph>
                     <content styleCode="bold">
                        <content styleCode="underline">How do I give caffeine citrate oral solution to my baby? </content>
                     </content>
                  </paragraph>
                  <paragraph>Give caffeine citrate oral solution to your baby once a day, at about the same time each day. Your baby’s doctor will prescribe the right amount of caffeine citrate oral solution based on your baby’s weight and age. Carefully follow the doctor’s dosing instructions.</paragraph>
                  <paragraph>Measure the dose of caffeine citrate oral solution carefully. Your baby’s doctor, nurse, or pharmacist will give you a suitable syringe or supply of syringes to measure small but accurate doses of caffeine citrate oral solution.</paragraph>
                  <paragraph>Never change (increase or decrease) your baby’s dose without speaking to your baby's doctor.</paragraph>
                  <paragraph>
                     <content styleCode="bold">If your baby continues to have periods of apnea, call your baby's doctor right away.</content> Caffeine citrate oral solution can be swallowed by mouth or given through a feeding tube. Based on your baby’s own situation, your baby's doctor or other healthcare professional should teach you how to give caffeine citrate oral solution correctly.</paragraph>
                  <paragraph>Caffeine citrate oral solution should be clear and colorless. Before giving caffeine citrate oral solution, look for small particles, cloudiness, or discoloration in the medicine.  <content styleCode="bold">Do not use vials that contain cloudy or discolored medicine, or any visible particles.</content>
                  </paragraph>
                  <paragraph>Caffeine citrate oral solution does <content styleCode="bold">
                        <content styleCode="underline">NOT </content>
                     </content>contain any preservatives.  Do not open the vial until it is time for your baby to receive the dose of medicine. Use each vial only once. After you remove your baby’s dose, throw away the vial and all medicine left in the opened vial.</paragraph>
                  <paragraph>Ten (10) vials of caffeine citrate oral solution are packaged in a child-resistant container. Caffeine citrate oral solution vials are <content styleCode="bold">NOT CHILD-RESISTANT</content>. Always store vials of caffeine citrate oral solution in the child-resistant container.  Follow the instructions below to open the child-resistant container, to open a vial of caffeine citrate oral solution, and to remove a dose of medicine from the vial.</paragraph>
                  <paragraph>
                     <content styleCode="bold">To open the <content styleCode="underline">child-resistant container </content>that holds the vials of caffeine citrate oral solution</content>:</paragraph>
                  <paragraph>(Instructions with pictures are also printed on the top of the container)</paragraph>
                  <list listType="ordered" styleCode="Arabic">
                     <item>Hold the bottom-half of the child-resistant container with one hand and push the lower semicircular section on the front of the container with your thumb.</item>
                     <item>With your other hand, pull the cover up until you hear it click.</item>
                     <item>While holding the ends of the bottom-half of the container with both hands, place both index fingers on the two semicircular locking tabs on the sides of the container. Press the two tabs and raise the cover up.</item>
                  </list>
                  <paragraph>
                     <content styleCode="bold">To open <content styleCode="underline">a vial </content>of caffeine citrate oral solution: </content>
                  </paragraph>
                  <list listType="ordered" styleCode="Arabic">
                     <item>Hold the blue plastic top between the thumb and index finger. Use your thumb to flip the blue plastic top completely off the vial. </item>
                     <item>Carefully lift up the metal ring.</item>
                     <item>Pull the metal ring away from the vial and then pull it down towards the bottom of the vial without twisting the ring.</item>
                     <item>After you pull the ring down and the metal band around the top of the vial is completely broken through, carefully remove the rest of the metal band by pulling it out and away from the vial.</item>
                     <item>Being careful not to spill any medicine, remove the rubber stopper from the top of the vial.</item>
                  </list>
                  <paragraph>
                     <content styleCode="bold">To remove the prescribed dose from the vial:</content>
                  </paragraph>
                  <paragraph>You will need a small syringe to measure the exact amount of medicine that your baby’s doctor prescribed.  Your baby’s doctor, nurse or pharmacist will give you this small syringe. <content styleCode="bold">Note that a milliliter (ml) is the same as a cubic centimeter (cc).</content>
                  </paragraph>
                  <paragraph>Insert the tip of the syringe in the medicine and pull up on the plunger to draw the medicine into the syringe. Remove slightly more of the medicine than the exact amount to be given to your baby.</paragraph>
                  <paragraph>Turn the syringe tip up so that any air in it rises to the top. Remove the air by gently pushing up on the syringe plunger. Continue to push the syringe plunger up to remove any extra medicine in the syringe, until only the exact number of milliliters (or cubic centimeters) that your baby’s doctor prescribed remains in the syringe.</paragraph>
                  <paragraph>Give the caffeine citrate oral solution to your baby as your baby's doctor instructed. Throw away the sharp metal pieces, the rubber stopper, the open vial, and any medicine that remains in it after your baby receives the dose.</paragraph>
                  <paragraph>
                     <content styleCode="bold">
                        <content styleCode="underline">What are the possible side effects of caffeine citrate oral solution?</content>
                     </content>
                  </paragraph>
                  <paragraph>Your baby may or may not develop side effects from taking caffeine citrate oral solution. Each baby is different. If your baby develops one or more of the following symptoms, speak with your baby’s doctor right away:</paragraph>
                  <list listType="unordered">
                     <item>restlessness, jitteriness or shakiness</item>
                     <item>faster heart beat</item>
                     <item>increased urination (increased diaper wetting)</item>
                  </list>
                  <paragraph>
                     <content styleCode="bold">The following symptoms may be caused by serious bowel or stomach problems. Call your baby’s doctor right away if your baby develops:</content>
                  </paragraph>
                  <list listType="unordered">
                     <item>bloated abdomen (stomach area)</item>
                     <item>vomiting</item>
                     <item>bloody stools (bloody bowel movements)</item>
                     <item>loss of energy, lethargy (acting sluggish)</item>
                  </list>
                  <paragraph>This is not a complete list of side effects reported with caffeine citrate oral solution.  If you have a concern about your baby, speak with your baby’s doctor.  If you want more information about caffeine citrate oral solution, speak with your baby’s doctor or pharmacist.</paragraph>
                  <paragraph>Manufactured by:<br/>
                     <content styleCode="bold">Micro Labs Limited</content>
                     <br/>Bangalore-560 099, INDIA.</paragraph>
                  <paragraph>Distributed by:<br/>
                     <content styleCode="bold">Armas Pharmaceuticals, Inc.</content>
                     <br/>Freehold, NJ 07728 (USA)</paragraph>
                  <paragraph>
                     <content styleCode="bold">Rev. 10/2022</content>
                  </paragraph>
               </text>
               <effectiveTime value="20230728"/>
            </section>
         </component>
         <component>
            <section ID="L48add715-5cb7-4888-a2f5-acc6b1a10ede">
               <id root="7579c06b-b124-4ed9-b4f8-a8985ad857ec"/>
               <code code="51945-4" codeSystem="2.16.840.1.113883.6.1" displayName="PACKAGE LABEL.PRINCIPAL DISPLAY PANEL"/>
               <title>Packaging</title>
               <text>
                  <paragraph>
                     <renderMultiMedia referencedObject="L8a9d189f-6162-4254-b7f0-dc3120c55c26"/>
                  </paragraph>
               </text>
               <effectiveTime value="20230728"/>
               <component>
                  <observationMedia ID="L8a9d189f-6162-4254-b7f0-dc3120c55c26">
                     <text>untitled</text>
                     <value mediaType="image/jpeg" xsi:type="ED">
                        <reference value="72485110-2.jpg"/>
                     </value>
                  </observationMedia>
               </component>
            </section>
         </component>
      </structuredBody>
   </component>
</document>