<?xml version="1.0" encoding="UTF-8"?><?xml-stylesheet href="https://www.accessdata.fda.gov/spl/stylesheet/spl.xsl" type="text/xsl"?>
<document xmlns:xsi="http://www.w3.org/2001/XMLSchema-instance" xmlns="urn:hl7-org:v3" xsi:schemaLocation="urn:hl7-org:v3 https://www.accessdata.fda.gov/spl/schema/spl.xsd">
   <id root="01c7c334-3c86-cf24-e063-6394a90af4ca"/>
   <code code="34391-3" codeSystem="2.16.840.1.113883.6.1" displayName="HUMAN PRESCRIPTION DRUG LABEL"/>
   <title>
      <content styleCode="bold">HydrOXYzine Pamoate Capsules, USP</content>
   </title>
   <effectiveTime value="20230731"/>
   <setId root="0db57673-7315-448f-8a99-a11ea2c4b237"/>
   <versionNumber value="5"/>
   <author>
      <time/>
      <assignedEntity>
         <representedOrganization>
            <id root="1.3.6.1.4.1.519.1" extension="829572556"/>
            <name>REMEDYREPACK INC.</name>
         </representedOrganization>
      </assignedEntity>
   </author>
   <component>
      <structuredBody>
         <component>
            <section>
               <id root="01c7d70e-6d58-fb72-e063-6294a90adad9"/>
               <code code="48780-1" codeSystem="2.16.840.1.113883.6.1" displayName="SPL product data elements section"/>
               <effectiveTime value="20230731"/>
               <subject>
                  <manufacturedProduct>
                     <manufacturedProduct>
                        <code code="70518-3311" codeSystem="2.16.840.1.113883.6.69"/>
                        <name>Hydroxyzine Pamoate</name>
                        <formCode code="C25158" codeSystem="2.16.840.1.113883.3.26.1.1" displayName="CAPSULE"/>
                        <asEntityWithGeneric>
                           <genericMedicine>
                              <name>Hydroxyzine Pamoate</name>
                           </genericMedicine>
                        </asEntityWithGeneric>
                        <asEquivalentEntity classCode="EQUIV">
                           <code code="C64637" codeSystem="2.16.840.1.113883.3.26.1.1"/>
                           <definingMaterialKind>
                              <code code="0555-0302" codeSystem="2.16.840.1.113883.6.69"/>
                           </definingMaterialKind>
                        </asEquivalentEntity>
                        <ingredient classCode="IACT">
                           <ingredientSubstance>
                              <code code="M28OL1HH48" codeSystem="2.16.840.1.113883.4.9"/>
                              <name>CROSCARMELLOSE SODIUM</name>
                           </ingredientSubstance>
                        </ingredient>
                        <ingredient classCode="IACT">
                           <ingredientSubstance>
                              <code code="70097M6I30" codeSystem="2.16.840.1.113883.4.9"/>
                              <name>MAGNESIUM STEARATE</name>
                           </ingredientSubstance>
                        </ingredient>
                        <ingredient classCode="IACT">
                           <ingredientSubstance>
                              <code code="O8232NY3SJ" codeSystem="2.16.840.1.113883.4.9"/>
                              <name>STARCH, CORN</name>
                           </ingredientSubstance>
                        </ingredient>
                        <ingredient classCode="IACT">
                           <ingredientSubstance>
                              <code code="EWQ57Q8I5X" codeSystem="2.16.840.1.113883.4.9"/>
                              <name>LACTOSE MONOHYDRATE</name>
                           </ingredientSubstance>
                        </ingredient>
                        <ingredient classCode="IACT">
                           <ingredientSubstance>
                              <code code="9DBA0SBB0L" codeSystem="2.16.840.1.113883.4.9"/>
                              <name>D&amp;C RED NO. 33</name>
                           </ingredientSubstance>
                        </ingredient>
                        <ingredient classCode="IACT">
                           <ingredientSubstance>
                              <code code="35SW5USQ3G" codeSystem="2.16.840.1.113883.4.9"/>
                              <name>D&amp;C YELLOW NO. 10</name>
                           </ingredientSubstance>
                        </ingredient>
                        <ingredient classCode="IACT">
                           <ingredientSubstance>
                              <code code="H77VEI93A8" codeSystem="2.16.840.1.113883.4.9"/>
                              <name>FD&amp;C YELLOW NO. 6</name>
                           </ingredientSubstance>
                        </ingredient>
                        <ingredient classCode="IACT">
                           <ingredientSubstance>
                              <code code="2G86QN327L" codeSystem="2.16.840.1.113883.4.9"/>
                              <name>GELATIN</name>
                           </ingredientSubstance>
                        </ingredient>
                        <ingredient classCode="IACT">
                           <ingredientSubstance>
                              <code code="15FIX9V2JP" codeSystem="2.16.840.1.113883.4.9"/>
                              <name>TITANIUM DIOXIDE</name>
                           </ingredientSubstance>
                        </ingredient>
                        <ingredient classCode="IACT">
                           <ingredientSubstance>
                              <code code="XM0M87F357" codeSystem="2.16.840.1.113883.4.9"/>
                              <name>FERROSOFERRIC OXIDE</name>
                           </ingredientSubstance>
                        </ingredient>
                        <ingredient classCode="IACT">
                           <ingredientSubstance>
                              <code code="H3R47K3TBD" codeSystem="2.16.840.1.113883.4.9"/>
                              <name>FD&amp;C BLUE NO. 1</name>
                           </ingredientSubstance>
                        </ingredient>
                        <ingredient classCode="IACT">
                           <ingredientSubstance>
                              <code code="L06K8R7DQK" codeSystem="2.16.840.1.113883.4.9"/>
                              <name>FD&amp;C BLUE NO. 2</name>
                           </ingredientSubstance>
                        </ingredient>
                        <ingredient classCode="IACT">
                           <ingredientSubstance>
                              <code code="D3741U8K7L" codeSystem="2.16.840.1.113883.4.9"/>
                              <name>INDIGOTINDISULFONATE SODIUM</name>
                           </ingredientSubstance>
                        </ingredient>
                        <ingredient classCode="IACT">
                           <ingredientSubstance>
                              <code code="WZB9127XOA" codeSystem="2.16.840.1.113883.4.9"/>
                              <name>FD&amp;C RED NO. 40</name>
                           </ingredientSubstance>
                        </ingredient>
                        <ingredient classCode="IACT">
                           <ingredientSubstance>
                              <code code="6DC9Q167V3" codeSystem="2.16.840.1.113883.4.9"/>
                              <name>PROPYLENE GLYCOL</name>
                           </ingredientSubstance>
                        </ingredient>
                        <ingredient classCode="IACT">
                           <ingredientSubstance>
                              <code code="46N107B71O" codeSystem="2.16.840.1.113883.4.9"/>
                              <name>SHELLAC</name>
                           </ingredientSubstance>
                        </ingredient>
                        <ingredient classCode="ACTIR">
                           <quantity>
                              <numerator unit="mg" value="50"/>
                              <denominator unit="1" value="1"/>
                           </quantity>
                           <ingredientSubstance>
                              <code code="M20215MUFR" codeSystem="2.16.840.1.113883.4.9"/>
                              <name>HYDROXYZINE PAMOATE</name>
                              <activeMoiety>
                                 <activeMoiety>
                                    <code code="30S50YM8OG" codeSystem="2.16.840.1.113883.4.9"/>
                                    <name>HYDROXYZINE</name>
                                 </activeMoiety>
                              </activeMoiety>
                              <asEquivalentSubstance>
                                 <definingSubstance>
                                    <code code="76755771U3" codeSystem="2.16.840.1.113883.4.9"/>
                                    <name>HYDROXYZINE DIHYDROCHLORIDE</name>
                                 </definingSubstance>
                              </asEquivalentSubstance>
                           </ingredientSubstance>
                        </ingredient>
                        <asContent>
                           <quantity>
                              <numerator value="1" unit="1"/>
                              <denominator value="1"/>
                           </quantity>
                           <containerPackagedProduct>
                              <code code="70518-3311-1" codeSystem="2.16.840.1.113883.6.69"/>
                              <formCode code="C43200" codeSystem="2.16.840.1.113883.3.26.1.1" displayName="POUCH"/>
                              <asContent>
                                 <quantity>
                                    <numerator value="100" unit="1"/>
                                    <denominator value="1"/>
                                 </quantity>
                                 <containerPackagedProduct>
                                    <code code="70518-3311-0" codeSystem="2.16.840.1.113883.6.69"/>
                                    <formCode code="C43178" codeSystem="2.16.840.1.113883.3.26.1.1" displayName="BOX"/>
                                 </containerPackagedProduct>
                                 <subjectOf>
                                    <marketingAct>
                                       <code code="C53292" codeSystem="2.16.840.1.113883.3.26.1.1"/>
                                       <statusCode code="active"/>
                                       <effectiveTime>
                                          <low value="20211227"/>
                                       </effectiveTime>
                                    </marketingAct>
                                 </subjectOf>
                              </asContent>
                           </containerPackagedProduct>
                           <subjectOf>
                              <characteristic>
                                 <code code="SPLCMBPRDTP" codeSystem="2.16.840.1.113883.1.11.19255"/>
                                 <value code="C112160" codeSystem="2.16.840.1.113883.3.26.1.1" displayName="Type 0: Not a Combination Product" xsi:type="CV"/>
                              </characteristic>
                           </subjectOf>
                        </asContent>
                        <asContent>
                           <quantity>
                              <numerator value="30" unit="1"/>
                              <denominator value="1"/>
                           </quantity>
                           <containerPackagedProduct>
                              <code code="70518-3311-2" codeSystem="2.16.840.1.113883.6.69"/>
                              <formCode code="C43168" codeSystem="2.16.840.1.113883.3.26.1.1" displayName="BLISTER PACK"/>
                           </containerPackagedProduct>
                           <subjectOf>
                              <characteristic>
                                 <code code="SPLCMBPRDTP" codeSystem="2.16.840.1.113883.1.11.19255"/>
                                 <value code="C112160" codeSystem="2.16.840.1.113883.3.26.1.1" displayName="Type 0: Not a Combination Product" xsi:type="CV"/>
                              </characteristic>
                           </subjectOf>
                           <subjectOf>
                              <marketingAct>
                                 <code code="C53292" codeSystem="2.16.840.1.113883.3.26.1.1"/>
                                 <statusCode code="active"/>
                                 <effectiveTime>
                                    <low value="20220321"/>
                                 </effectiveTime>
                              </marketingAct>
                           </subjectOf>
                        </asContent>
                        <asContent>
                           <quantity>
                              <numerator value="30" unit="1"/>
                              <denominator value="1"/>
                           </quantity>
                           <containerPackagedProduct>
                              <code code="70518-3311-3" codeSystem="2.16.840.1.113883.6.69"/>
                              <formCode code="C43168" codeSystem="2.16.840.1.113883.3.26.1.1" displayName="BLISTER PACK"/>
                           </containerPackagedProduct>
                           <subjectOf>
                              <characteristic>
                                 <code code="SPLCMBPRDTP" codeSystem="2.16.840.1.113883.1.11.19255"/>
                                 <value code="C112160" codeSystem="2.16.840.1.113883.3.26.1.1" displayName="Type 0: Not a Combination Product" xsi:type="CV"/>
                              </characteristic>
                           </subjectOf>
                           <subjectOf>
                              <marketingAct>
                                 <code code="C53292" codeSystem="2.16.840.1.113883.3.26.1.1"/>
                                 <statusCode code="active"/>
                                 <effectiveTime>
                                    <low value="20220825"/>
                                 </effectiveTime>
                              </marketingAct>
                           </subjectOf>
                        </asContent>
                        <asContent>
                           <quantity>
                              <numerator value="21" unit="1"/>
                              <denominator value="1"/>
                           </quantity>
                           <containerPackagedProduct>
                              <code code="70518-3311-4" codeSystem="2.16.840.1.113883.6.69"/>
                              <formCode code="C43168" codeSystem="2.16.840.1.113883.3.26.1.1" displayName="BLISTER PACK"/>
                           </containerPackagedProduct>
                           <subjectOf>
                              <characteristic>
                                 <code code="SPLCMBPRDTP" codeSystem="2.16.840.1.113883.1.11.19255"/>
                                 <value code="C112160" codeSystem="2.16.840.1.113883.3.26.1.1" displayName="Type 0: Not a Combination Product" xsi:type="CV"/>
                              </characteristic>
                           </subjectOf>
                           <subjectOf>
                              <marketingAct>
                                 <code code="C53292" codeSystem="2.16.840.1.113883.3.26.1.1"/>
                                 <statusCode code="active"/>
                                 <effectiveTime>
                                    <low value="20230727"/>
                                 </effectiveTime>
                              </marketingAct>
                           </subjectOf>
                        </asContent>
                     </manufacturedProduct>
                     <subjectOf>
                        <approval>
                           <id extension="ANDA088487" root="2.16.840.1.113883.3.150"/>
                           <code code="C73584" codeSystem="2.16.840.1.113883.3.26.1.1" displayName="ANDA"/>
                           <author>
                              <territorialAuthority>
                                 <territory>
                                    <code code="USA" codeSystem="2.16.840.1.113883.5.28"/>
                                 </territory>
                              </territorialAuthority>
                           </author>
                        </approval>
                     </subjectOf>
                     <subjectOf>
                        <marketingAct>
                           <code code="C53292" codeSystem="2.16.840.1.113883.3.26.1.1"/>
                           <statusCode code="active"/>
                           <effectiveTime>
                              <low value="20211227"/>
                           </effectiveTime>
                        </marketingAct>
                     </subjectOf>
                     <subjectOf>
                        <characteristic classCode="OBS">
                           <code code="SPLCOLOR" codeSystem="2.16.840.1.113883.1.11.19255"/>
                           <value code="C48330" codeSystem="2.16.840.1.113883.3.26.1.1" displayName="yellow" xsi:type="CE">
                              <originalText>light yellow</originalText>
                           </value>
                        </characteristic>
                     </subjectOf>
                     <subjectOf>
                        <characteristic classCode="OBS">
                           <code code="SPLCOLOR" codeSystem="2.16.840.1.113883.1.11.19255"/>
                           <value code="C48326" codeSystem="2.16.840.1.113883.3.26.1.1" displayName="red" xsi:type="CE">
                              <originalText>maroon</originalText>
                           </value>
                        </characteristic>
                     </subjectOf>
                     <subjectOf>
                        <characteristic classCode="OBS">
                           <code code="SPLIMPRINT" codeSystem="2.16.840.1.113883.1.11.19255"/>
                           <value xsi:type="ST">barr;302;50</value>
                        </characteristic>
                     </subjectOf>
                     <subjectOf>
                        <characteristic classCode="OBS">
                           <code code="SPLSCORE" codeSystem="2.16.840.1.113883.1.11.19255"/>
                           <value value="1" xsi:type="INT"/>
                        </characteristic>
                     </subjectOf>
                     <subjectOf>
                        <characteristic classCode="OBS">
                           <code code="SPLSHAPE" codeSystem="2.16.840.1.113883.1.11.19255"/>
                           <value code="C48336" codeSystem="2.16.840.1.113883.3.26.1.1" displayName="CAPSULE" xsi:type="CE">
                              <originalText/>
                           </value>
                        </characteristic>
                     </subjectOf>
                     <subjectOf>
                        <characteristic classCode="OBS">
                           <code code="SPLSIZE" codeSystem="2.16.840.1.113883.1.11.19255"/>
                           <value unit="mm" value="16" xsi:type="PQ"/>
                        </characteristic>
                     </subjectOf>
                     <consumedIn>
                        <substanceAdministration>
                           <routeCode code="C38288" codeSystem="2.16.840.1.113883.3.26.1.1" displayName="ORAL"/>
                        </substanceAdministration>
                     </consumedIn>
                  </manufacturedProduct>
               </subject>
            </section>
         </component>
         <component>
            <section ID="LINK_34885b3b-cfb2-4dd6-8d8e-9091ec8454e4">
               <id root="01c7c334-3c87-cf24-e063-6394a90af4ca"/>
               <code code="42229-5" codeSystem="2.16.840.1.113883.6.1" displayName="SPL UNCLASSIFIED SECTION"/>
               <title/>
               <text>
                  <paragraph>
                     <content styleCode="bold">Rx only</content>
                  </paragraph>
               </text>
               <effectiveTime value="20230731"/>
            </section>
         </component>
         <component>
            <section ID="LINK_ed79f3b5-9faa-4066-8663-22f63252f5e1">
               <id root="01c7c334-3c88-cf24-e063-6394a90af4ca"/>
               <code code="34089-3" codeSystem="2.16.840.1.113883.6.1" displayName="DESCRIPTION SECTION"/>
               <title>DESCRIPTION</title>
               <text>
                  <paragraph>Hydroxyzine pamoate, USP is designated chemically as 1-(p-chlorobenzhydryl) 4-[2-(2-hydroxyethoxy) ethyl] diethylenediamine salt of 1,1′-methylene bis (2 hydroxy-3-naphthalene carboxylic acid). It has the following structural formula:</paragraph>
                  <renderMultiMedia referencedObject="MM1"/>
                  <paragraph>
                     <content styleCode="bold">C
  
   <sub>21</sub>H
  
   <sub>27</sub>ClN
  
   <sub>2</sub>O
  
   <sub>2</sub>•C
  
   <sub>23</sub>H
  
   <sub>16</sub>O
  
   <sub>6</sub>M.W. 763.27
 
  </content>
                  </paragraph>
                  <paragraph>Hydroxyzine pamoate capsules, USP are administered in doses equivalent to 25 mg, 50 mg or 100 mg of hydroxyzine hydrochloride. In addition, each capsule contains the following inactive ingredients: croscarmellose sodium, magnesium stearate, and pregelatinized corn starch. The 25 mg also contains anhydrous lactose. The 50 mg and 100 mg also contain lactose monohydrate. The capsule shell ingredients for the 25 mg capsule are D&amp;C Red No. 28, D&amp;C Yellow No. 10, FD&amp;C Blue No. 1, FD&amp;C Red No. 40, FD&amp;C Yellow No. 6, gelatin, and titanium dioxide. The 50 mg capsule shell contains D&amp;C Red No. 33, D&amp;C Yellow No. 10, FD&amp;C Yellow No. 6, gelatin, and titanium dioxide. The 100 mg capsule shell contains D&amp;C Red No. 28, D&amp;C Red No. 33, D&amp;C Yellow No. 10, FD&amp;C Blue No. 1, FD&amp;C Red No. 40, gelatin, and titanium dioxide.</paragraph>
                  <paragraph>The edible imprinting ink on the 25 mg, 50 mg and 100 mg capsules contains black iron oxide, D&amp;C Yellow No. 10 aluminum lake, FD&amp;C Blue No. 1 aluminum lake, FD&amp;C Blue No. 2 aluminum lake, FD&amp;C Red No. 40 aluminum lake, propylene glycol, and shellac glaze. 
  <br/>
                  </paragraph>
               </text>
               <effectiveTime value="20230731"/>
               <component>
                  <observationMedia ID="MM1">
                     <text>Structural Formula</text>
                     <value mediaType="image/jpeg" xsi:type="ED">
                        <reference value="image-1.jpg"/>
                     </value>
                  </observationMedia>
               </component>
            </section>
         </component>
         <component>
            <section ID="LINK_01992fd9-239c-4b1e-9d20-f0a9051070d7">
               <id root="01c7c334-3c89-cf24-e063-6394a90af4ca"/>
               <code code="34090-1" codeSystem="2.16.840.1.113883.6.1" displayName="CLINICAL PHARMACOLOGY SECTION"/>
               <title>CLINICAL PHARMACOLOGY</title>
               <text>
                  <paragraph>Hydroxyzine pamoate is unrelated chemically to the phenothiazines, reserpine, meprobamate, or the benzodiazepines.</paragraph>
                  <paragraph>Hydroxyzine pamoate is not a cortical depressant, but its action may be due to a suppression of activity in certain key regions of the subcortical area of the central nervous system. Primary skeletal muscle relaxation has been demonstrated experimentally. Bronchodilator activity, and antihistaminic and analgesic effects have been demonstrated experimentally and confirmed clinically. An antiemetic effect, both by the apomorphine test and the veriloid test, has been demonstrated. Pharmacological and clinical studies indicate that hydroxyzine in therapeutic dosage does not increase gastric secretion or acidity and in most cases has mild antisecretory activity. Hydroxyzine is rapidly absorbed from the gastrointestinal tract and hydroxyzine pamoate's clinical effects are usually noted within 15 to 30 minutes after oral administration.</paragraph>
               </text>
               <effectiveTime value="20230731"/>
            </section>
         </component>
         <component>
            <section ID="LINK_0ab11daa-40db-4c74-bc81-328fd4fc98aa">
               <id root="01c7c334-3c8a-cf24-e063-6394a90af4ca"/>
               <code code="34067-9" codeSystem="2.16.840.1.113883.6.1" displayName="INDICATIONS &amp; USAGE SECTION"/>
               <title>INDICATIONS AND USAGE</title>
               <text>
                  <paragraph>For symptomatic relief of anxiety and tension associated with psychoneurosis and as an adjunct in organic disease states in which anxiety is manifested.</paragraph>
                  <paragraph>Useful in the management of pruritus due to allergic conditions such as chronic urticaria and atopic and contact dermatoses, and in histamine-mediated pruritus.</paragraph>
                  <paragraph>As a sedative when used as premedication and following general anesthesia,
 
  <content styleCode="bold">hydroxyzine may potentiate meperidine (Demerol
  
   <sup>®</sup>) and barbiturates
 
  </content>, so their use in pre-anesthetic adjunctive therapy should be modified on an individual basis. Atropine and other belladonna alkaloids are not affected by the drug. Hydroxyzine is not known to interfere with the action of digitalis in any way and it may be used concurrently with this agent.

 </paragraph>
                  <paragraph>The effectiveness of hydroxyzine as an antianxiety agent for long-term use, that is, more than 4 months, has not been assessed by systematic clinical studies. The physician should reassess periodically the usefulness of the drug for the individual patient.</paragraph>
               </text>
               <effectiveTime value="20230731"/>
            </section>
         </component>
         <component>
            <section ID="LINK_31f47c72-6f44-40f4-9224-18f94815462d">
               <id root="01c7c334-3c8b-cf24-e063-6394a90af4ca"/>
               <code code="34070-3" codeSystem="2.16.840.1.113883.6.1" displayName="CONTRAINDICATIONS SECTION"/>
               <title>CONTRAINDICATIONS</title>
               <text>
                  <paragraph>Hydroxyzine, when administered to the pregnant mouse, rat, and rabbit, induced fetal abnormalities in the rat and mouse at doses substantially above the human therapeutic range. Clinical data in human beings are inadequate to establish safety in early pregnancy. Until such data are available, hydroxyzine is contraindicated in early pregnancy.</paragraph>
                  <paragraph>Hydroxyzine is contraindicated in patients with a prolonged QT interval.</paragraph>
                  <paragraph>Hydroxyzine pamoate is contraindicated for patients who have shown a previous hypersensitivity to any component of this medication.</paragraph>
                  <paragraph>Hydroxyzine is contraindicated in patients with known hypersensitivity to hydroxyzine products, and in patients with known hypersensitivity to cetirizine hydrochloride or levocetirizine hydrochloride.</paragraph>
               </text>
               <effectiveTime value="20230731"/>
            </section>
         </component>
         <component>
            <section ID="LINK_005cf4aa-9282-4fa7-a53e-a8d483b3afa2">
               <id root="01c7c334-3c8c-cf24-e063-6394a90af4ca"/>
               <code code="34071-1" codeSystem="2.16.840.1.113883.6.1" displayName="WARNINGS SECTION"/>
               <title>WARNINGS</title>
               <effectiveTime value="20230731"/>
               <component>
                  <section ID="LINK_fdecc3a0-5315-4e1e-bb49-20d605b2a674">
                     <id root="01c7c334-3c8d-cf24-e063-6394a90af4ca"/>
                     <code code="34080-2" codeSystem="2.16.840.1.113883.6.1" displayName="NURSING MOTHERS SECTION"/>
                     <title>Nursing Mothers</title>
                     <text>
                        <paragraph>It is not known whether this drug is excreted in human milk. Since many drugs are so excreted, hydroxyzine should not be given to nursing mothers.</paragraph>
                     </text>
                     <effectiveTime value="20230731"/>
                  </section>
               </component>
            </section>
         </component>
         <component>
            <section ID="LINK_a1dfda63-6ccb-479b-b43e-c00fc2ff170d">
               <id root="01c7c334-3c8e-cf24-e063-6394a90af4ca"/>
               <code code="42232-9" codeSystem="2.16.840.1.113883.6.1" displayName="PRECAUTIONS SECTION"/>
               <title>PRECAUTIONS</title>
               <text>
                  <paragraph>THE POTENTIATING ACTION OF HYDROXYZINE MUST BE CONSIDERED WHEN THE DRUG IS USED IN CONJUNCTION WITH CENTRAL NERVOUS SYSTEM DEPRESSANTS SUCH AS NARCOTICS, NON-NARCOTIC ANALGESICS AND BARBITURATES. Therefore, when central nervous system depressants are administered concomitantly with hydroxyzine, their dosage should be reduced. Since drowsiness may occur with use of the drug, patients should be warned of this possibility and cautioned against driving a car or operating dangerous machinery while taking hydroxyzine pamoate. Patients should be advised against the simultaneous use of other CNS depressant drugs, and cautioned that the effect of alcohol may be increased.</paragraph>
               </text>
               <effectiveTime value="20230731"/>
               <component>
                  <section ID="LINK_71d3c688-e1e1-4a31-a02b-68380233358c">
                     <id root="01c7c334-3c8f-cf24-e063-6394a90af4ca"/>
                     <code code="42229-5" codeSystem="2.16.840.1.113883.6.1" displayName="SPL UNCLASSIFIED SECTION"/>
                     <title>QT Prolongation/Torsade de Pointes (TdP)</title>
                     <text>
                        <paragraph>Cases of QT prolongation and Torsade de Pointes have been reported during postmarketing use of hydroxyzine. The majority of reports occurred in patients with other risk factors for QT prolongation/TdP (pre-existing heart disease, electrolyte imbalances or concomitant arrhythmogenic drug use). Therefore, hydroxyzine should be used with caution in patients with risk factors for QT prolongation, congenital long QT syndrome, a family history of long QT syndrome, other conditions that predispose to QT prolongation and ventricular arrhythmia, as well as recent myocardial infarction, uncompensated heart failure, and bradyarrhythmias.</paragraph>
                        <paragraph>Caution is recommended during the concomitant use of drugs known to prolong the QT interval. These include Class 1A (e.g., quinidine, procainamide) or Class III (e.g., amiodarone, sotalol) antiarrhythmics, certain antipsychotics (e.g., ziprasidone, iloperidone, clozapine, quetiapine, chlorpromazine), certain antidepressants (e.g., citalopram, fluoxetine), certain antibiotics (e.g., azithromycin, erythromycin, clarithromycin, gatifloxacin, moxifloxacin); and others (e.g., pentamidine, methadone, ondansetron, droperidol).</paragraph>
                     </text>
                     <effectiveTime value="20230731"/>
                  </section>
               </component>
               <component>
                  <section ID="LINK_ef23c742-3c97-4d53-969f-ef3712d4df52">
                     <id root="01c7c334-3c90-cf24-e063-6394a90af4ca"/>
                     <code code="42229-5" codeSystem="2.16.840.1.113883.6.1" displayName="SPL UNCLASSIFIED SECTION"/>
                     <title>Acute Generalized Exanthematous Pustulosis (AGEP)</title>
                     <text>
                        <paragraph>Hydroxyzine may rarely cause acute generalized exanthematous pustulosis (AGEP), a serious skin reaction characterized by fever and numerous small, superficial, non-follicular, sterile pustules, arising within large areas of edematous erythema. Inform patients about the signs of AGEP, and discontinue hydroxyzine at the first appearance of a skin rash, worsening of pre-existing skin reactions which hydroxyzine may be used to treat, or any other sign of hypersensitivity. If signs or symptoms suggest AGEP, use of hydroxyzine should not be resumed and alternative therapy should be considered. Avoid cetirizine or levocetirizine in patients who have experienced AGEP or other hypersensitivity reactions with hydroxyzine, due to the risk of cross-sensitivity.</paragraph>
                     </text>
                     <effectiveTime value="20230731"/>
                  </section>
               </component>
               <component>
                  <section ID="LINK_a6c5ca88-6103-4fd8-be1e-da158a36dc3d">
                     <id root="01c7c334-3c91-cf24-e063-6394a90af4ca"/>
                     <code code="34082-8" codeSystem="2.16.840.1.113883.6.1" displayName="GERIATRIC USE SECTION"/>
                     <title>Geriatric Use</title>
                     <text>
                        <paragraph>A determination has not been made whether controlled clinical studies of hydroxyzine pamoate included sufficient numbers of subjects aged 65 and over to define a difference in response from younger subjects. Other reported clinical experience has not identified differences in responses between the elderly and younger patients. In general, dose selection for an elderly patient should be cautious, usually starting at the low end of the dosing range, reflecting the greater frequency of decreased hepatic, renal or cardiac function and of concomitant disease or other drug therapy.</paragraph>
                        <paragraph>The extent of renal excretion of hydroxyzine pamoate has not been determined. Because elderly patients are more likely to have decreased renal function, care should be taken in dose selections.</paragraph>
                        <paragraph>Sedating drugs may cause confusion and over sedation in the elderly; elderly patients generally should be started on low doses of hydroxyzine pamoate and observed closely.</paragraph>
                     </text>
                     <effectiveTime value="20230731"/>
                  </section>
               </component>
            </section>
         </component>
         <component>
            <section ID="LINK_f438f377-b3ee-443d-b944-054762040eb9">
               <id root="01c7c334-3c92-cf24-e063-6394a90af4ca"/>
               <code code="34084-4" codeSystem="2.16.840.1.113883.6.1" displayName="ADVERSE REACTIONS SECTION"/>
               <title>ADVERSE REACTIONS</title>
               <text>
                  <paragraph>Side effects reported with the administration of hydroxyzine pamoate are usually mild and transitory in nature.</paragraph>
               </text>
               <effectiveTime value="20230731"/>
               <component>
                  <section ID="LINK_6271c1bd-3a9d-4e2e-8c93-da3e89bdfbc9">
                     <id root="01c7c334-3c93-cf24-e063-6394a90af4ca"/>
                     <code code="42229-5" codeSystem="2.16.840.1.113883.6.1" displayName="SPL UNCLASSIFIED SECTION"/>
                     <title>Skin and Appendages  </title>
                     <text>
                        <paragraph>Oral hydroxyzine hydrochloride is associated with Acute Generalized Exanthematous Pustulosis (AGEP) and fixed drug eruptions in postmarketing reports.</paragraph>
                     </text>
                     <effectiveTime value="20230731"/>
                  </section>
               </component>
               <component>
                  <section ID="LINK_bacbd15d-bdc6-4773-a2cd-9505571d08b7">
                     <id root="01c7c334-3c94-cf24-e063-6394a90af4ca"/>
                     <code code="42229-5" codeSystem="2.16.840.1.113883.6.1" displayName="SPL UNCLASSIFIED SECTION"/>
                     <title>Anticholinergic</title>
                     <text>
                        <paragraph>Dry mouth.</paragraph>
                     </text>
                     <effectiveTime value="20230731"/>
                  </section>
               </component>
               <component>
                  <section ID="LINK_836b9d2e-b9ae-4819-b5bd-ee6c15cc0ad0">
                     <id root="01c7c334-3c95-cf24-e063-6394a90af4ca"/>
                     <code code="42229-5" codeSystem="2.16.840.1.113883.6.1" displayName="SPL UNCLASSIFIED SECTION"/>
                     <title>Central Nervous System</title>
                     <text>
                        <paragraph>Drowsiness is usually transitory and may disappear in a few days of continued therapy or upon reduction of the dose. Involuntary motor activity, including rare instances of tremor and convulsions, has been reported, usually with doses considerably higher than those recommended. Clinically significant respiratory depression has not been reported at recommended doses.</paragraph>
                     </text>
                     <effectiveTime value="20230731"/>
                  </section>
               </component>
               <component>
                  <section ID="LINK_f7d42c3b-04c4-4df0-a5f5-59c3508eb85a">
                     <id root="01c7c334-3c96-cf24-e063-6394a90af4ca"/>
                     <code code="42229-5" codeSystem="2.16.840.1.113883.6.1" displayName="SPL UNCLASSIFIED SECTION"/>
                     <title>Cardiac System</title>
                     <text>
                        <paragraph>QT prolongation, Torsade de Pointes.</paragraph>
                        <paragraph>In postmarketing experience, the following additional undesirable effects have been reported:</paragraph>
                     </text>
                     <effectiveTime value="20230731"/>
                  </section>
               </component>
               <component>
                  <section ID="LINK_4361651a-9ae8-45a8-9cb2-9159b23e2152">
                     <id root="01c7c334-3c97-cf24-e063-6394a90af4ca"/>
                     <code code="42229-5" codeSystem="2.16.840.1.113883.6.1" displayName="SPL UNCLASSIFIED SECTION"/>
                     <title>Body as a Whole</title>
                     <text>
                        <paragraph>allergic reaction.</paragraph>
                     </text>
                     <effectiveTime value="20230731"/>
                  </section>
               </component>
               <component>
                  <section ID="LINK_d66f02bd-d7b3-40f3-b781-d8678a416485">
                     <id root="01c7c334-3c98-cf24-e063-6394a90af4ca"/>
                     <code code="42229-5" codeSystem="2.16.840.1.113883.6.1" displayName="SPL UNCLASSIFIED SECTION"/>
                     <title>Nervous System</title>
                     <text>
                        <paragraph>headache.</paragraph>
                     </text>
                     <effectiveTime value="20230731"/>
                  </section>
               </component>
               <component>
                  <section ID="LINK_471a6da7-bc5b-4563-a034-70c243ffedee">
                     <id root="01c7c334-3c99-cf24-e063-6394a90af4ca"/>
                     <code code="42229-5" codeSystem="2.16.840.1.113883.6.1" displayName="SPL UNCLASSIFIED SECTION"/>
                     <title>Psychiatric</title>
                     <text>
                        <paragraph>hallucination.</paragraph>
                     </text>
                     <effectiveTime value="20230731"/>
                  </section>
               </component>
               <component>
                  <section ID="LINK_d8de49a5-c6d5-4c56-8648-b0873bc657ca">
                     <id root="01c7c334-3c9a-cf24-e063-6394a90af4ca"/>
                     <code code="42229-5" codeSystem="2.16.840.1.113883.6.1" displayName="SPL UNCLASSIFIED SECTION"/>
                     <title>Skin and Appendages</title>
                     <text>
                        <paragraph>pruritus, rash, urticaria.</paragraph>
                        <paragraph>
                           <content styleCode="bold">To report SUSPECTED ADVERSE REACTIONS, contact Teva at 1-888-838-2872 or FDA at 1-800-FDA-1088 or www.fda.gov/medwatch.</content>
                        </paragraph>
                     </text>
                     <effectiveTime value="20230731"/>
                  </section>
               </component>
            </section>
         </component>
         <component>
            <section ID="LINK_be7050b6-7e5d-48b4-b4cd-b8fbb06ddeab">
               <id root="01c7c334-3c9b-cf24-e063-6394a90af4ca"/>
               <code code="34088-5" codeSystem="2.16.840.1.113883.6.1" displayName="OVERDOSAGE SECTION"/>
               <title>OVERDOSAGE</title>
               <text>
                  <paragraph>The most common manifestation of overdosage of hydroxyzine pamoate is hypersedation. Other reported signs and symptoms were convulsions, stupor, nausea and vomiting. As in the management of overdosage with any drug, it should be borne in mind that multiple agents may have been taken.</paragraph>
                  <paragraph>If vomiting has not occurred spontaneously, it should be induced. Immediate gastric lavage is also recommended. General supportive care, including frequent monitoring of the vital signs and close observation of the patient, is indicated. Hypotension, though unlikely, may be controlled with intravenous fluids and vasopressors
 
  <content styleCode="bold">(do not use epinephrine as hydroxyzine counteracts its pressor action).</content>Caffeine and Sodium Benzoate Injection, USP, may be used to counteract central nervous system depressant effects.

 </paragraph>
                  <paragraph>Hydroxyzine overdose may cause QT prolongation and Torsade de Pointes. ECG monitoring is recommended in cases of hydroxyzine overdose.</paragraph>
                  <paragraph>There is no specific antidote. It is doubtful that hemodialysis would be of any value in the treatment of overdosage with hydroxyzine. However, if other agents such as barbiturates have been ingested concomitantly, hemodialysis may be indicated. There is no practical method to quantitate hydroxyzine in body fluids or tissue after its ingestion or administration.</paragraph>
               </text>
               <effectiveTime value="20230731"/>
            </section>
         </component>
         <component>
            <section ID="LINK_9f87f819-52e6-4dbb-8942-90a420a3a1a5">
               <id root="01c7c334-3c9c-cf24-e063-6394a90af4ca"/>
               <code code="34068-7" codeSystem="2.16.840.1.113883.6.1" displayName="DOSAGE &amp; ADMINISTRATION SECTION"/>
               <title>DOSAGE AND ADMINISTRATION</title>
               <text>
                  <paragraph>For symptomatic relief of anxiety and tension associated with psychoneurosis and as an adjunct in organic disease states in which anxiety is manifested: in adults, 50 to 100 mg four times a day; children under 6 years, 50 mg daily in divided doses; and over 6 years, 50 to 100 mg daily in divided doses.</paragraph>
                  <paragraph>For use in the management of pruritus due to allergic conditions such as chronic urticaria and atopic and contact dermatoses, and in histamine-mediated pruritus: in adults, 25 mg three times a day or four times a day.; children under 6 years, 50 mg daily in divided doses; and over 6 years, 50 to 100 mg daily in divided doses. 
  <br/>
                  </paragraph>
                  <paragraph>As a sedative when used as a premedication and following general anesthesia: 50 to 100 mg in adults, and 0.6 mg/kg in children. 
  <br/>
                  </paragraph>
                  <paragraph>When treatment is initiated by the intramuscular route of administration, subsequent doses may be administered orally. 
  <br/>
                  </paragraph>
                  <paragraph>As with all medications, the dosage should be adjusted according to the patient’s response to therapy. 
  <br/>
                  </paragraph>
               </text>
               <effectiveTime value="20230731"/>
            </section>
         </component>
         <component>
            <section ID="LINK_8e76744b-152b-4eaf-8823-27cef8b4f0a3">
               <id root="01c7c334-3c9d-cf24-e063-6394a90af4ca"/>
               <code code="34069-5" codeSystem="2.16.840.1.113883.6.1" displayName="HOW SUPPLIED SECTION"/>
               <title>HOW SUPPLIED</title>
               <text>
                  <paragraph>Hydroxyzine pamoate capsules, USP (hydroxyzine pamoate, USP equivalent to hydroxyzine hydrochloride), 50 mg are available as light yellow opaque cap and maroon opaque body filled with yellow powder, imprinted in black ink stylized “barr” over “302” on one piece and “50” on the other piece, packaged in</paragraph>
                  <paragraph>NDC: 70518-3311-00</paragraph>
                  <paragraph>NDC: 70518-3311-01</paragraph>
                  <paragraph>NDC: 70518-3311-02</paragraph>
                  <paragraph>NDC: 70518-3311-03</paragraph>
                  <paragraph>NDC: 70518-3311-04</paragraph>
                  <paragraph>PACKAGING: 100 in 1 BOX</paragraph>
                  <paragraph>PACKAGING: 1 in 1 POUCH</paragraph>
                  <paragraph>PACKAGING: 30 in 1 BLISTER PACK</paragraph>
                  <paragraph>PACKAGING: 30 in 1 BLISTER PACK</paragraph>
                  <paragraph>PACKAGING: 21 in 1 BLISTER PACK</paragraph>
                  <paragraph/>
                  <paragraph>Dispense in a tight, light-resistant container as defined in the USP, with a child-resistant closure (as required).</paragraph>
                  <paragraph>Store at 20° to 25°C (68° to 77°F) [See USP Controlled Room Temperature].</paragraph>
                  <paragraph>Keep this and all medications out of the reach of children.</paragraph>
                  <paragraph/>
                  <paragraph>Repackaged and Distributed By:</paragraph>
                  <paragraph>Remedy Repack, Inc.</paragraph>
                  <paragraph>625 Kolter Dr. Suite #4 Indiana, PA 1-724-465-8762</paragraph>
                  <paragraph/>
                  <paragraph/>
               </text>
               <effectiveTime value="20230731"/>
            </section>
         </component>
         <component>
            <section ID="id_link_01c7d5ce-3281-23a0-e063-6394a90a579f">
               <id root="01c7d5ce-3280-23a0-e063-6394a90a579f"/>
               <code code="51945-4" codeSystem="2.16.840.1.113883.6.1" displayName="PACKAGE LABEL.PRINCIPAL DISPLAY PANEL"/>
               <title>PRINCIPAL DISPLAY PANEL</title>
               <text>
                  <paragraph>DRUG: Hydroxyzine Pamoate</paragraph>
                  <paragraph>GENERIC: Hydroxyzine Pamoate</paragraph>
                  <paragraph>DOSAGE: CAPSULE</paragraph>
                  <paragraph>ADMINSTRATION: ORAL</paragraph>
                  <paragraph>NDC: 70518-3311-0</paragraph>
                  <paragraph>NDC: 70518-3311-1</paragraph>
                  <paragraph>NDC: 70518-3311-2</paragraph>
                  <paragraph>NDC: 70518-3311-3</paragraph>
                  <paragraph>NDC: 70518-3311-4</paragraph>
                  <paragraph>COLOR: yellow</paragraph>
                  <paragraph>SHAPE: CAPSULE</paragraph>
                  <paragraph>SCORE: No score</paragraph>
                  <paragraph>SIZE: 16 mm</paragraph>
                  <paragraph>IMPRINT: barr;302;50</paragraph>
                  <paragraph>PACKAGING: 100 in 1 BOX</paragraph>
                  <paragraph>OUTER PACKAGING: 1 in 1 POUCH</paragraph>
                  <paragraph>PACKAGING: 30 in 1 BLISTER PACK </paragraph>
                  <paragraph>PACKAGING; 30 in 1 BLISTER PACK </paragraph>
                  <paragraph>PACKAGING: 21 in 1 BLISTER PACK </paragraph>
                  <paragraph>ACTIVE INGREDIENT(S):</paragraph>
                  <list listType="unordered">
                     <item>HYDROXYZINE PAMOATE 50mg in 1</item>
                  </list>
                  <paragraph>INACTIVE INGREDIENT(S):</paragraph>
                  <list listType="unordered">
                     <item>CROSCARMELLOSE SODIUM</item>
                     <item>MAGNESIUM STEARATE</item>
                     <item>STARCH, CORN</item>
                     <item>LACTOSE MONOHYDRATE</item>
                     <item>D&amp;C RED NO. 33</item>
                     <item>D&amp;C YELLOW NO. 10</item>
                     <item>FD&amp;C YELLOW NO. 6</item>
                     <item>GELATIN</item>
                     <item>TITANIUM DIOXIDE</item>
                     <item>FERROSOFERRIC OXIDE</item>
                     <item>FD&amp;C BLUE NO. 1</item>
                     <item>FD&amp;C BLUE NO. 2</item>
                     <item>INDIGOTINDISULFONATE SODIUM</item>
                     <item>FD&amp;C RED NO. 40</item>
                     <item>PROPYLENE GLYCOL</item>
                     <item>SHELLAC</item>
                  </list>
                  <paragraph>
                     <renderMultiMedia referencedObject="Remedy_Label"/>
                  </paragraph>
                  <paragraph>
                     <renderMultiMedia referencedObject="img_01c7d205-c6af-7876-e063-6294a90a63fb"/>
                  </paragraph>
                  <paragraph>
                     <renderMultiMedia referencedObject="img_01c7d331-231c-4db2-e063-6394a90ae5c9"/>
                  </paragraph>
                  <paragraph>
                     <renderMultiMedia referencedObject="img_01c7c601-0075-f987-e063-6394a90a6555"/>
                  </paragraph>
                  <paragraph>
                     <renderMultiMedia referencedObject="img_01c7d586-2bf1-da30-e063-6294a90a6287"/>
                  </paragraph>
               </text>
               <effectiveTime value="20230731"/>
               <component>
                  <observationMedia ID="Remedy_Label">
                     <text>Remedy_Label</text>
                     <value mediaType="image/jpeg" xsi:type="ED">
                        <reference value="Remedy_Label.jpg"/>
                     </value>
                  </observationMedia>
               </component>
               <component>
                  <observationMedia ID="img_01c7d205-c6af-7876-e063-6294a90a63fb">
                     <text>MM2</text>
                     <value mediaType="image/jpeg" xsi:type="ED">
                        <reference value="hydrOXYzine Pamoate 50mg_70518-3311-01.jpg"/>
                     </value>
                  </observationMedia>
               </component>
               <component>
                  <observationMedia ID="img_01c7d331-231c-4db2-e063-6394a90ae5c9">
                     <text>MM3</text>
                     <value mediaType="image/jpeg" xsi:type="ED">
                        <reference value="hydrOXYzine Pamoate 50mg_70518-3311-02.jpg"/>
                     </value>
                  </observationMedia>
               </component>
               <component>
                  <observationMedia ID="img_01c7c601-0075-f987-e063-6394a90a6555">
                     <text>MM4</text>
                     <value mediaType="image/jpeg" xsi:type="ED">
                        <reference value="hydrOXYzine Pamoate 50mg_70518-3311-03.jpg"/>
                     </value>
                  </observationMedia>
               </component>
               <component>
                  <observationMedia ID="img_01c7d586-2bf1-da30-e063-6294a90a6287">
                     <text>MM5</text>
                     <value mediaType="image/jpeg" xsi:type="ED">
                        <reference value="hydrOXYzine Pamoate 50mg_70518-3311-04.jpg"/>
                     </value>
                  </observationMedia>
               </component>
            </section>
         </component>
      </structuredBody>
   </component>
</document>