<?xml version="1.0" encoding="UTF-8"?><?xml-stylesheet href="https://www.accessdata.fda.gov/spl/stylesheet/spl.xsl" type="text/xsl"?>
<document xmlns:xsi="http://www.w3.org/2001/XMLSchema-instance" xmlns="urn:hl7-org:v3" xsi:schemaLocation="urn:hl7-org:v3 https://www.accessdata.fda.gov/spl/schema/spl.xsd">
   <id root="01cac0d7-5cdb-2fc0-e063-6394a90a45d0"/>
   <code code="34391-3" codeSystem="2.16.840.1.113883.6.1" displayName="HUMAN PRESCRIPTION DRUG LABEL"/>
   <title>Dexamethasone 1.5mg Tablets</title>
   <effectiveTime value="20230731"/>
   <setId root="01cfaa3e-5e30-18fa-e063-6394a90a084e"/>
   <versionNumber value="1"/>
   <author>
      <time/>
      <assignedEntity>
         <representedOrganization>
            <id root="1.3.6.1.4.1.519.1" extension="117023142"/>
            <name>Advanced Rx Pharmacy of Tennessee, LLC</name>
            <assignedEntity>
               <assignedOrganization>
                  <assignedEntity>
                     <assignedOrganization>
                        <id root="1.3.6.1.4.1.519.1" extension="117023142"/>
                        <name>Advanced Rx Pharmacy of Tennessee, LLC</name>
                     </assignedOrganization>
                     <performance>
                        <actDefinition>
                           <code code="C73606" displayName="repack" codeSystem="2.16.840.1.113883.3.26.1.1"/>
                           <product>
                              <manufacturedProduct classCode="MANU">
                                 <manufacturedMaterialKind>
                                    <code code="80425-0346" codeSystem="2.16.840.1.113883.6.69"/>
                                 </manufacturedMaterialKind>
                              </manufacturedProduct>
                           </product>
                        </actDefinition>
                     </performance>
                  </assignedEntity>
               </assignedOrganization>
            </assignedEntity>
         </representedOrganization>
      </assignedEntity>
   </author>
   <component>
      <structuredBody>
         <component>
            <section>
               <id root="01cfc518-e004-0999-e063-6294a90a2990"/>
               <code code="48780-1" codeSystem="2.16.840.1.113883.6.1" displayName="SPL product data elements section"/>
               <effectiveTime value="20230731"/>
               <subject>
                  <manufacturedProduct>
                     <manufacturedProduct>
                        <code code="80425-0346" codeSystem="2.16.840.1.113883.6.69"/>
                        <name>Dexamethasone</name>
                        <formCode code="C42998" codeSystem="2.16.840.1.113883.3.26.1.1" displayName="TABLET"/>
                        <asEntityWithGeneric>
                           <genericMedicine>
                              <name>Dexamethasone</name>
                           </genericMedicine>
                        </asEntityWithGeneric>
                        <asEquivalentEntity classCode="EQUIV">
                           <code code="C64637" codeSystem="2.16.840.1.113883.3.26.1.1"/>
                           <definingMaterialKind>
                              <code code="70868-920" codeSystem="2.16.840.1.113883.6.69"/>
                           </definingMaterialKind>
                        </asEquivalentEntity>
                        <ingredient classCode="IACT">
                           <ingredientSubstance>
                              <code code="EWQ57Q8I5X" codeSystem="2.16.840.1.113883.4.9"/>
                              <name>LACTOSE MONOHYDRATE</name>
                           </ingredientSubstance>
                        </ingredient>
                        <ingredient classCode="IACT">
                           <ingredientSubstance>
                              <code code="70097M6I30" codeSystem="2.16.840.1.113883.4.9"/>
                              <name>MAGNESIUM STEARATE</name>
                           </ingredientSubstance>
                        </ingredient>
                        <ingredient classCode="IACT">
                           <ingredientSubstance>
                              <code code="O8232NY3SJ" codeSystem="2.16.840.1.113883.4.9"/>
                              <name>STARCH, CORN</name>
                           </ingredientSubstance>
                        </ingredient>
                        <ingredient classCode="IACT">
                           <ingredientSubstance>
                              <code code="C151H8M554" codeSystem="2.16.840.1.113883.4.9"/>
                              <name>SUCROSE</name>
                           </ingredientSubstance>
                        </ingredient>
                        <ingredient classCode="ACTIB">
                           <quantity>
                              <numerator unit="mg" value="1.5"/>
                              <denominator unit="1" value="1"/>
                           </quantity>
                           <ingredientSubstance>
                              <code code="7S5I7G3JQL" codeSystem="2.16.840.1.113883.4.9"/>
                              <name>DEXAMETHASONE</name>
                              <activeMoiety>
                                 <activeMoiety>
                                    <code code="7S5I7G3JQL" codeSystem="2.16.840.1.113883.4.9"/>
                                    <name>DEXAMETHASONE</name>
                                 </activeMoiety>
                              </activeMoiety>
                           </ingredientSubstance>
                        </ingredient>
                        <asContent>
                           <quantity>
                              <numerator value="21" unit="1"/>
                              <denominator value="1"/>
                           </quantity>
                           <containerPackagedProduct>
                              <code code="80425-0346-1" codeSystem="2.16.840.1.113883.6.69"/>
                              <formCode code="C43169" codeSystem="2.16.840.1.113883.3.26.1.1" displayName="BOTTLE"/>
                           </containerPackagedProduct>
                           <subjectOf>
                              <characteristic>
                                 <code code="SPLCMBPRDTP" codeSystem="2.16.840.1.113883.1.11.19255"/>
                                 <value code="C112160" codeSystem="2.16.840.1.113883.3.26.1.1" displayName="Type 0: Not a Combination Product" xsi:type="CV"/>
                              </characteristic>
                           </subjectOf>
                           <subjectOf>
                              <marketingAct>
                                 <code code="C53292" codeSystem="2.16.840.1.113883.3.26.1.1"/>
                                 <statusCode code="active"/>
                                 <effectiveTime>
                                    <low value="20230731"/>
                                 </effectiveTime>
                              </marketingAct>
                           </subjectOf>
                        </asContent>
                        <asContent>
                           <quantity>
                              <numerator value="27" unit="1"/>
                              <denominator value="1"/>
                           </quantity>
                           <containerPackagedProduct>
                              <code code="80425-0346-2" codeSystem="2.16.840.1.113883.6.69"/>
                              <formCode code="C43169" codeSystem="2.16.840.1.113883.3.26.1.1" displayName="BOTTLE"/>
                           </containerPackagedProduct>
                           <subjectOf>
                              <characteristic>
                                 <code code="SPLCMBPRDTP" codeSystem="2.16.840.1.113883.1.11.19255"/>
                                 <value code="C112160" codeSystem="2.16.840.1.113883.3.26.1.1" displayName="Type 0: Not a Combination Product" xsi:type="CV"/>
                              </characteristic>
                           </subjectOf>
                           <subjectOf>
                              <marketingAct>
                                 <code code="C53292" codeSystem="2.16.840.1.113883.3.26.1.1"/>
                                 <statusCode code="active"/>
                                 <effectiveTime>
                                    <low value="20230731"/>
                                 </effectiveTime>
                              </marketingAct>
                           </subjectOf>
                        </asContent>
                        <asContent>
                           <quantity>
                              <numerator value="49" unit="1"/>
                              <denominator value="1"/>
                           </quantity>
                           <containerPackagedProduct>
                              <code code="80425-0346-3" codeSystem="2.16.840.1.113883.6.69"/>
                              <formCode code="C43169" codeSystem="2.16.840.1.113883.3.26.1.1" displayName="BOTTLE"/>
                           </containerPackagedProduct>
                           <subjectOf>
                              <characteristic>
                                 <code code="SPLCMBPRDTP" codeSystem="2.16.840.1.113883.1.11.19255"/>
                                 <value code="C112160" codeSystem="2.16.840.1.113883.3.26.1.1" displayName="Type 0: Not a Combination Product" xsi:type="CV"/>
                              </characteristic>
                           </subjectOf>
                           <subjectOf>
                              <marketingAct>
                                 <code code="C53292" codeSystem="2.16.840.1.113883.3.26.1.1"/>
                                 <statusCode code="active"/>
                                 <effectiveTime>
                                    <low value="20230731"/>
                                 </effectiveTime>
                              </marketingAct>
                           </subjectOf>
                        </asContent>
                     </manufacturedProduct>
                     <subjectOf>
                        <approval>
                           <id extension="ANDA201270" root="2.16.840.1.113883.3.150"/>
                           <code code="C73584" codeSystem="2.16.840.1.113883.3.26.1.1" displayName="ANDA"/>
                           <author>
                              <territorialAuthority>
                                 <territory>
                                    <code code="USA" codeSystem="2.16.840.1.113883.5.28"/>
                                 </territory>
                              </territorialAuthority>
                           </author>
                        </approval>
                     </subjectOf>
                     <subjectOf>
                        <marketingAct>
                           <code code="C53292" codeSystem="2.16.840.1.113883.3.26.1.1"/>
                           <statusCode code="active"/>
                           <effectiveTime>
                              <low value="20230731"/>
                           </effectiveTime>
                        </marketingAct>
                     </subjectOf>
                     <subjectOf>
                        <characteristic classCode="OBS">
                           <code code="SPLCOLOR" codeSystem="2.16.840.1.113883.1.11.19255"/>
                           <value code="C48325" codeSystem="2.16.840.1.113883.3.26.1.1" displayName="white" xsi:type="CE">
                              <originalText/>
                           </value>
                        </characteristic>
                     </subjectOf>
                     <subjectOf>
                        <characteristic classCode="OBS">
                           <code code="SPLIMPRINT" codeSystem="2.16.840.1.113883.1.11.19255"/>
                           <value xsi:type="ST">702</value>
                        </characteristic>
                     </subjectOf>
                     <subjectOf>
                        <characteristic classCode="OBS">
                           <code code="SPLSCORE" codeSystem="2.16.840.1.113883.1.11.19255"/>
                           <value value="2" xsi:type="INT"/>
                        </characteristic>
                     </subjectOf>
                     <subjectOf>
                        <characteristic classCode="OBS">
                           <code code="SPLSHAPE" codeSystem="2.16.840.1.113883.1.11.19255"/>
                           <value code="C48348" codeSystem="2.16.840.1.113883.3.26.1.1" displayName="ROUND" xsi:type="CE">
                              <originalText/>
                           </value>
                        </characteristic>
                     </subjectOf>
                     <subjectOf>
                        <characteristic classCode="OBS">
                           <code code="SPLSIZE" codeSystem="2.16.840.1.113883.1.11.19255"/>
                           <value unit="mm" value="6" xsi:type="PQ"/>
                        </characteristic>
                     </subjectOf>
                     <consumedIn>
                        <substanceAdministration>
                           <routeCode code="C38288" codeSystem="2.16.840.1.113883.3.26.1.1" displayName="ORAL"/>
                        </substanceAdministration>
                     </consumedIn>
                  </manufacturedProduct>
               </subject>
            </section>
         </component>
         <component>
            <section>
               <id root="01cac0d7-5cdc-2fc0-e063-6394a90a45d0"/>
               <code code="42229-5" codeSystem="2.16.840.1.113883.6.1" displayName="SPL UNCLASSIFIED SECTION"/>
               <title/>
               <text>
                  <paragraph>
                     <content styleCode="bold">DEXAMETHASONE</content>
                     <content styleCode="bold"> </content>
                     <content styleCode="bold">Tablets</content>
                     <content styleCode="bold"> </content>
                     <content styleCode="bold">USP, 1.5</content>
                     <content styleCode="bold"> </content>
                     <content styleCode="bold">mg</content>
                  </paragraph>
                  <paragraph>
                     <content styleCode="bold">Rx</content>
                     <content styleCode="bold"> </content>
                     <content styleCode="bold">Only</content>
                  </paragraph>
               </text>
               <effectiveTime value="20230731"/>
            </section>
         </component>
         <component>
            <section>
               <id root="01cac0d7-5cdd-2fc0-e063-6394a90a45d0"/>
               <code code="34089-3" codeSystem="2.16.840.1.113883.6.1" displayName="DESCRIPTION SECTION"/>
               <title>
                  <content styleCode="bold">DESCRIPTION</content>
               </title>
               <text>
                  <paragraph>Dexamethasone Tablets USP, 1.5 mg</paragraph>
                  <paragraph>Each tablet contains: Dexamethasone USP … 1.5 mg.</paragraph>
                  <paragraph>For oral administration.</paragraph>
               </text>
               <effectiveTime value="20230731"/>
            </section>
         </component>
         <component>
            <section>
               <id root="01cac0d7-5cde-2fc0-e063-6394a90a45d0"/>
               <code code="51727-6" codeSystem="2.16.840.1.113883.6.1" displayName="INACTIVE INGREDIENT SECTION"/>
               <title>
                  <content styleCode="bold">INACTIVE INGREDIENT</content>
               </title>
               <text>
                  <paragraph>Dexamethasone Tablets USP, 1.5 mg contain lactose monohydrate, magnesium stearate, starch and compressible sugar.</paragraph>
                  <paragraph>Dexamethasone, a synthetic adrenocortical steroid, is a white to practical
 
  <content styleCode="bold">l</content>y white, odorless, crystalline powder. It is stable in air. It is practically insoluble in water. The molecular formula is C
 
  <sub>22</sub>H
 
  <sub>29</sub>FO
 
  <sub>5</sub>. The molecular weight is 392.47. It is designated chemically as 9-fluoro-11β,17,21-trihydroxy-16α- methylpregna-1,4-diene-3,20-dione and the structural formula is:

 </paragraph>
                  <paragraph>
                     <renderMultiMedia referencedObject="MM03000001"/>
                  </paragraph>
               </text>
               <effectiveTime value="20230731"/>
               <component>
                  <observationMedia ID="MM03000001">
                     <text>structural formula </text>
                     <value mediaType="image/jpeg" xsi:type="ED">
                        <reference value="dexamethasone-tablets-usp-01.jpg"/>
                     </value>
                  </observationMedia>
               </component>
            </section>
         </component>
         <component>
            <section>
               <id root="01cac0d7-5cdf-2fc0-e063-6394a90a45d0"/>
               <code code="34090-1" codeSystem="2.16.840.1.113883.6.1" displayName="CLINICAL PHARMACOLOGY SECTION"/>
               <title>
                  <content styleCode="bold">CLINICAL PHARMACOLOGY</content>
               </title>
               <text>
                  <paragraph>Glucocorticoids, naturally occurring and synthetic, are adrenocortical steroids that are readily absorbed from the gastrointestinal tract. Glucocorticoids cause varied metabolic effects. In addition, they modify the body's immune responses to diverse stimuli.</paragraph>
                  <paragraph>Naturally occurring glucocorticoids (hydrocortisone and cortisone), which also have sodium-retaining properties, are used as replacement therapy in adrenocortical deficiency states. Their synthetic analogs, including dexamethasone, are primarily used for their anti-inflammatory effects in disorders of many organ systems.</paragraph>
                  <paragraph>At equipotent anti-inflammatory doses, dexamethasone almost completely lacks the sodium-retaining property of hydrocortisone and closely related derivatives of hydrocortisone.</paragraph>
               </text>
               <effectiveTime value="20230731"/>
            </section>
         </component>
         <component>
            <section>
               <id root="01cac0d7-5ce0-2fc0-e063-6394a90a45d0"/>
               <code code="34067-9" codeSystem="2.16.840.1.113883.6.1" displayName="INDICATIONS &amp; USAGE SECTION"/>
               <title>
                  <content styleCode="bold">INDICATIONS AND USAGE</content>
               </title>
               <text>
                  <paragraph>
                     <content styleCode="italics">A</content>
                     <content styleCode="bold">
                        <content styleCode="italics">l</content>
                     </content>
                     <content styleCode="bold">
                        <content styleCode="italics">l</content>
                     </content>
                     <content styleCode="italics">ergic</content>
                     <content styleCode="italics"> </content>
                     <content styleCode="italics">States:</content>
                     <content styleCode="italics"> </content>Control of severe or incapacitating 
 
  <content styleCode="bold">a</content>llergic conditions intractable to adequate trials of conventional treatment in asthma, atopic dermatitis, contact dermatitis, drug hypersensitivity reactions, perennial or seasonal allergic rhinitis, and serum sickness.

 </paragraph>
                  <paragraph>
                     <content styleCode="italics">Dermatologic</content>
                     <content styleCode="italics"> </content>
                     <content styleCode="italics">Diseases:</content>
                     <content styleCode="italics"> </content>Bul
 
  <content styleCode="bold">l</content>ous dermatitis herpetiformis, exfoliative erythroderma, mycosis fungoides, pemphigus, and severe erythema multiforme (Stevens-Johnson syndrome).

 </paragraph>
                  <paragraph>
                     <content styleCode="italics">Endocrine</content>
                     <content styleCode="italics"> </content>
                     <content styleCode="italics">Disorders:</content>
                     <content styleCode="italics"> </content>Primary or secondary adrenocortical insufficiency (hydrocortisone or cortisone is the drug of choice; may be used in conjunction with synthetic mineralocorticoid analogs where applicable; in infancy mineralocorticoid supplementation is of particular importance), congenital adrenal hyperplasia, hypercalcemia associated with cancer, and nonsuppurative thyroiditis.

 </paragraph>
                  <paragraph>
                     <content styleCode="italics">Gastrointestinal</content>
                     <content styleCode="italics"> </content>
                     <content styleCode="italics">Diseases:</content>
                     <content styleCode="italics"> </content>To tide the patient over a critical period of the disease in regional enteritis and ulcerative colitis.

 </paragraph>
                  <paragraph>
                     <content styleCode="italics">Hematologic</content>
                     <content styleCode="italics"> </content>
                     <content styleCode="italics">Disorders:</content>
                     <content styleCode="italics"> </content>Acquired (autoimmune) hemolytic anemia, congenital (erythroid) hypoplastic anemia (Diamond-Blackfan anemia), idiopathic thrombocytopenic purpura in adults, pure red cell
 
  <content styleCode="bold"> </content>aplasia, and selected cases of secondary thrombocytopenia.

 </paragraph>
                  <paragraph>
                     <content styleCode="italics">Misce</content>
                     <content styleCode="italics">l</content>
                     <content styleCode="bold">
                        <content styleCode="italics">l</content>
                     </content>
                     <content styleCode="italics">aneous:</content>Diagnostic testing of adrenocortical hyperfunction, trichinosis with neurologic or myocardial involvement, tuberculous meningitis with subarachnoid block or impending block when used with appropriate antituberculous chemotherapy.

 </paragraph>
                  <paragraph>
                     <content styleCode="italics">Neoplastic</content>
                     <content styleCode="italics"> </content>
                     <content styleCode="italics">Diseases:</content>
                     <content styleCode="italics"> </content>For the palliative management of leukemias and lymphomas.

 </paragraph>
                  <paragraph>
                     <content styleCode="italics">Nervous</content>
                     <content styleCode="italics"> </content>
                     <content styleCode="italics">System:</content>
                     <content styleCode="italics"> </content>Acute exacerbations of multiple sclerosis, cerebral edema associated with primary or metastatic brain tumor, craniotomy, or head injury.

 </paragraph>
                  <paragraph>
                     <content styleCode="italics">Ophthalmic</content>
                     <content styleCode="italics"> </content>
                     <content styleCode="italics">Diseases:</content>
                     <content styleCode="italics"> </content>Sympathetic ophthalmia, temporal arteritis, uveitis, and ocular inflammatory conditions unresponsive to topical corticosteroids.

 </paragraph>
                  <paragraph>
                     <content styleCode="italics">Renal</content>
                     <content styleCode="italics"> </content>
                     <content styleCode="italics">Diseases:</content>
                     <content styleCode="italics"> </content>To induce a diuresis or remission of proteinuria in idiopathic nephrotic syndrome or that due to lupus erythematosus.

 </paragraph>
                  <paragraph>
                     <content styleCode="italics">Respiratory</content>
                     <content styleCode="italics"> </content>
                     <content styleCode="italics">Diseases:</content>
                     <content styleCode="italics"> </content>Berylliosis, fulminating or disseminated pulmonary tuberculosis when used concurrently with appropriate antituberculous chemotherapy, idiopathic eosinophilic pneumonias, symptomatic sarcoidosis.

 </paragraph>
                  <paragraph>
                     <content styleCode="italics">Rheumatic Disorders:</content>
                     <content styleCode="italics"> </content>As adjunctive therapy for short-term administration (to tide the patient over an acute episode or exacerbation) in acute gouty arthritis, acute rheumatic carditis, ankylosing spondylitis, psoriatic arthritis, rheumatoid arthritis, including juvenile rheumatoid arthritis (selected cases may require low-dose maintenance therapy). For the treatment of dermatomyositis, polymyositis, and systemic lupus erythematosus.

 </paragraph>
               </text>
               <effectiveTime value="20230731"/>
            </section>
         </component>
         <component>
            <section>
               <id root="01cac0d7-5ce1-2fc0-e063-6394a90a45d0"/>
               <code code="34070-3" codeSystem="2.16.840.1.113883.6.1" displayName="CONTRAINDICATIONS SECTION"/>
               <title>
                  <content styleCode="bold">CONTRAINDICATIONS</content>
               </title>
               <text>
                  <paragraph>Contraindicated in systemic fungal infections (see
 
  <content styleCode="bold">
                        <content styleCode="italics">
                           <linkHtml href="#_WARNINGS">WARNINGS</linkHtml>
                        </content>
                     </content>
                     <content styleCode="bold">
                        <content styleCode="italics">:</content>
                     </content>
                     <content styleCode="bold">
                        <content styleCode="italics">
                           <linkHtml href="#_Infections">Infections: Fungal Infections</linkHtml>
                        </content>
                     </content>) and patients with known hypersensitivity to the product and its consituents.

 </paragraph>
               </text>
               <effectiveTime value="20230731"/>
            </section>
         </component>
         <component>
            <section ID="_WARNINGS">
               <id root="01cac0d7-5ce2-2fc0-e063-6394a90a45d0"/>
               <code code="34071-1" codeSystem="2.16.840.1.113883.6.1" displayName="WARNINGS SECTION"/>
               <title>
                  <content styleCode="bold">WARNINGS</content>
               </title>
               <effectiveTime value="20230731"/>
               <component>
                  <section>
                     <id root="01cac0d7-5ce3-2fc0-e063-6394a90a45d0"/>
                     <code code="34072-9" codeSystem="2.16.840.1.113883.6.1" displayName="GENERAL PRECAUTIONS SECTION"/>
                     <title>
                        <content styleCode="italics">General</content>
                     </title>
                     <text>
                        <paragraph>Rare instances of anaphylactoid reactions have occurred in patients receiving corticosteroid therapy (see
 
  <content styleCode="bold">
                              <content styleCode="italics">
                                 <linkHtml href="#_ADVERSE_REACTIONS">ADVERSE REACTIONS</linkHtml>
                              </content>
                           </content>).

 </paragraph>
                        <paragraph>Increased dosage of rapidly acting corticosteroids is indicated in patients on corticosteroid therapy subjected to any unusual stress before, during, and after the stressful situation.</paragraph>
                     </text>
                     <effectiveTime value="20230731"/>
                  </section>
               </component>
               <component>
                  <section>
                     <id root="01cac0d7-5ce4-2fc0-e063-6394a90a45d0"/>
                     <code code="42229-5" codeSystem="2.16.840.1.113883.6.1" displayName="SPL UNCLASSIFIED SECTION"/>
                     <title>
                        <content styleCode="italics">Cardio-Renal</content>
                     </title>
                     <text>
                        <paragraph>Average and large doses of corticosteroids can cause elevation of blood pressure, sodium and water retention, and increased excretion of potassium.</paragraph>
                        <paragraph>These effects are less likely to occur with the synthetic derivatives except when used in large doses. Dietary salt restriction and potassium supplementation may be necessary. All
 
  <content styleCode="bold"> </content>corticosteroids increase calcium excretion.

 </paragraph>
                        <paragraph>Literature reports suggest an apparent association between use of corticosteroids and left ventricular free wall
 
  <content styleCode="bold"> </content>rupture after a recent myocardial infarction; therefore, therapy with corticosteroids should be used with great caution in these patients.

 </paragraph>
                     </text>
                     <effectiveTime value="20230731"/>
                  </section>
               </component>
               <component>
                  <section>
                     <id root="01cac0d7-5ce5-2fc0-e063-6394a90a45d0"/>
                     <code code="42229-5" codeSystem="2.16.840.1.113883.6.1" displayName="SPL UNCLASSIFIED SECTION"/>
                     <title>
                        <content styleCode="italics">Endocrine</content>
                     </title>
                     <text>
                        <paragraph>Corticosteroids can produce reversible hypothalamic-pituitary adrenal (HPA) axis suppression with the potential for corticosteroid insufficiency after withdrawal of treatment. Adrenocortical insufficiency may result from too rapid withdrawal of corticosteroids and may be minimized by gradual reduction of dosage. This type of relative insufficiency may persist for months after discontinuation of therapy; therefore, in any situation of stress occurring during that period, hormone therapy should be reinstituted. If the patient is receiving steroids already, dosage may have to be increased.</paragraph>
                        <paragraph>Metabolic clearance of corticosteroids is decreased in hypothyroid patients and increased in hyperthyroid patients. Changes in thyroid status of the patient may necessitate adjustment in dosage.</paragraph>
                     </text>
                     <effectiveTime value="20230731"/>
                  </section>
               </component>
               <component>
                  <section ID="_Infections">
                     <id root="01cac0d7-5ce6-2fc0-e063-6394a90a45d0"/>
                     <code code="42229-5" codeSystem="2.16.840.1.113883.6.1" displayName="SPL UNCLASSIFIED SECTION"/>
                     <title>
                        <content styleCode="italics">Infections</content>
                     </title>
                     <text>
                        <paragraph>
                           <content styleCode="italics">General:</content>
                           <content styleCode="italics"> </content>Patients who are on corticosteroids are more susceptible to infections than are healthy individuals. There may be decreased resistance and inability to localize infection when corticosteroids are used. Infection with any pathogen (viral, bacterial, fungal, protozoan or helminthic) in any location of the body may be associated with the use of corticosteroids alone or in combination with other immunosuppressive agents. These infections may be mild to severe. With increasing doses of corticosteroids, the rate of occurrence of infectious complications increases. Corticosteroids may also mask some signs of current infection.

 </paragraph>
                        <paragraph>
                           <content styleCode="italics">Fungal</content>
                           <content styleCode="italics"> </content>
                           <content styleCode="italics">Infections:</content>
                           <content styleCode="italics"> </content>Corticosteroids may exacerbate systemic fungal infections and therefore should not be used in the presence of such infections unless they are needed to control life-threatening drug reactions. There have been cases reported in which concomitant use of amphotericin B and hydrocortisone was followed by cardiac enlargement and congestive heart failure (see
 
  <content styleCode="bold">
                              <content styleCode="italics">
                                 <linkHtml href="#_PRECAUTIONS">PRECAUTIONS</linkHtml>
                              </content>
                           </content>
                           <content styleCode="bold">
                              <content styleCode="italics">:</content>
                           </content>
                           <content styleCode="bold">
                              <content styleCode="italics">
                                 <linkHtml href="#_Drug_Interactions">Drug Interactions: Amphotericin B injection and potassium-depleting agents</linkHtml>
                              </content>
                           </content>).

 </paragraph>
                        <paragraph>
                           <content styleCode="italics">Special</content>
                           <content styleCode="italics"> </content>
                           <content styleCode="italics">Pathogens:</content>
                           <content styleCode="italics"> </content>Latent disease may be activated or there may be an exacerbation of intercurrent infections due to pathogens, including those caused by Amoeba, Candida, Cryptococcus, Mycobacterium, Nocardia, Pneumocystis, Toxoplasma.

 </paragraph>
                        <paragraph>It is recommended that latent amebiasis or active amebiasis be ruled out before initiating corticosteroid therapy in any patient who has spent time in the tropics or any patient with unexplained diarrhea.</paragraph>
                        <paragraph>Similarly, corticosteroids should be used with great care in patients with known or suspected Strongyloides (threadworm) infestation. In such patients, corticosteroid- induced immunosuppression may lead to Strongyloides hyperinfection and dissemination with widespread larval migration, often accompanied by severe enterocolitis and potentially fatal gram-negative septicemia.</paragraph>
                        <paragraph>Corticosteroids should not be used in cerebral malaria.</paragraph>
                        <paragraph>
                           <content styleCode="italics">Tuberculosis:</content>
                           <content styleCode="italics"> </content>The use of corticosteroids in active tuberculosis should be restricted to those cases of fulminating or disseminated tuberculosis in which the corticosteroid is used for the management of the disease in conjunction with an appropriate antituberculous regimen.

 </paragraph>
                        <paragraph>If corticosteroids are indicated in patients with latent tuberculosis or tuberculin reactivity, close observation is necessary as reactivation of the disease may occur. During prolonged corticosteroid therapy, these patients should receive chemoprophylaxis.</paragraph>
                        <paragraph>
                           <content styleCode="italics">Vaccination:</content>
                           <content styleCode="italics"> </content>
                           <content styleCode="bold">Administration of live or live, attenuated vaccines is contraindicated in patients receiving</content>
                           <content styleCode="bold">immunosuppressive doses of corticosteroids. Ki</content>
                           <content styleCode="bold"> </content>
                           <content styleCode="bold">l</content>
                           <content styleCode="bold">ed or inactivated vaccines may be administered. However, the response to such vaccines cannot be predicted.</content>Immunization procedures may be undertaken in patients who are receiving corticosteroids as replacement therapy, e.g., for Addison's disease.

 </paragraph>
                        <paragraph>
                           <content styleCode="italics">Viral</content>
                           <content styleCode="italics"> </content>
                           <content styleCode="italics">infections:</content>
                           <content styleCode="italics"> </content>Chickenpox and measles can have a more serious or even fatal course in pediatric and adult patients on corticosteroids. In pediatric and adult patients who have not had these diseases, particular care should be taken to avoid exposure. The contribution of the underlying disease and/or prior corticosteroid treatment to the risk is also not known. If exposed to chickenpox, prophylaxis with varicella zoster immune globulin (VZIG) may be indicated. If exposed to measles, prophylaxis with immune globulin (IG) may be indicated. (See the respective package inserts for VZIG and IG for complete prescribing information.) If chickenpox develops, treatment with antiviral agents should be considered.

 </paragraph>
                        <paragraph>
                           <content styleCode="italics">Ophthalmic:</content>
                           <content styleCode="italics"> </content>Use of corticosteroids may produce posterior subcapsular cataracts, glaucoma with possible damage to the optic nerves, and may enhance the establishment of secondary ocular infections due to bacteria, fungi, or viruses. The use of oral corticosteroids is not recommended in the treatment of optic neuritis and may lead to an increase in the risk of new episodes. Corticosteroids should not be used in active ocular herpes simplex.

 </paragraph>
                     </text>
                     <effectiveTime value="20230731"/>
                  </section>
               </component>
            </section>
         </component>
         <component>
            <section ID="_PRECAUTIONS">
               <id root="01cac0d7-5ce7-2fc0-e063-6394a90a45d0"/>
               <code code="42232-9" codeSystem="2.16.840.1.113883.6.1" displayName="PRECAUTIONS SECTION"/>
               <title>
                  <content styleCode="bold">PRECAUTIONS</content>
               </title>
               <effectiveTime value="20230731"/>
               <component>
                  <section>
                     <id root="01cac0d7-5ce8-2fc0-e063-6394a90a45d0"/>
                     <code code="34072-9" codeSystem="2.16.840.1.113883.6.1" displayName="GENERAL PRECAUTIONS SECTION"/>
                     <title>
                        <content styleCode="bold">General</content>
                     </title>
                     <text>
                        <paragraph>The lowest possible dose of corticosteroids should be used to control the condition under treatment. When reduction in dosage is possible, the reduction should be gradual.</paragraph>
                        <paragraph>Since complications of treatment with corticosteroids are dependent on the size of the dose and the duration of treatment, a risk/benefit decision must be made in each individual case as to dose and duration of treatment and as to whether daily or intermittent therapy should be used.</paragraph>
                        <paragraph>Kaposi's sarcoma has been reported to occur in patients receiving corticosteroid therapy, most often for chronic conditions. Discontinuation of corticosteroids may result in clinical improvement.</paragraph>
                     </text>
                     <effectiveTime value="20230731"/>
                     <component>
                        <section>
                           <id root="01cac0d7-5ce9-2fc0-e063-6394a90a45d0"/>
                           <code code="42229-5" codeSystem="2.16.840.1.113883.6.1" displayName="SPL UNCLASSIFIED SECTION"/>
                           <title>
                              <content styleCode="italics">Cardio-</content>
                              <content styleCode="italics">Renal</content>
                           </title>
                           <text>
                              <paragraph>As sodium retention with resultant edema and potassium loss may occur in patients receiving corticosteroids, these agents should be used with caution in patients with congestive heart failure, hypertension, or renal insufficiency.</paragraph>
                           </text>
                           <effectiveTime value="20230731"/>
                        </section>
                     </component>
                     <component>
                        <section>
                           <id root="01cac0d7-5cea-2fc0-e063-6394a90a45d0"/>
                           <code code="42229-5" codeSystem="2.16.840.1.113883.6.1" displayName="SPL UNCLASSIFIED SECTION"/>
                           <title>
                              <content styleCode="italics">Endocrine</content>
                           </title>
                           <text>
                              <paragraph>Drug-induced secondary adrenocortical insufficiency may be minimized by gradual reduction of dosage. This type of relative insufficiency may persist for months after discontinuation of therapy; therefore, in any situation of stress occurring during that period, hormone therapy should be reinstituted. Since mineralocorticoid secretion may be impaired, salt and/or a mineralocorticoid should be administered concurrently.</paragraph>
                           </text>
                           <effectiveTime value="20230731"/>
                        </section>
                     </component>
                     <component>
                        <section>
                           <id root="01cac0d7-5ceb-2fc0-e063-6394a90a45d0"/>
                           <code code="42229-5" codeSystem="2.16.840.1.113883.6.1" displayName="SPL UNCLASSIFIED SECTION"/>
                           <title>
                              <content styleCode="italics">Gastrointestinal</content>
                           </title>
                           <text>
                              <paragraph>Steroids should be used with caution in active or latent peptic ulcers, diverticulitis, fresh intestinal anastomoses, and nonspecific ulcerative colitis, since they may increase the risk of a perforation.</paragraph>
                              <paragraph>Signs of peritoneal irritation following gastrointestinal perforation in patients receiving corticosteroids may be minimal or absent.</paragraph>
                              <paragraph>There is an enhanced effect due to decreased metabolism of corticosteroids in patients with cirrhosis.</paragraph>
                           </text>
                           <effectiveTime value="20230731"/>
                        </section>
                     </component>
                     <component>
                        <section>
                           <id root="01cac0d7-5cec-2fc0-e063-6394a90a45d0"/>
                           <code code="42229-5" codeSystem="2.16.840.1.113883.6.1" displayName="SPL UNCLASSIFIED SECTION"/>
                           <title>
                              <content styleCode="italics">Musculoskeletal</content>
                           </title>
                           <text>
                              <paragraph>Corticosteroids decrease bone formation and increase bone resorption both through their effect on calcium regulation (i.e., decreasing absorption and increasing excretion) and inhibition of osteoblast function. This, together with a decrease in the protein matrix of the bone secondary to an increase in protein catabolism, and reduced sex hormone production, may lead to inhibition of bone growth in pediatric patients and the development of osteoporosis at any age. Special consideration should be given to patients at increased risk of osteoporosis (e.g., postmenopausal women) before initiating corticosteroid therapy.</paragraph>
                           </text>
                           <effectiveTime value="20230731"/>
                        </section>
                     </component>
                     <component>
                        <section ID="_Neuro_Psychiatric">
                           <id root="01cac0d7-5ced-2fc0-e063-6394a90a45d0"/>
                           <code code="42229-5" codeSystem="2.16.840.1.113883.6.1" displayName="SPL UNCLASSIFIED SECTION"/>
                           <title>
                              <content styleCode="italics">Neuro-Psychiatric</content>
                           </title>
                           <text>
                              <paragraph>Although controlled clinical trials have shown corticosteroids to be effective in speeding the resolution of acute exacerbations of multiple sclerosis, they do not show that they affect the ultimate outcome or natural history of the disease. The studies do show that relatively high doses of corticosteroids are necessary to demonstrate a significant effect. (see 
 
  <content styleCode="bold">
                                    <content styleCode="italics">
                                       <linkHtml href="#_DOSAGE_AND_ADMINISTRATION">DOSAGE AND ADMINISTRATION</linkHtml>
                                    </content>
                                 </content>).

 </paragraph>
                              <paragraph>An acute myopathy has been observed with the use of high doses of corticosteroids, most often occurring in patients with disorders of neuromuscular transmission (e.g., myasthenia gravis), or in patients receiving concomitant therapy with neuromuscular blocking drugs (e.g., pancuronium). This acute myopathy is generalized, may involve ocular and respiratory muscles, and may result in quadriparesis. Elevation of creatinine kinase may occur. Clinical improvement or recovery after stopping corticosteroids may require weeks to years.</paragraph>
                              <paragraph>Psychic derangements may appear when corticosteroids are used, ranging from euphoria, insomnia, mood swings, personality changes, and severe depression, to frank psychotic manifestations. Also, existing emotional instability or psychotic tendencies may be aggravated by corticosteroids.</paragraph>
                              <paragraph>
                                 <content styleCode="italics">Ophthalmic</content>
                              </paragraph>
                              <paragraph>lntraocular pressure may become elevated in some individuals. If steroid therapy is continued for more than 6 weeks, intraocular pressure should be monitored.</paragraph>
                           </text>
                           <effectiveTime value="20230731"/>
                        </section>
                     </component>
                  </section>
               </component>
               <component>
                  <section>
                     <id root="01cac0d7-5cee-2fc0-e063-6394a90a45d0"/>
                     <code code="34076-0" codeSystem="2.16.840.1.113883.6.1" displayName="INFORMATION FOR PATIENTS SECTION"/>
                     <title>
                        <content styleCode="bold">Information for Patients</content>
                     </title>
                     <text>
                        <paragraph>Patients should be warned not to discontinue the use of corticosteroids abruptly or without medical supervision. As prolonged use may cause adrenal insufficiency and make patients dependent on corticosteroids, they should advise any medical attendants that they are taking corticosteroids and they should seek medical advice at once should they develop an acute illness including fever or other signs of infection. Following prolonged therapy, withdrawal of corticosteroids may result in symptoms of the corticosteroid withdrawal syndrome including, myalgia, arthralgia, and malaise.</paragraph>
                        <paragraph>Persons who are on corticosteroids should be warned to avoid exposure to chickenpox or measles. Patients should also be advised that if they are exposed, medical advice should be sought without delay.</paragraph>
                     </text>
                     <effectiveTime value="20230731"/>
                  </section>
               </component>
               <component>
                  <section ID="_Drug_Interactions">
                     <id root="01cac0d7-5cef-2fc0-e063-6394a90a45d0"/>
                     <code code="34073-7" codeSystem="2.16.840.1.113883.6.1" displayName="DRUG INTERACTIONS SECTION"/>
                     <title>
                        <content styleCode="bold">Drug Interactio</content>
                        <content styleCode="bold">ns</content>
                     </title>
                     <text>
                        <paragraph>
                           <content styleCode="italics">Aminoglutethimide:</content>
                           <content styleCode="italics"> </content>Aminoglutethimide may diminish adrenal suppression by corticosteroids.

 </paragraph>
                        <paragraph>
                           <content styleCode="italics">Amphotericin</content>
                           <content styleCode="italics"> </content>
                           <content styleCode="italics">B</content>
                           <content styleCode="italics"> </content>
                           <content styleCode="italics">injection</content>
                           <content styleCode="italics"> </content>
                           <content styleCode="italics">and</content>
                           <content styleCode="italics"> </content>
                           <content styleCode="italics">potassium-depleting</content>
                           <content styleCode="italics"> </content>
                           <content styleCode="italics">agents:</content>
                           <content styleCode="italics"> </content>When corticosteroids are administered concomitantly with potassium-depleting agents (e.g., amphotericin B, diuretics), patients should be observed closely for development of hypokalemia. In addition, there have been cases reported in which concomitant use of amphotericin B and hydrocortisone was followed by cardiac enlargement and congestive heart failure.

 </paragraph>
                        <paragraph>
                           <content styleCode="italics">Antibiotics:</content>
                           <content styleCode="italics"> </content>Macrolide antibiotics have been reported to cause a significant decrease in corticosteroid clearance (see
 
  <content styleCode="bold">
                              <content styleCode="italics">
                                 <linkHtml href="#_Drug_Interactions">Drug Interactions: Hepatic Enzyme Inducers, Inhibitors and Substrates</linkHtml>
                              </content>
                           </content>).

 </paragraph>
                        <paragraph>
                           <content styleCode="italics">Anticholinesterases:</content>
                           <content styleCode="italics"> </content>Concomitant use of anticholinesterase agents and corticosteroids may produce severe weakness in patients with myasthenia gravis. If possible, anticholinesterase agents should be withdrawn at least 24 hours before initiating corticosteroid therapy.

 </paragraph>
                        <paragraph>
                           <content styleCode="italics">Anticoagulants,</content>
                           <content styleCode="italics"> </content>
                           <content styleCode="italics">Oral:</content>
                           <content styleCode="italics"> </content>Co-administration of corticosteroids and warfarin usually results in inhibition of response to warfarin, although there have been some conflicting reports.

 </paragraph>
                        <paragraph>Therefore, coagulation indices should be monitored frequently to maintain the desired</paragraph>
                        <paragraph>anticoagulant effect.</paragraph>
                        <paragraph>
                           <content styleCode="italics">Antidiabetics:</content>
                           <content styleCode="italics"> </content>Because corticosteroids may increase blood glucose concentrations, dosage adjustments of antidiabetic agents may be required.

 </paragraph>
                        <paragraph>
                           <content styleCode="italics">Antitubercular</content>
                           <content styleCode="italics"> </content>
                           <content styleCode="italics">Drugs:</content>
                           <content styleCode="italics"> </content>Serum concentrations of isoniazid may be decreased.

 </paragraph>
                        <paragraph>
                           <content styleCode="italics">Cholestyramine:</content>
                           <content styleCode="italics"> </content>Cholestyramine may increase the clearance of corticosteroids.

 </paragraph>
                        <paragraph>
                           <content styleCode="italics">Cyclosporine:</content>
                           <content styleCode="italics"> </content>Increased activity of both cyclosporine and corticosteroids may occur when the two are used concurrently. Convulsions have been reported with this concurrent use.

 </paragraph>
                        <paragraph>
                           <content styleCode="italics">Dexamethasone</content>
                           <content styleCode="italics"> </content>
                           <content styleCode="italics">Suppression</content>
                           <content styleCode="italics"> </content>
                           <content styleCode="italics">Test</content>
                           <content styleCode="italics"> </content>
                           <content styleCode="italics">(DST):</content>
                           <content styleCode="italics"> </content>False-negative results in the dexamethasone suppression test (DST) in patients being treated with indomethacin have been reported. Thus, results of the DST should be interpreted with caution in these patients.

 </paragraph>
                        <paragraph>
                           <content styleCode="italics">Digitalis</content>
                           <content styleCode="italics"> </content>
                           <content styleCode="italics">Glycosides:</content>
                           <content styleCode="italics"> </content>Patients on digitalis glycosides may be at increased risk of arrhythmias due to hypokalemia.

 </paragraph>
                        <paragraph>
                           <content styleCode="italics">Ephedrine:</content>
                           <content styleCode="italics"> </content>Ephedrine may enhance the metabolic clearance of corticosteroids, resulting in decreased blood levels and lessened physiologic activity, thus requiring an increase in corticosteroid dosage.

 </paragraph>
                        <paragraph>
                           <content styleCode="italics">Estrogens, including Oral</content>
                           <content styleCode="italics"> </content>
                           <content styleCode="italics">Contraceptives:</content>Estrogens may decrease the hepatic metabolism of certain corticosteroids, thereby increasing their effect.

 </paragraph>
                        <paragraph>
                           <content styleCode="italics">Hepatic</content>
                           <content styleCode="italics"> </content>
                           <content styleCode="italics">Enzyme</content>
                           <content styleCode="italics"> </content>
                           <content styleCode="italics">Inducers,</content>
                           <content styleCode="italics"> </content>
                           <content styleCode="italics">Inhibitors</content>
                           <content styleCode="italics"> </content>
                           <content styleCode="italics">and</content>
                           <content styleCode="italics"> </content>
                           <content styleCode="italics">Substrates:</content>
                           <content styleCode="italics"> </content>Drugs which induce cytochrome P450 3A4 (CYP 3A4) enzyme activity (e.g., barbiturates, phenytoin, carbamazepine, rifampin) may enhance the metabolism of corticosteroids and require that the dosage of the corticosteroid be increased. Drugs which inhibit CYP 3A4 (e.g., ketoconazole, macrolide antibiotics such as erythromycin) have the potential to result in increased plasma concentrations of corticosteroids. Dexamethasone is a moderate inducer of CYP 3A4. Co-adminstration with other drugs that are metabolized by CYP 3A4 (e.g., indinavir, erythromycin) may increase their clearance, resulting in decreased plasma concentration.

 </paragraph>
                        <paragraph>
                           <content styleCode="italics">Ketoconazole:</content>Ketoconazole has been reported to decrease the metabolism of certain corticosteroids by up to 60%, leading to increased risk of corticosteroid side effects. In addition, ketoconazole alone can inhibit adrenal corticosteroid synthesis and may cause adrenal insufficiency during corticosteroid withdrawal.

 </paragraph>
                        <paragraph>
                           <content styleCode="italics">Nonsteroidal</content>
                           <content styleCode="italics"> </content>
                           <content styleCode="italics">Anti-Inflammatory</content>
                           <content styleCode="italics"> </content>
                           <content styleCode="italics">Agents</content>
                           <content styleCode="italics"> </content>
                           <content styleCode="italics">(NSAIDS):</content>
                           <content styleCode="italics"> </content>Concomitant use of aspirin (or other nonsteroidal ant 
 
  <content styleCode="bold">i</content>nflammatory agents) and corticosteroids increases the risk of gastrointestinal side effects. Aspirin should be used cautiously in conjunction with corticosteroids in hypoprothrombinemia. The clearance of salicylates may be increased with concurrent use of corticosteroids.

 </paragraph>
                        <paragraph>
                           <content styleCode="italics">Phenytoin:</content>In post-marketing experience, there have been reports of both increases and decreases in phenytoin levels with dexamethasone co-administration, leading to alterations in seizure control.

 </paragraph>
                        <paragraph>
                           <content styleCode="italics">Skin</content>
                           <content styleCode="italics"> </content>
                           <content styleCode="italics">Tests:</content>
                           <content styleCode="italics"> </content>Corticosteroids may suppress reactions to skin tests.

 </paragraph>
                        <paragraph>
                           <content styleCode="italics">Thalidomide:</content>
                           <content styleCode="italics"> </content>Co-administration with thalidomide should be employed cautiously, as toxic epidermal necrolysis has been reported with concomitant use.

 </paragraph>
                        <paragraph>
                           <content styleCode="italics">Vaccines:</content>
                           <content styleCode="italics"> </content>Patients on corticosteroid therapy may exhibit a diminished response to toxoids and live or inactivated vaccines due to inhibition of antibody response.

 </paragraph>
                        <paragraph>Corticosteroids may also potentiate the replication of some organisms contained in live attenuated vaccines. Routine administration of vaccines or toxoids should be deferred until corticosteroid therapy is discontinued if possible (see 
 
  <content styleCode="bold">
                              <content styleCode="italics">
                                 <linkHtml href="#_WARNINGS">WARNINGS</linkHtml>
                              </content>
                           </content>
                           <content styleCode="bold">
                              <content styleCode="italics">:</content>
                           </content>
                           <content styleCode="bold">
                              <content styleCode="italics">
                                 <linkHtml href="#_Infections">Infections: Vaccination</linkHtml>
                              </content>
                           </content>).

 </paragraph>
                     </text>
                     <effectiveTime value="20230731"/>
                  </section>
               </component>
               <component>
                  <section>
                     <id root="01cac0d7-5cf0-2fc0-e063-6394a90a45d0"/>
                     <code code="34083-6" codeSystem="2.16.840.1.113883.6.1" displayName="CARCINOGENESIS &amp; MUTAGENESIS &amp; IMPAIRMENT OF FERTILITY SECTION"/>
                     <title>
                        <content styleCode="bold">Carcinogenesis, Mutagenesis, Impairment of Fertility</content>
                     </title>
                     <text>
                        <paragraph>No adequate studies have been conducted in animals to determine whether corticosteroids have a potential for carcinogenesis or mutagenesis.</paragraph>
                        <paragraph>Steroids may increase or decrease motility and number of spermatozoa in some patients.</paragraph>
                     </text>
                     <effectiveTime value="20230731"/>
                  </section>
               </component>
               <component>
                  <section>
                     <id root="01cac0d7-5cf1-2fc0-e063-6394a90a45d0"/>
                     <code code="42228-7" codeSystem="2.16.840.1.113883.6.1" displayName="PREGNANCY SECTION"/>
                     <title>
                        <content styleCode="bold">Pregnancy</content>
                     </title>
                     <text>
                        <paragraph>
                           <content styleCode="italics">Teratogenic</content>
                           <content styleCode="italics"> </content>
                           <content styleCode="italics">Effects:</content>
                           <content styleCode="italics"> </content>
                           <content styleCode="italics">Pregnancy</content>
                           <content styleCode="italics"> </content>
                           <content styleCode="italics">Category</content>
                           <content styleCode="italics"> </content>
                           <content styleCode="italics">C.</content>
                           <content styleCode="italics"> </content>Corticosteroids have been shown to be teratogenic in many species when given in doses equivalent to the human dose. Animal studies in which corticosteroids have been given to pregnant mice, rats, and rabbits have yielded an increased incidence of cleft palate in the offspring. There are no adequate and well-controlled studies in pregnant women. Corticosteroids should be used during pregnancy only if the potential benefit justifies the potential risk to the fetus. Infants born to mothers who have received substantial doses of corticosteroids during pregnancy should be carefully observed for signs of hypoadrenalism.

 </paragraph>
                     </text>
                     <effectiveTime value="20230731"/>
                  </section>
               </component>
               <component>
                  <section>
                     <id root="01cac0d7-5cf2-2fc0-e063-6394a90a45d0"/>
                     <code code="34080-2" codeSystem="2.16.840.1.113883.6.1" displayName="NURSING MOTHERS SECTION"/>
                     <title>
                        <content styleCode="bold">Nursing Mothers</content>
                     </title>
                     <text>
                        <paragraph>Systemically administered corticosteroids appear in human milk and could suppress growth, interfere with endogenous corticosteroid production, or cause other untoward effects. Because of the potential for serious adverse reactions in nursing infants from corticosteroids, a decision should be made whether to discontinue nursing or to discontinue the drug, taking into account the importance of the drug to the mother.</paragraph>
                     </text>
                     <effectiveTime value="20230731"/>
                  </section>
               </component>
               <component>
                  <section>
                     <id root="01cac0d7-5cf3-2fc0-e063-6394a90a45d0"/>
                     <code code="34081-0" codeSystem="2.16.840.1.113883.6.1" displayName="PEDIATRIC USE SECTION"/>
                     <title>
                        <content styleCode="bold">Pediatric Use</content>
                     </title>
                     <text>
                        <paragraph>The efficacy and safety of corticosteroids in the pediatric population are based on the we 
 
  <content styleCode="bold">l</content>-established course of effect of corticosteroids, which is similar in pediatric and adult populations. Published studies provide evidence of efficacy and safety in pediatric patients for the treatment of nephrotic syndrome (patients &gt;2 years of age), and aggressive lymphomas and leukemias (patients &gt;1 month of age). Other indications for pediatric use of corticosteroids, e.g., severe asthma and wheezing, are based on adequate and we 
 
  <content styleCode="bold">l</content>-controlled trials conducted in adults, on the premises that the course of the diseases and their pathophysiology are considered to be substantially similar in both populations.

 </paragraph>
                        <paragraph>The adverse effects of corticosteroids in pediatric patients are similar to those in adults (see
 
  <content styleCode="bold">
                              <content styleCode="italics">
                                 <linkHtml href="#_ADVERSE_REACTIONS">ADVERSE REACTIONS</linkHtml>
                              </content>
                           </content>). Like adults, pediatric patients should be carefully observed with frequent measurements of blood pressure, weight, height, intraocular pressure, and clinical evaluation for the presence of infection, psychosocial disturbances, thromboembolism, peptic ulcers, cataracts, and osteoporosis. Pediatric patients who are treated with corticosteroids by any route, including systemically administered corticosteroids, may experience a decrease in their growth velocity. This negative impact of corticosteroids on growth has been observed at low systemic doses and in the absence of laboratory evidence of hypothalamic-pituitary-adrenal (HPA) axis suppression (i.e., cosyntropin stimulation and basal cortisol plasma levels). Growth velocity may therefore be a more sensitive indicator of systemic corticosteroid exposure in pediatric patients than some commonly used tests of HPA axis function. The linear growth of pediatric patients treated with corticosteroids should be monitored, and the potential growth effects of prolonged treatment should be weighed against clinical benefits obtained and the availability of treatment alternatives. In order to minimize the potential growth effects of corticosteroids, pediatric patients should be titrated to the lowest effective dose.

 </paragraph>
                     </text>
                     <effectiveTime value="20230731"/>
                  </section>
               </component>
               <component>
                  <section>
                     <id root="01cac0d7-5cf4-2fc0-e063-6394a90a45d0"/>
                     <code code="34082-8" codeSystem="2.16.840.1.113883.6.1" displayName="GERIATRIC USE SECTION"/>
                     <title>
                        <content styleCode="bold">Geriatric Use</content>
                     </title>
                     <text>
                        <paragraph>Clinical studies did not include sufficient numbers of subjects aged 65 and over to determine whether they respond differently from younger subjects. Other reported clinical experience has not identified differences in responses between the elderly and younger patients. In general, dose selection for an elderly patient should be cautious, usually starting at the low end of the dosing range, reflecting the greater frequency of decreased hepatic, renal, or cardiac function, and of concomitant disease or other drug therapy. In particular, the increased risk of diabetes mellitus, fluid retention and hypertension in elderly patients treated with corticosteroids should be considered.</paragraph>
                     </text>
                     <effectiveTime value="20230731"/>
                  </section>
               </component>
            </section>
         </component>
         <component>
            <section ID="_ADVERSE_REACTIONS">
               <id root="01cac0d7-5cf5-2fc0-e063-6394a90a45d0"/>
               <code code="34084-4" codeSystem="2.16.840.1.113883.6.1" displayName="ADVERSE REACTIONS SECTION"/>
               <title>
                  <content styleCode="bold">ADVERSE REACTIONS</content>
               </title>
               <text>
                  <paragraph>
                     <content styleCode="bold">(listed alphabetica</content>
                     <content styleCode="bold">ll</content>
                     <content styleCode="bold">y, under each subsection)</content>
                  </paragraph>
                  <paragraph>The following adverse reactions have been reported with dexamethasone or other corticosteroids:</paragraph>
                  <paragraph>
                     <content styleCode="italics">A</content>
                     <content styleCode="italics">ll</content>
                     <content styleCode="italics">ergic</content>
                     <content styleCode="italics"> </content>
                     <content styleCode="italics">Reactions:</content>
                     <content styleCode="italics"> </content>Anaphylactoid reaction, anaphylaxis, angioedema.

 </paragraph>
                  <paragraph>
                     <content styleCode="italics">Cardiovascular:</content>
                     <content styleCode="italics"> </content>Bradycardia, cardiac arrest, cardiac arrhythmias, cardiac enlargement, circulatory co 
 
  <content styleCode="bold">l</content>apse, congestive heart failure, fat embolism, hypertension, hypertrophic cardiomyopathy in premature infants, myocardial rupture following recent myocardial infarction (see 
 
  <content styleCode="bold">
                        <content styleCode="italics">
                           <linkHtml href="#_WARNINGS">WARNINGS: Cardio-Renal</linkHtml>
                        </content>
                     </content>), edema, pulmonary edema, syncope, tachycardia, thromboembolism, thrombophlebitis, vasculitis.

 </paragraph>
                  <paragraph>
                     <content styleCode="italics">Dermatologic:</content>Acne, allergic dermatitis, dry scaly skin, ecchymoses and petechiae, erythema, impaired wound healing, increased sweating, rash, striae, suppression of reactions to skin tests, thin fragile skin, thinning scalp hair, urticaria.

 </paragraph>
                  <paragraph>
                     <content styleCode="italics">Endocrine:</content>
                     <content styleCode="italics"> </content>Decreased carbohydrate and glucose tolerance, development of cushingoid state, hyperglycemia, glycosuria, hirsutism, hypertrichosis, increased requirements for insulin or oral hypoglycemic agents in diabetes, manifestations of latent diabetes mellitus, menstrual irregularities, secondary adrenocortical and pituitary unresponsiveness (particularly in times of stress, as in trauma, surgery, or ill ness), suppression of growth in pediatric patients.

 </paragraph>
                  <paragraph>
                     <content styleCode="italics">Fluid</content>
                     <content styleCode="italics"> </content>
                     <content styleCode="italics">and</content>
                     <content styleCode="italics"> </content>
                     <content styleCode="italics">Electrolyte</content>
                     <content styleCode="italics"> </content>
                     <content styleCode="italics">Disturbances:</content>
                     <content styleCode="italics"> </content>Congestive heart failure in susceptible patients, fluid retention, hypokalemic alkalosis, potassium loss, sodium retention, tumor lysis syndrome.

 </paragraph>
                  <paragraph>
                     <content styleCode="italics">Gastrointestinal:</content>
                     <content styleCode="italics"> </content>Abdominal distention, elevation in serum liver enzyme levels (usually reversible upon discontinuation), hepatomegaly, increased appetite, nausea, pancreatitis, peptic ulcer with possible perforation and hemorrhage, perforation of the small
 
  <content styleCode="bold"> </content>and large intestine (particularly in patients with inflammatory bowel disease), ulcerative esophagitis.

 </paragraph>
                  <paragraph>
                     <content styleCode="italics">Metabolic:</content>
                     <content styleCode="italics"> </content>Negative nitrogen balance due to protein catabolism.

 </paragraph>
                  <paragraph>
                     <content styleCode="italics">Musculoskeletal:</content>Aseptic necrosis of femoral and humeral heads, loss of muscle mass, muscle weakness, osteoporosis, pathologic fracture of long bones, steroid myopathy, tendon rupture, vertebral compression fractures.

 </paragraph>
                  <paragraph>
                     <content styleCode="italics">Neurological/Psychiatric:</content>
                     <content styleCode="italics"> </content>Convulsions, depression, emotional instability, euphoria, headache, increased intracranial pressure with papilledema (pseudotumor cerebri) usually following discontinuation of treatment, insomnia, mood swings, neuritis, neuropathy, paresthesia, personality changes, psychic disorders, vertigo.

 </paragraph>
                  <paragraph>
                     <content styleCode="italics">Ophthalmic:</content>
                     <content styleCode="italics"> </content>Exophthalmos, glaucoma, increased intraocular pressure, posterior subcapsular cataracts.

 </paragraph>
                  <paragraph>
                     <content styleCode="italics">Other:</content>
                     <content styleCode="italics"> </content>Abnormal fat deposits, decreased resistance to infection, hiccups, increased or decreased motility and number of spermatozoa, malaise, moon face, weight gain.

 </paragraph>
               </text>
               <effectiveTime value="20230731"/>
            </section>
         </component>
         <component>
            <section>
               <id root="01cac0d7-5cf6-2fc0-e063-6394a90a45d0"/>
               <code code="50741-8" codeSystem="2.16.840.1.113883.6.1" displayName="SAFE HANDLING WARNING SECTION"/>
               <title>
                  <content styleCode="bold">OVERDOSAGE</content>
               </title>
               <text>
                  <paragraph>Treatment of overdosage is by supportive and symptomatic therapy. In the case of acute overdosage, according to the patient's condition, supportive therapy may include gastric lavage or emesis.</paragraph>
               </text>
               <effectiveTime value="20230731"/>
            </section>
         </component>
         <component>
            <section ID="_DOSAGE_AND_ADMINISTRATION">
               <id root="01cac0d7-5cf7-2fc0-e063-6394a90a45d0"/>
               <code code="34068-7" codeSystem="2.16.840.1.113883.6.1" displayName="DOSAGE &amp; ADMINISTRATION SECTION"/>
               <title>
                  <content styleCode="bold">DOSAGE AND</content>
                  <content styleCode="bold">ADMINISTRATION</content>
               </title>
               <text>
                  <paragraph>
                     <content styleCode="italics">For</content>
                     <content styleCode="italics"> </content>
                     <content styleCode="italics">Oral</content>
                     <content styleCode="italics"> </content>
                     <content styleCode="italics">Administration</content>
                  </paragraph>
                  <paragraph>The initial dosage varies from 0.75 to 9 mg a day depending on the disease being treated.</paragraph>
                  <paragraph>
                     <content styleCode="italics">It</content>
                     <content styleCode="italics"> </content>
                     <content styleCode="italics">Should</content>
                     <content styleCode="italics"> </content>
                     <content styleCode="italics">Be</content>
                     <content styleCode="italics"> </content>
                     <content styleCode="italics">Emphasized</content>
                     <content styleCode="italics"> </content>
                     <content styleCode="italics">That</content>
                     <content styleCode="italics"> </content>
                     <content styleCode="italics">Dosage</content>
                     <content styleCode="italics"> </content>
                     <content styleCode="italics">Requirements</content>
                     <content styleCode="italics"> </content>
                     <content styleCode="italics">Are</content>
                     <content styleCode="italics"> </content>
                     <content styleCode="italics">Variable</content>
                     <content styleCode="italics"> </content>
                     <content styleCode="italics">And</content>
                     <content styleCode="italics"> </content>
                     <content styleCode="italics">Must</content>
                     <content styleCode="italics"> </content>
                     <content styleCode="italics">Be</content>
                     <content styleCode="italics">Individualized</content>
                     <content styleCode="italics"> </content>
                     <content styleCode="italics">On</content>
                     <content styleCode="italics"> </content>
                     <content styleCode="italics">The</content>
                     <content styleCode="italics"> </content>
                     <content styleCode="italics">Basis</content>
                     <content styleCode="italics"> </content>
                     <content styleCode="italics">Of The</content>
                     <content styleCode="italics"> </content>
                     <content styleCode="italics">Disease</content>
                     <content styleCode="italics"> </content>
                     <content styleCode="italics">Under</content>
                     <content styleCode="italics">Treatment</content>
                     <content styleCode="italics"> </content>
                     <content styleCode="italics">And</content>
                     <content styleCode="italics"> </content>
                     <content styleCode="italics">The</content>
                     <content styleCode="italics"> </content>
                     <content styleCode="italics">Response</content>
                     <content styleCode="italics"> </content>
                     <content styleCode="italics">Of The</content>
                     <content styleCode="italics">Patient.</content>
                  </paragraph>
                  <paragraph>After a favorable response is noted, the proper maintenance dosage should be determined by decreasing the initial drug dosage in small
 
  <content styleCode="bold"> </content>decrements at appropriate time intervals until the lowest dosage that maintains an adequate clinical response is reached.

 </paragraph>
                  <paragraph>Situations which may make dosage adjustments necessary are changes in clinical status secondary to remissions or exacerbations in the disease process, the patient's individual drug responsiveness, and the effect of patient exposure to stressful situations not directly related to the disease entity under treatment. In this latter situation it may be necessary to increase the dosage of the corticosteroid for a period of time consistent with the patient's condition. If after long-term therapy the drug is to be stopped, it is recommended that it be withdrawn gradually rather than abruptly.</paragraph>
                  <paragraph>In the treatment of acute exacerbations of multiple sclerosis, daily doses of 30 mg of dexamethasone for a week followed by 4 to 12 mg every other day for one month have been shown to be effective (see
 
  <content styleCode="bold">
                        <content styleCode="italics">
                           <linkHtml href="#_PRECAUTIONS">PRECAUTIONS</linkHtml>
                        </content>
                     </content>
                     <content styleCode="bold">
                        <content styleCode="italics">:</content>
                     </content>
                     <content styleCode="bold">
                        <content styleCode="italics"> </content>
                     </content>
                     <content styleCode="bold">
                        <content styleCode="italics">
                           <linkHtml href="#_Neuro_Psychiatric">Neuro-Psychiatric</linkHtml>
                        </content>
                     </content>).

 </paragraph>
                  <paragraph>In pediatric patients, the initial dose of dexamethasone may vary depending on the specific disease entity being treated. The range of initial doses is 0.02 to 0.3 mg/kg/day in three or four divided doses (0.6 to 9 mg/m2bsa/day).</paragraph>
                  <paragraph>
                     <content styleCode="italics">For</content>
                     <content styleCode="italics"> </content>
                     <content styleCode="italics">the</content>
                     <content styleCode="italics"> </content>
                     <content styleCode="italics">purpose</content>
                     <content styleCode="italics"> </content>
                     <content styleCode="italics">of</content>
                     <content styleCode="italics"> </content>
                     <content styleCode="italics">comparison,</content>
                     <content styleCode="italics"> </content>
                     <content styleCode="italics">the</content>
                     <content styleCode="italics"> </content>
                     <content styleCode="italics">fo</content>
                     <content styleCode="italics">ll</content>
                     <content styleCode="italics">owing</content>
                     <content styleCode="italics"> </content>
                     <content styleCode="italics">is</content>
                     <content styleCode="italics"> </content>
                     <content styleCode="italics">the</content>
                     <content styleCode="italics"> </content>
                     <content styleCode="italics">equivalent</content>
                     <content styleCode="italics"> </content>
                     <content styleCode="italics">mi</content>
                     <content styleCode="italics">lli</content>
                     <content styleCode="italics">gram</content>
                     <content styleCode="italics"> </content>
                     <content styleCode="italics">dosage</content>
                     <content styleCode="italics"> </content>
                     <content styleCode="italics">of</content>
                     <content styleCode="italics"> </content>
                     <content styleCode="italics">the various corticosteroids:</content>
                  </paragraph>
                  <paragraph>Dexamethasone, 1.5       Methylprednisolone, 8 
  <br/>  Prednisone, 10       Triamcinolone, 8 
  <br/>  Prednisolone, 10       Betamethasone, 1.5 
  <br/>  Hydrocortisone, 40       Paramethasone, 4 
  <br/>  Cortisone, 50
 </paragraph>
                  <paragraph>These dose relationships apply only to oral or intravenous administration of these compounds. When these substances or their derivatives are injected intramuscularly or into joint spaces, their relative properties may be greatly altered.</paragraph>
                  <paragraph>In acute, self-limited allergic disorders or acute exacerbations of chronic allergic disorders, the following dosage schedule combining parenteral and oral therapy is suggested:</paragraph>
                  <paragraph>
                     <content styleCode="bold">Dexamethasone sodium phosphate injection, 4 mg per mL</content>
                  </paragraph>
                  <paragraph>First Day 
  <br/>  1 or 2 mL, intramuscularly
 </paragraph>
                  <paragraph>
                     <content styleCode="bold">Dexamethasone tablets, 0.75 mg</content>
                  </paragraph>
                  <paragraph>Second Day 
  <br/>  4 tablets in two divided doses
 </paragraph>
                  <paragraph>Third Day 
  <br/>  4 tablets in two divided doses
 </paragraph>
                  <paragraph>Fourth Day 
  <br/>  2 tablets in two divided doses
 </paragraph>
                  <paragraph>Fifth Day 1 tablet</paragraph>
                  <paragraph>Sixth Day 1 tablet</paragraph>
                  <paragraph>Seventh Day No treatment</paragraph>
                  <paragraph>Eighth Day 
  <br/>  Follow-up visit
 </paragraph>
                  <paragraph>This schedule is designed to ensure adequate therapy during acute episodes, while minimizing the risk of overdosage in chronic cases.</paragraph>
                  <paragraph>In 
 
  <content styleCode="italics">cerebral</content>
                     <content styleCode="italics"> </content>
                     <content styleCode="italics">edema</content>, dexamethasone sodium phosphate injection is generally administered initially in a dosage of 10 mg intravenously followed by 4 mg every six hours intramuscularly until the symptoms of cerebral edema subside. Response is usually noted within 12 to 24 hours and dosage may be reduced after two to four days and gradually discontinued over a period of five to seven days. For pal
 
  <content styleCode="bold">l</content>iative management of patients with recurrent or inoperable brain tumors, maintenance therapy with either dexamethasone sodium phosphate injection or dexamethasone tablets in a dosage of 2 mg two or three times daily may be effective.

 </paragraph>
                  <paragraph>
                     <content styleCode="italics">Dexamethasone</content>
                     <content styleCode="italics"> </content>
                     <content styleCode="italics">Suppression</content>
                     <content styleCode="italics"> </content>
                     <content styleCode="italics">Tests</content>
                  </paragraph>
                  <paragraph>1. Tests for Cushing’s syndrome</paragraph>
                  <paragraph>Give 1.0 mg of dexamethasone orally at 11:00 p.m. Blood is drawn for plasma cortisol determination at 8:00 a.m. the following morning. For greater accuracy, give 0.5 mg of dexamethasone orally every 6 hours for 48 hours. Twenty-four hour urine co 
 
  <content styleCode="bold">l</content>ections are made for determination of 17-hydroxycorticosteroid excretion.

 </paragraph>
                  <paragraph>2. Test to distinguish Cushing’s syndrome due to pituitary ACTH excess from Cushing’s syndrome due to other causes.</paragraph>
                  <paragraph>Give 2.0 mg of dexamethasone orally every 6 hours for 48 hours. Twenty-four hour urine co 
 
  <content styleCode="bold">l</content>ections are made for determination of 17-hydroxycorticosteroid excretion.

 </paragraph>
               </text>
               <effectiveTime value="20230731"/>
            </section>
         </component>
         <component>
            <section ID="id_link_01cf8b73-5bcb-bf14-e063-6394a90a66b2">
               <id root="01cf8b73-5bca-bf14-e063-6394a90a66b2"/>
               <code code="34069-5" codeSystem="2.16.840.1.113883.6.1" displayName="HOW SUPPLIED SECTION"/>
               <title>
                  <content styleCode="bold">HOW SUPPLIED</content>
               </title>
               <text>
                  <paragraph>Dexamethasone Tablets USP, 1.5 mg are supplied as white, round shaped tablets debossed “702” on one side and bisected on the opposite side. The bisect on the tablet provides for a  
  <content styleCode="italics">functional</content>
                     <content styleCode="italics"/>
                     <content styleCode="italics">scoring</content>
                     <content styleCode="italics"/>of the tablet to ensure accurate breaking. 
 </paragraph>
                  <paragraph/>
                  <paragraph>They are available in bottles of:</paragraph>
                  <paragraph/>
                  <paragraph>Bottles of 21 Tablets NDC: 80425-0346-01</paragraph>
                  <paragraph>Bottles of 27 Tablets NDC: 80425-0346-02</paragraph>
                  <paragraph>Bottles of 49 Tablets NDC: 80425-0346-03</paragraph>
               </text>
               <effectiveTime value="20230731"/>
               <component>
                  <section>
                     <id root="01cac0d7-5cf9-2fc0-e063-6394a90a45d0"/>
                     <code code="42229-5" codeSystem="2.16.840.1.113883.6.1" displayName="SPL UNCLASSIFIED SECTION"/>
                     <title>
                        <content styleCode="bold">Store and</content>
                        <content styleCode="bold">Dispense</content>
                     </title>
                     <text>
                        <paragraph>Store at 20° to 25°C (68° to 77°F) [see USP Controlled Room Temperature]. Protect from moisture. Dispense in a we 
 
  <content styleCode="bold">l</content>-closed, light-resistant container as defined in the USP/NF.

 </paragraph>
                        <paragraph>Cal
 
  <content styleCode="bold">l</content>
                           <content styleCode="bold"> </content>your doctor for medical advice about side effects. You may report side effects to FDA at 1-800-FDA-1088.

 </paragraph>
                        <paragraph>Distributed by: 
  <br/>
                           <content styleCode="bold">Key Therapeutics</content>
                           <br/>  Flowood, MS 39232

 </paragraph>
                        <paragraph>Questions: (888) 981-8332</paragraph>
                        <paragraph>Rev. 07/2023</paragraph>
                     </text>
                     <effectiveTime value="20230731"/>
                  </section>
               </component>
            </section>
         </component>
         <component>
            <section ID="id_link_01cf8b73-5bd0-bf14-e063-6394a90a66b2">
               <id root="01cf8b73-5bcf-bf14-e063-6394a90a66b2"/>
               <code code="51945-4" codeSystem="2.16.840.1.113883.6.1" displayName="PACKAGE LABEL.PRINCIPAL DISPLAY PANEL"/>
               <title>
                  <content styleCode="bold">Principal Display Panel</content>
               </title>
               <text>
                  <paragraph>
                     <renderMultiMedia referencedObject="img_01cf96eb-f929-9a86-e063-6294a90a3e51"/>
                     <renderMultiMedia referencedObject="img_01cfaa3e-5e2f-18fa-e063-6394a90a084e"/>
                     <renderMultiMedia referencedObject="img_01cfc2b5-500f-0e50-e063-6294a90af876"/>
                  </paragraph>
               </text>
               <effectiveTime value="20230731"/>
               <component>
                  <observationMedia ID="img_01cf96eb-f929-9a86-e063-6294a90a3e51">
                     <text>label 1</text>
                     <value mediaType="image/jpeg" xsi:type="ED">
                        <reference value="Dexamethasone 1.5mg 80425-0346-01.jpg"/>
                     </value>
                  </observationMedia>
               </component>
               <component>
                  <observationMedia ID="img_01cfaa3e-5e2f-18fa-e063-6394a90a084e">
                     <text>labe 2</text>
                     <value mediaType="image/jpeg" xsi:type="ED">
                        <reference value="Dexamethasone 1.5mg 80425-0346-02.jpg"/>
                     </value>
                  </observationMedia>
               </component>
               <component>
                  <observationMedia ID="img_01cfc2b5-500f-0e50-e063-6294a90af876">
                     <text>label3</text>
                     <value mediaType="image/jpeg" xsi:type="ED">
                        <reference value="3Dexamethasone 1.5mg 80425-0346-03.jpg"/>
                     </value>
                  </observationMedia>
               </component>
            </section>
         </component>
      </structuredBody>
   </component>
</document>