<?xml version="1.0" encoding="UTF-8"?><?xml-stylesheet type="text/xsl" href="https://www.accessdata.fda.gov/spl/stylesheet/spl.xsl"?>
<document xmlns="urn:hl7-org:v3" xmlns:xsi="http://www.w3.org/2001/XMLSchema-instance" xsi:schemaLocation="urn:hl7-org:v3 https://www.accessdata.fda.gov/spl/schema/spl.xsd">
   <id root="0a564c3c-85dd-4fb8-8bb8-27a9e24c5723"/>
   <code code="34391-3" codeSystem="2.16.840.1.113883.6.1" displayName="HUMAN PRESCRIPTION DRUG LABEL"/>
   <title>Adapalene Cream, 0.1%</title>
   <effectiveTime value="20230725"/>
   <setId root="94cf9af1-afab-4064-a2ca-619b54218262"/>
   <versionNumber value="4"/>
   <author>
      <time/>
      <assignedEntity>
         <representedOrganization>
            <id extension="600093611" root="1.3.6.1.4.1.519.1"/>
            <name>Padagis Israel Pharmaceuticals Ltd</name>
            <assignedEntity>
               <assignedOrganization>
                  <id extension="600093611" root="1.3.6.1.4.1.519.1"/>
                  <name>Padagis Israel Pharmaceuticals Ltd</name>
                  <assignedEntity>
                     <assignedOrganization>
                        <id extension="251676961" root="1.3.6.1.4.1.519.1"/>
                        <name>G Production Inc.</name>
                     </assignedOrganization>
                     <performance>
                        <actDefinition>
                           <code code="C43360" codeSystem="2.16.840.1.113883.3.26.1.1" displayName="manufacture"/>
                           <product>
                              <manufacturedProduct classCode="MANU">
                                 <manufacturedMaterialKind>
                                    <code code="45802-453" codeSystem="2.16.840.1.113883.6.69"/>
                                 </manufacturedMaterialKind>
                              </manufacturedProduct>
                           </product>
                        </actDefinition>
                     </performance>
                  </assignedEntity>
               </assignedOrganization>
            </assignedEntity>
         </representedOrganization>
      </assignedEntity>
   </author>
   <component>
      <structuredBody>
         <component>
            <section>
               <id root="e66f7b41-7c42-4ecf-8cd7-2e4922d2791c"/>
               <code code="48780-1" codeSystem="2.16.840.1.113883.6.1" displayName="SPL PRODUCT DATA ELEMENTS SECTION"/>
               <title>Rx Only<br/>For topical use only. Not for ophthalmic, oral, or intravaginal use.<br/>
               </title>
               <effectiveTime value="20230731"/>
               <subject>
                  <manufacturedProduct>
                     <manufacturedProduct>
                        <code code="45802-453" codeSystem="2.16.840.1.113883.6.69"/>
                        <name>Adapalene</name>
                        <formCode code="C28944" codeSystem="2.16.840.1.113883.3.26.1.1" displayName="CREAM"/>
                        <asEntityWithGeneric>
                           <genericMedicine>
                              <name>Adapalene</name>
                           </genericMedicine>
                        </asEntityWithGeneric>
                        <ingredient classCode="ACTIB">
                           <quantity>
                              <numerator unit="g" value="0.1"/>
                              <denominator unit="g" value="100"/>
                           </quantity>
                           <ingredientSubstance>
                              <code code="1L4806J2QF" codeSystem="2.16.840.1.113883.4.9"/>
                              <name>ADAPALENE</name>
                              <activeMoiety>
                                 <activeMoiety>
                                    <code code="1L4806J2QF" codeSystem="2.16.840.1.113883.4.9"/>
                                    <name>ADAPALENE</name>
                                 </activeMoiety>
                              </activeMoiety>
                           </ingredientSubstance>
                        </ingredient>
                        <ingredient classCode="IACT">
                           <ingredientSubstance>
                              <code code="HHT01ZNK31" codeSystem="2.16.840.1.113883.4.9"/>
                              <name>Carbomer Homopolymer Type B (allyl Pentaerythritol Crosslinked)</name>
                           </ingredientSubstance>
                        </ingredient>
                        <ingredient classCode="IACT">
                           <ingredientSubstance>
                              <code code="NMQ347994Z" codeSystem="2.16.840.1.113883.4.9"/>
                              <name>CYCLOMETHICONE</name>
                           </ingredientSubstance>
                        </ingredient>
                        <ingredient classCode="IACT">
                           <ingredientSubstance>
                              <code code="7FLD91C86K" codeSystem="2.16.840.1.113883.4.9"/>
                              <name>EDETATE DISODIUM</name>
                           </ingredientSubstance>
                        </ingredient>
                        <ingredient classCode="IACT">
                           <ingredientSubstance>
                              <code code="PDC6A3C0OX" codeSystem="2.16.840.1.113883.4.9"/>
                              <name>GLYCERIN</name>
                           </ingredientSubstance>
                        </ingredient>
                        <ingredient classCode="IACT">
                           <ingredientSubstance>
                              <code code="A2I8C7HI9T" codeSystem="2.16.840.1.113883.4.9"/>
                              <name>METHYLPARABEN</name>
                           </ingredientSubstance>
                        </ingredient>
                        <ingredient classCode="IACT">
                           <ingredientSubstance>
                              <code code="HIE492ZZ3T" codeSystem="2.16.840.1.113883.4.9"/>
                              <name>PHENOXYETHANOL</name>
                           </ingredientSubstance>
                        </ingredient>
                        <ingredient classCode="IACT">
                           <ingredientSubstance>
                              <code code="Z8IX2SC1OH" codeSystem="2.16.840.1.113883.4.9"/>
                              <name>PROPYLPARABEN</name>
                           </ingredientSubstance>
                        </ingredient>
                        <ingredient classCode="IACT">
                           <ingredientSubstance>
                              <code code="059QF0KO0R" codeSystem="2.16.840.1.113883.4.9"/>
                              <name>WATER</name>
                           </ingredientSubstance>
                        </ingredient>
                        <ingredient classCode="IACT">
                           <ingredientSubstance>
                              <code code="GW89575KF9" codeSystem="2.16.840.1.113883.4.9"/>
                              <name>SQUALANE</name>
                           </ingredientSubstance>
                        </ingredient>
                        <ingredient classCode="IACT">
                           <ingredientSubstance>
                              <code code="9O3K93S3TK" codeSystem="2.16.840.1.113883.4.9"/>
                              <name>TROLAMINE</name>
                           </ingredientSubstance>
                        </ingredient>
                        <asContent>
                           <quantity>
                              <numerator unit="g" value="45"/>
                              <denominator value="1"/>
                           </quantity>
                           <containerPackagedProduct>
                              <code/>
                              <formCode code="C42794" codeSystem="2.16.840.1.113883.3.26.1.1" displayName="TUBE"/>
                              <asContent>
                                 <quantity>
                                    <numerator unit="1" value="1"/>
                                    <denominator value="1"/>
                                 </quantity>
                                 <containerPackagedProduct>
                                    <code code="45802-453-84" codeSystem="2.16.840.1.113883.6.69"/>
                                    <formCode code="C43182" codeSystem="2.16.840.1.113883.3.26.1.1" displayName="CARTON"/>
                                 </containerPackagedProduct>
                                 <subjectOf>
                                    <marketingAct>
                                       <code code="C53292" codeSystem="2.16.840.1.113883.3.26.1.1"/>
                                       <statusCode code="active"/>
                                       <effectiveTime>
                                          <low value="20101027"/>
                                       </effectiveTime>
                                    </marketingAct>
                                 </subjectOf>
                              </asContent>
                           </containerPackagedProduct>
                           <subjectOf>
                              <characteristic>
                                 <code code="SPLCMBPRDTP" codeSystem="2.16.840.1.113883.1.11.19255"/>
                                 <value code="C112160" codeSystem="2.16.840.1.113883.3.26.1.1" displayName="Type 0: Not a Combination Product" xsi:type="CV"/>
                              </characteristic>
                           </subjectOf>
                        </asContent>
                     </manufacturedProduct>
                     <subjectOf>
                        <approval>
                           <id extension="NDA020748" root="2.16.840.1.113883.3.150"/>
                           <code code="C73605" codeSystem="2.16.840.1.113883.3.26.1.1" displayName="NDA authorized generic"/>
                           <author>
                              <territorialAuthority>
                                 <territory>
                                    <code code="USA" codeSystem="2.16.840.1.113883.5.28"/>
                                 </territory>
                              </territorialAuthority>
                           </author>
                        </approval>
                     </subjectOf>
                     <subjectOf>
                        <marketingAct>
                           <code code="C53292" codeSystem="2.16.840.1.113883.3.26.1.1"/>
                           <statusCode code="active"/>
                           <effectiveTime>
                              <low value="20101026"/>
                           </effectiveTime>
                        </marketingAct>
                     </subjectOf>
                     <consumedIn>
                        <substanceAdministration>
                           <routeCode code="C38304" codeSystem="2.16.840.1.113883.3.26.1.1" displayName="TOPICAL"/>
                        </substanceAdministration>
                     </consumedIn>
                  </manufacturedProduct>
               </subject>
               <component>
                  <observationMedia ID="MM85612">
                     <text>45-g-caton-image</text>
                     <value mediaType="image/jpeg" xsi:type="ED">
                        <reference value="P57355-0 45g carton.jpg"/>
                     </value>
                  </observationMedia>
               </component>
            </section>
         </component>
         <component>
            <section ID="i4i_description_id_b545c201-6eb6-44a5-8f4b-c010dcef9809">
               <id root="1776d38e-7d6b-4721-bd2f-b16dff7171c0"/>
               <code code="34089-3" codeSystem="2.16.840.1.113883.6.1" displayName="DESCRIPTION SECTION"/>
               <title>DESCRIPTION</title>
               <text>
                  <paragraph>Adapalene Cream, 0.1%, contains adapalene 0.1% in an aqueous cream emulsion consisting of carbomer 934P, cyclomethicone, edetate disodium, glycerin, methyl glucose sesquistearate, methylparaben, PEG-20 methyl glucose sesquistearate, phenoxyethanol, propylparaben, purified water, squalane, and trolamine.</paragraph>
                  <paragraph>The chemical name of adapalene is 6-[3-(1-adamantyl)-4-methoxyphenyl]-2-naphthoic acid.  It is a white to off-white powder which is soluble in tetrahydrofuran, sparingly soluble in ethanol, and practically insoluble in water.  The molecular formula is C<sub>28</sub>H<sub>28</sub>O<sub>3 </sub>and molecular weight is 412.53.  Adapalene is represented by the following structural formula.</paragraph>
                  <renderMultiMedia referencedObject="id_cadb8d65-26f0-4749-9655-f44b71dde529"/>
               </text>
               <effectiveTime value="20171010"/>
               <component>
                  <observationMedia ID="id_cadb8d65-26f0-4749-9655-f44b71dde529">
                     <text>structural formula image</text>
                     <value mediaType="image/jpeg" xsi:type="ED">
                        <reference value="94cf9af1-afab-4064-a2ca-619b54218262-01.jpg"/>
                     </value>
                  </observationMedia>
               </component>
            </section>
         </component>
         <component>
            <section ID="i4i_clinical_pharmacology_id_08469b42-4f3c-4941-844f-aa9727855fab">
               <id root="b5831d26-0b10-4ff2-8eb5-4df9539943fd"/>
               <code code="34090-1" codeSystem="2.16.840.1.113883.6.1" displayName="CLINICAL PHARMACOLOGY SECTION"/>
               <title>CLINICAL PHARMACOLOGY</title>
               <effectiveTime value="20171010"/>
               <component>
                  <section ID="i4i_mechanism_action_id_e3754410-ce7e-4c81-aecd-1f6394a0bf50">
                     <id root="0457fc96-294b-4c4b-adde-8a7313951bd9"/>
                     <code code="43679-0" codeSystem="2.16.840.1.113883.6.1" displayName="MECHANISM OF ACTION SECTION"/>
                     <title>Mechanism of Action</title>
                     <text>
                        <paragraph>Adapalene acts on retinoid receptors.  Biochemical and pharmacological profile studies have demonstrated that adapalene is a modulator of cellular differentiation, keratinization, and inflammatory processes all of which represent important features in the pathology of acne vulgaris.</paragraph>
                        <paragraph>Mechanistically, adapalene binds to specific retinoic acid nuclear receptors but does not bind to the cytosolic receptor protein.  Although the exact mode of action of adapalene is unknown, it is suggested that topical adapalene normalizes the differentiation of follicular epithelial cells resulting in decreased microcomedone formation.</paragraph>
                     </text>
                     <effectiveTime value="20130601"/>
                  </section>
               </component>
               <component>
                  <section ID="i4i_pharmacokinetics_id_817ecd53-9bff-4e91-9fc7-5ff7533c1984">
                     <id root="258b76f4-e4c9-41c0-b737-1cccb75013a2"/>
                     <code code="43682-4" codeSystem="2.16.840.1.113883.6.1" displayName="PHARMACOKINETICS SECTION"/>
                     <title>Pharmacokinetics</title>
                     <text>
                        <paragraph>Absorption of adapalene from Adapalene Cream, 0.1% through human skin is low.  In a pharmacokinetic study with six acne patients treated once daily for 5 days with 2 grams of Adapalene Cream, 0.1% applied to 1000 cm<sup>2</sup> of acne involved skin, there were no quantifiable amounts (limit of quantification = 0.35 ng/mL) of adapalene in the plasma samples from any patient.  Excretion appears to be primarily by the biliary route.</paragraph>
                     </text>
                     <effectiveTime value="20171010"/>
                  </section>
               </component>
            </section>
         </component>
         <component>
            <section ID="i4i_indications_id_2b217716-785e-4770-829b-b700cc360d6c">
               <id root="4f27f534-ba1a-4388-ba86-f6366aa2261c"/>
               <code code="34067-9" codeSystem="2.16.840.1.113883.6.1" displayName="INDICATIONS &amp; USAGE SECTION"/>
               <title>INDICATIONS AND USAGE</title>
               <text>
                  <paragraph>Adapalene Cream, 0.1% is indicated for the topical treatment of acne vulgaris.</paragraph>
               </text>
               <effectiveTime value="20130601"/>
            </section>
         </component>
         <component>
            <section ID="i4i_clinical_studies_id_014a00be-3ce3-46e8-bee3-9888d7a3f813">
               <id root="d8d7d85a-bb0c-4fab-9751-ddb2556198c5"/>
               <code code="34092-7" codeSystem="2.16.840.1.113883.6.1" displayName="CLINICAL STUDIES SECTION"/>
               <title>CLINICAL STUDIES</title>
               <text>
                  <paragraph>Two vehicle-controlled clinical studies were conducted in patients 12 to 30 years of age with mild to moderate acne vulgaris, in which Adapalene Cream, 0.1% was compared with its vehicle. Patients were instructed to apply their treatment medication once daily at bedtime for 12 weeks. In one study patients were provided with a soapless cleanser and were encouraged to refrain from using moisturizers. No other topical medications, other than Adapalene Cream, 0.1%, were to be applied to the face during the studies. Adapalene Cream, 0.1% was significantly more effective than its vehicle in the reduction of acne lesion counts. The mean percent reduction in lesion counts from baseline after treatment for 12 weeks are presented in the following table:</paragraph>
                  <table border="1" cellpadding="4" cellspacing="0">
                     <caption>MEAN PERCENT REDUCTION IN LESION COUNTS FROM BASELINE TO WEEK 12</caption>
                     <col/>
                     <col/>
                     <col/>
                     <col/>
                     <col/>
                     <tbody>
                        <tr>
                           <td align="left" rowspan="2" styleCode="Botrule Lrule Rrule Toprule" valign="bottom">
                              <content styleCode="bold">Efficacy Variable</content>
                           </td>
                           <td align="center" colspan="2" styleCode="Botrule Lrule Rrule Toprule">
                              <content styleCode="bold">Study No. 1</content>
                           </td>
                           <td align="center" colspan="2" styleCode="Botrule Lrule Rrule Toprule">
                              <content styleCode="bold">Study No. 2</content>
                           </td>
                        </tr>
                        <tr>
                           <td align="left" styleCode="Botrule Lrule Rrule Toprule">
                              <paragraph>
                                 <content styleCode="bold">Adapalene<br/>Cream, 0.1%<br/>N=119</content>
                                 <br/>
                              </paragraph>
                           </td>
                           <td align="center" styleCode="Botrule Lrule Rrule Toprule">
                              <content styleCode="bold">Cream<br/>Vehicle<br/>N=118</content>
                           </td>
                           <td align="center" styleCode="Botrule Lrule Rrule Toprule">
                              <content styleCode="bold">Adapalene<br/>Cream, 0.1%<br/>N=175</content>
                           </td>
                           <td align="center" styleCode="Botrule Lrule Rrule Toprule">
                              <content styleCode="bold">Cream<br/>Vehicle<br/>N=175</content>
                           </td>
                        </tr>
                        <tr>
                           <td align="left" styleCode="Botrule Lrule Rrule Toprule">Non-inflammatory lesions</td>
                           <td align="center" styleCode="Botrule Lrule Rrule Toprule">34%</td>
                           <td align="center" styleCode="Botrule Lrule Rrule Toprule">18%</td>
                           <td align="center" styleCode="Botrule Lrule Rrule Toprule">35%</td>
                           <td align="center" styleCode="Botrule Lrule Rrule Toprule">15%</td>
                        </tr>
                        <tr>
                           <td align="left" styleCode="Botrule Lrule Rrule Toprule">Inflammatory lesions</td>
                           <td align="center" styleCode="Botrule Lrule Rrule Toprule">32%</td>
                           <td align="center" styleCode="Botrule Lrule Rrule Toprule">17%</td>
                           <td align="center" styleCode="Botrule Lrule Rrule Toprule">14%</td>
                           <td align="center" styleCode="Botrule Lrule Rrule Toprule">6%</td>
                        </tr>
                        <tr>
                           <td align="left" styleCode="Botrule Lrule Rrule Toprule">Total lesions</td>
                           <td align="center" styleCode="Botrule Lrule Rrule Toprule">34%</td>
                           <td align="center" styleCode="Botrule Lrule Rrule Toprule">18%</td>
                           <td align="center" styleCode="Botrule Lrule Rrule Toprule">30%</td>
                           <td align="center" styleCode="Botrule Lrule Rrule Toprule">15%</td>
                        </tr>
                     </tbody>
                  </table>
                  <paragraph>The trend in the Investigator’s global assessment of severity supported the efficacy of Adapalene Cream, 0.1% when compared to the cream vehicle.</paragraph>
               </text>
               <effectiveTime value="20171010"/>
            </section>
         </component>
         <component>
            <section ID="i4i_contraindications_id_6caa0115-acc8-49b2-a3b4-67eb86139899">
               <id root="b0643384-0452-40b3-aaf3-6725f9cf56eb"/>
               <code code="34070-3" codeSystem="2.16.840.1.113883.6.1" displayName="CONTRAINDICATIONS SECTION"/>
               <title>CONTRAINDICATIONS</title>
               <text>
                  <paragraph>Adapalene Cream, 0.1% should not be administered to individuals who are hypersensitive to adapalene or any of the components in the cream vehicle.</paragraph>
               </text>
               <effectiveTime value="20130601"/>
            </section>
         </component>
         <component>
            <section ID="i4i_precautions_id_e042e2c0-fa6f-4087-a5bd-d6ef5abe3077">
               <id root="c8dfbeec-e861-4a8d-aef6-753dbffa0927"/>
               <code code="42232-9" codeSystem="2.16.840.1.113883.6.1" displayName="PRECAUTIONS SECTION"/>
               <title>PRECAUTIONS</title>
               <effectiveTime value="20171010"/>
               <component>
                  <section ID="i4i_precautions_general_id_d77a0a40-4f19-400a-9709-0eeca46f80d3">
                     <id root="1fa24f4e-bd27-4f0b-9d37-fe94b0bcc069"/>
                     <code code="34072-9" codeSystem="2.16.840.1.113883.6.1" displayName="GENERAL PRECAUTIONS SECTION"/>
                     <title>General</title>
                     <text>
                        <paragraph>Certain cutaneous signs and symptoms of treatment such as erythema, dryness, scaling, burning, or pruritus may be experienced with use of Adapalene Cream, 0.1%.  These are most likely to occur during the first two to four weeks of treatment, are mostly mild to moderate in intensity, and usually lessen with continued use of the medication.  Depending upon the severity of these side effects, patients should be instructed to reduce the frequency of application or discontinue use.  </paragraph>
                        <paragraph>If a reaction suggesting sensitivity or chemical irritation occurs, use of the medication should be discontinued.  Exposure to sunlight, including sunlamps, should be minimized during use of adapalene.  Patients who normally experience high levels of sun exposure, and those with inherent sensitivity to sun, should be warned to exercise caution.  Use of sunscreen products and protective clothing over treated areas is recommended when exposure cannot be avoided.  Weather extremes, such as wind or cold, also may be irritating to patients under treatment with adapalene.  </paragraph>
                        <paragraph>Avoid contact with the eyes, lips, angles of the nose, and mucous membranes.  The product should not be applied to cuts, abrasions, eczematous or sunburned skin.  As with other retinoids, use of “waxing” as a depilatory method should be avoided on skin treated with adapalene.  </paragraph>
                     </text>
                     <effectiveTime value="20130601"/>
                  </section>
               </component>
               <component>
                  <section ID="i4i_info_patients_id_f237cf8b-afb0-4709-ad7e-088777a66e92">
                     <id root="86455fae-d098-4e63-a37d-79d53d2c1e67"/>
                     <code code="34076-0" codeSystem="2.16.840.1.113883.6.1" displayName="INFORMATION FOR PATIENTS SECTION"/>
                     <title>Information for Patients</title>
                     <text>
                        <paragraph>Patients using Adapalene Cream, 0.1% should receive the following information and instructions:</paragraph>
                        <paragraph>1.  This medication is to be used only as directed by the physician.</paragraph>
                        <paragraph>2.  It is for external use only.</paragraph>
                        <paragraph>3.  Avoid contact with the eyes, lips, angles of the nose, and mucous membranes.</paragraph>
                        <paragraph>4.  Cleanse area with a mild or soapless cleanser before applying this medication.</paragraph>
                        <paragraph>5.  Moisturizers may be used if necessary; however, products containing alpha hydroxy or glycolic acids should be avoided.</paragraph>
                        <paragraph>6.  Exposure of the eye to this medication may result in reactions such as swelling, conjunctivitis, and eye irritation.</paragraph>
                        <paragraph>7.  This medication should not be applied to cuts, abrasions, eczematous or sunburned skin.</paragraph>
                        <paragraph>8.  Wax epilation should not be performed on treated skin due to the potential for skin erosions.</paragraph>
                        <paragraph>9.  During the early weeks of therapy, an apparent exacerbation of acne may occur.  This is due to the action of this medication on previously unseen lesions and should not be considered a reason to discontinue therapy.  Overall clinical benefit may be noticed after two weeks of therapy, but at least eight weeks are required to obtain consistent beneficial effects.</paragraph>
                     </text>
                     <effectiveTime value="20130601"/>
                  </section>
               </component>
               <component>
                  <section ID="i4i_drug_interaction_id_fc587303-03a5-4a01-a520-f5a6de3eae56">
                     <id root="c66ecbd0-606c-4c38-90ed-0392de65a59f"/>
                     <code code="34073-7" codeSystem="2.16.840.1.113883.6.1" displayName="DRUG INTERACTIONS SECTION"/>
                     <title>Drug Interactions</title>
                     <text>
                        <paragraph>As Adapalene Cream, 0.1% has the potential to produce local irritation in some patients, concomitant use of other potentially irritating topical products (medicated or abrasive soaps and cleansers, soaps and cosmetics that have a strong drying effect, and products with high concentrations of alcohol, astringents, spices or lime rind) should be approached with caution.  Particular caution should be exercised in using preparations containing sulfur, resorcinol, or salicylic acid in combination with Adapalene Cream, 0.1%.  If these preparations have been used, it is advisable not to start therapy with Adapalene Cream, 0.1% until the effects of such preparations in the skin have subsided.</paragraph>
                     </text>
                     <effectiveTime value="20130601"/>
                  </section>
               </component>
               <component>
                  <section ID="i4i_carcinogenesis_mutagenesis_fertility_id_e65dc479-029f-4e58-b98b-99b9dcf5b335">
                     <id root="bc25c102-13e6-49cf-9ced-c3439cd436da"/>
                     <code code="34083-6" codeSystem="2.16.840.1.113883.6.1" displayName="CARCINOGENESIS &amp; MUTAGENESIS &amp; IMPAIRMENT OF FERTILITY SECTION"/>
                     <title>Carcinogenesis, Mutagenesis, Impairment of Fertility</title>
                     <text>
                        <paragraph>Carcinogenicity studies with adapalene have been conducted in mice at topical doses of 0.4, 1.3, and 4.0 mg/kg/day, and in rats at oral doses of 0.15, 0.5, and 1.5 mg/kg/day.  These doses are up to 8 times (mice) and 6 times (rats) in terms of mg/m<sup>2</sup>/day the maximum potential exposure at the recommended topical human dose (MRHD), assumed to be 2.5 grams Adapalene Cream, 0.1%, which is approximately 1.5 mg/m<sup>2</sup> adapalene.  In the oral study, increased incidence of benign and malignant pheochromocytomas in the adrenal medullas of male rats was observed.</paragraph>
                        <paragraph>No photocarcinogenicity studies were conducted.  Animal studies have shown an increased risk of skin neoplasms with the use of pharmacologically similar drugs (e.g., retinoids) when exposed to UV irradiation in the laboratory or to sunlight.  Although the significance of these studies to human use is not clear, patients should be advised to avoid or minimize exposure to either sunlight or artificial UV irradiation sources.</paragraph>
                        <paragraph>Adapalene did not exhibit mutagenic or genotoxic effects <content styleCode="italics">in vivo</content> (mouse micronucleus test) and <content styleCode="italics">in vitro</content> (Ames test, Chinese hamster ovary cell assay, mouse lymphoma TK assay) studies.</paragraph>
                        <paragraph>Reproductive function and fertility studies were conducted in rats administered oral doses of adapalene in amounts up to 20 mg/kg/day (up to 80 times the MRHD based on mg/m<sup>2</sup> comparisons).  No effects of adapalene were found on the reproductive performance or fertility of the F<sub>0</sub> males or females.  There were also no detectable effects on the growth, development and subsequent reproductive function of the F<sub>1</sub> generation.</paragraph>
                     </text>
                     <effectiveTime value="20130601"/>
                  </section>
               </component>
               <component>
                  <section ID="i4i_pregnancy_id_fc5e145b-eef9-4781-9515-8c719f0a002b">
                     <id root="e0666ed4-510b-46bc-9845-8ead2ccdeb42"/>
                     <code code="42228-7" codeSystem="2.16.840.1.113883.6.1" displayName="PREGNANCY SECTION"/>
                     <title>Pregnancy</title>
                     <effectiveTime value="20171010"/>
                     <component>
                        <section ID="i4i_teratogenic_id_d2207509-3777-4c76-9257-68fe86ef3c6b">
                           <id root="8b2e7ee5-bf04-4aee-8531-d8be67c9fe40"/>
                           <code code="34077-8" codeSystem="2.16.840.1.113883.6.1" displayName="TERATOGENIC EFFECTS SECTION"/>
                           <title>
                              <content styleCode="bold">Teratogenic effects</content>
                           </title>
                           <text>
                              <paragraph>
                                 <content styleCode="bold">Pregnancy category C</content>
                              </paragraph>
                              <paragraph>No teratogenic effects were seen in rats at oral doses of 0.15 to 5.0 mg/kg/day adapalene (up to 20 times the MRHD based on mg/m<sup>2</sup> comparisons).  However, adapalene administered orally at doses of ≥ 25 mg/kg, (100 times the MRHD for rats or 200 times MRHD for rabbits) has been shown to be teratogenic.  Cutaneous teratology studies in rats and rabbits as doses of 0.6, 2.0, and 6.0 mg/kg/day (24 times MRHD for rats or 48 times the MRHD for rabbits) exhibited on fetotoxicity and only minimal increases in supernumerary ribs in rats.  There are no adequate and well-controlled studies in pregnant women.  Adapalene should be used during pregnancy only if the potential benefit justifies the potential risk to the fetus.</paragraph>
                           </text>
                           <effectiveTime value="20171010"/>
                        </section>
                     </component>
                  </section>
               </component>
               <component>
                  <section ID="i4i_nursing_mothers_id_5a7b20fa-d41b-41b7-937b-dcebdd5ae8ee">
                     <id root="b51c58fc-8ee8-4f6d-a252-8c78a2656d6a"/>
                     <code code="34080-2" codeSystem="2.16.840.1.113883.6.1" displayName="NURSING MOTHERS SECTION"/>
                     <title>Nursing Mothers</title>
                     <text>
                        <paragraph>It is not known whether this drug is excreted in human milk.  Because many drugs are excreted in human milk, caution should be exercised when Adapalene Cream, 0.1% is administered to a nursing woman.</paragraph>
                     </text>
                     <effectiveTime value="20130601"/>
                  </section>
               </component>
               <component>
                  <section ID="i4i_pediatric_use_id_a7ab47ef-a28f-4a4c-ac10-9e2b9916e13c">
                     <id root="28eb2a2a-8a56-4d5f-9f8e-c40e84622abc"/>
                     <code code="34081-0" codeSystem="2.16.840.1.113883.6.1" displayName="PEDIATRIC USE SECTION"/>
                     <title>Pediatric Use</title>
                     <text>
                        <paragraph>Safety and effectiveness in pediatric patients below the age of 12 have not been established.</paragraph>
                     </text>
                     <effectiveTime value="20130601"/>
                  </section>
               </component>
               <component>
                  <section ID="i4i_geriatric_use_id_f49ae30a-8b20-4eaf-a643-eda6c5fb3451">
                     <id root="e7743479-6b24-4c70-8ae5-4a2464c62572"/>
                     <code code="34082-8" codeSystem="2.16.840.1.113883.6.1" displayName="GERIATRIC USE SECTION"/>
                     <title>Geriatric Use</title>
                     <text>
                        <paragraph>Clinical studies of Adapalene Cream, 0.1% were conducted in patients 12 to 30 years of age with acne vulgaris and therefore did not include subjects 65 years and older to determine whether they respond differently than younger subjects. Other reported clinical experience has not identified differences in responses between the elderly and younger patients.</paragraph>
                     </text>
                     <effectiveTime value="20171010"/>
                  </section>
               </component>
            </section>
         </component>
         <component>
            <section ID="i4i_adverse_effects_id_3d4abdab-8a1e-444c-a4f0-c7fab05122c4">
               <id root="70e1d91d-264e-4b72-9571-9ca9cd10ea76"/>
               <code code="34084-4" codeSystem="2.16.840.1.113883.6.1" displayName="ADVERSE REACTIONS SECTION"/>
               <title>ADVERSE REACTIONS</title>
               <text>
                  <paragraph>In controlled clinical trials, local cutaneous irritation was monitored in 285 acne patients who used Adapalene Cream, 0.1% once daily for 12 weeks. The frequency and severity of erythema, scaling, dryness, pruritus and burning were assessed during these studies. The incidence of local cutaneous irritation with Adapalene Cream, 0.1% from the controlled clinical studies is provided in the following table:</paragraph>
                  <table border="1" cellpadding="4" cellspacing="0">
                     <caption>Incidence of Local Cutaneous Irritation with Adapalene Cream, 0.1% from Controlled Clinical Studies (N=285)</caption>
                     <colgroup>
                        <col/>
                        <col/>
                        <col/>
                        <col/>
                        <col/>
                     </colgroup>
                     <tbody>
                        <tr>
                           <td align="left" styleCode="Botrule Lrule Rrule Toprule"/>
                           <td align="center" styleCode="Botrule Lrule Rrule Toprule">
                              <content styleCode="bold">None</content>
                           </td>
                           <td align="center" styleCode="Botrule Lrule Rrule Toprule">
                              <content styleCode="bold">Mild</content>
                           </td>
                           <td align="center" styleCode="Botrule Lrule Rrule Toprule">
                              <content styleCode="bold">Moderate</content>
                           </td>
                           <td align="center" styleCode="Botrule Lrule Rrule Toprule">
                              <content styleCode="bold">Severe</content>
                           </td>
                        </tr>
                        <tr>
                           <td align="left" styleCode="Botrule Lrule Rrule Toprule">Erythema</td>
                           <td align="center" styleCode="Botrule Lrule Rrule Toprule">52% (148)</td>
                           <td align="center" styleCode="Botrule Lrule Rrule Toprule">38% (108)</td>
                           <td align="center" styleCode="Botrule Lrule Rrule Toprule">10% (28)</td>
                           <td align="center" styleCode="Botrule Lrule Rrule Toprule">‹1% (1)</td>
                        </tr>
                        <tr>
                           <td align="left" styleCode="Botrule Lrule Rrule Toprule">Scaling</td>
                           <td align="center" styleCode="Botrule Lrule Rrule Toprule">58% (166)</td>
                           <td align="center" styleCode="Botrule Lrule Rrule Toprule">35% (100)</td>
                           <td align="center" styleCode="Botrule Lrule Rrule Toprule">6% (18)</td>
                           <td align="center" styleCode="Botrule Lrule Rrule Toprule">‹1% (1)</td>
                        </tr>
                        <tr>
                           <td align="left" styleCode="Botrule Lrule Rrule Toprule">Dryness</td>
                           <td align="center" styleCode="Botrule Lrule Rrule Toprule">48% (136)</td>
                           <td align="center" styleCode="Botrule Lrule Rrule Toprule">42% (121)</td>
                           <td align="center" styleCode="Botrule Lrule Rrule Toprule">9% (26)</td>
                           <td align="center" styleCode="Botrule Lrule Rrule Toprule">‹1% (2)</td>
                        </tr>
                        <tr>
                           <td align="left" styleCode="Botrule Lrule Rrule Toprule">Pruritus (persistent)</td>
                           <td align="center" styleCode="Botrule Lrule Rrule Toprule">74% (211)</td>
                           <td align="center" styleCode="Botrule Lrule Rrule Toprule">21% (61)</td>
                           <td align="center" styleCode="Botrule Lrule Rrule Toprule">4% (12)</td>
                           <td align="center" styleCode="Botrule Lrule Rrule Toprule">‹1% (1)</td>
                        </tr>
                        <tr>
                           <td align="left" styleCode="Botrule Lrule Rrule Toprule">Burning/Stinging (persistent)</td>
                           <td align="center" styleCode="Botrule Lrule Rrule Toprule">71% (202)</td>
                           <td align="center" styleCode="Botrule Lrule Rrule Toprule">24% (69)</td>
                           <td align="center" styleCode="Botrule Lrule Rrule Toprule">4% (12)</td>
                           <td align="center" styleCode="Botrule Lrule Rrule Toprule">‹1% (2)</td>
                        </tr>
                     </tbody>
                  </table>
                  <paragraph>Other reported local cutaneous adverse events in patients who used Adapalene Cream, 0.1% once daily included: sunburn (2%), skin discomfort-burning and stinging (1%) and skin irritation (1%). Events occurring in less than 1% of patients treated with Adapalene Cream, 0.1% included: acne flare, dermatitis and contact dermatitis, eyelid edema, conjunctivitis, erythema, pruritus, skin discoloration, rash, and eczema.</paragraph>
               </text>
               <effectiveTime value="20171010"/>
            </section>
         </component>
         <component>
            <section ID="i4i_overdosage_id_a6274236-0397-4e38-be14-09967c7ceae8">
               <id root="36b19def-a24b-42ba-92b7-e1c6d4794cd6"/>
               <code code="34088-5" codeSystem="2.16.840.1.113883.6.1" displayName="OVERDOSAGE SECTION"/>
               <title>OVERDOSAGE</title>
               <text>
                  <paragraph>Adapalene Cream, 0.1% is intended for cutaneous use only.  If the medication is applied excessively, no more rapid or better results will be obtained and marked redness, scaling, or skin discomfort may occur.  The acute oral toxicity of Adapalene Cream, 0.1% in mice and rats is greater than 10 mL/kg.  Chronic ingestion  of the drug may lead to the same side effects as those associated with excessive oral intake of Vitamin A.</paragraph>
               </text>
               <effectiveTime value="20130601"/>
            </section>
         </component>
         <component>
            <section ID="i4i_dosage_admin_id_e62722a1-9755-42d3-9ee1-c8210631492c">
               <id root="d98b0deb-553b-4a26-9da7-156544d42362"/>
               <code code="34068-7" codeSystem="2.16.840.1.113883.6.1" displayName="DOSAGE &amp; ADMINISTRATION SECTION"/>
               <title>DOSAGE AND ADMINISTRATION</title>
               <text>
                  <paragraph>Adapalene Cream, 0.1% should be applied to affected areas of the skin, once daily at nighttime.  A thin film of the cream should be applied to the skin areas where acne lesions appear, using enough to cover the entire affected areas lightly.  A mild transitory sensation of warmth or slight stinging may occur shortly after the application of Adapalene Cream, 0.1%.</paragraph>
               </text>
               <effectiveTime value="20130601"/>
            </section>
         </component>
         <component>
            <section ID="i4i_how_supplied_id_4d3689dc-1fe5-4021-bb34-6e2b55a9d0a0">
               <id root="215f0987-3210-4035-9b0d-2940a065f961"/>
               <code code="34069-5" codeSystem="2.16.840.1.113883.6.1" displayName="HOW SUPPLIED SECTION"/>
               <title>HOW SUPPLIED</title>
               <text>
                  <paragraph>Adapalene Cream, 0.1% is available as follows:</paragraph>
                  <paragraph>45 g tube (NDC 45802-<content styleCode="bold">453</content>-84)</paragraph>
               </text>
               <effectiveTime value="20130601"/>
            </section>
         </component>
         <component>
            <section ID="i4i_storage_id_0c01c1af-44ab-4dc8-b0ec-e1cf099c1cdb">
               <id root="40e9cf7f-a357-4286-9a66-fa8217c16a13"/>
               <code code="44425-7" codeSystem="2.16.840.1.113883.6.1" displayName="STORAGE AND HANDLING SECTION"/>
               <title>STORAGE</title>
               <text>
                  <paragraph>Store at controlled room temperatures 68˚ to 77˚F (20˚ - 25˚C) with excursions permitted between 59˚ and 86˚F (15˚ - 30˚C).</paragraph>
                  <paragraph>Protect from freezing.</paragraph>
               </text>
               <effectiveTime value="20130601"/>
            </section>
         </component>
         <component>
            <section ID="i4i_section_id_a28325cd-d45b-4bc7-90a0-194fb7882c8a">
               <id root="0bd554d3-5521-4b9d-bf16-7d19f96693ee"/>
               <code code="42229-5" codeSystem="2.16.840.1.113883.6.1" displayName="SPL UNCLASSIFIED SECTION"/>
               <title>
                  <br/>
               </title>
               <text>
                  <paragraph>Made in Canada</paragraph>
                  <paragraph>Manufactured by G Production Inc.</paragraph>
                  <paragraph>Baie d'Urfé QC, H9X 3S4 Canada</paragraph>
                  <paragraph>Distributed By</paragraph>
                  <paragraph>Padagis</paragraph>
                  <paragraph>Allegan, MI 49010 • www.padagis.com</paragraph>
                  <paragraph>P57356-0</paragraph>
                  <paragraph>9A100 RC J4</paragraph>
                  <paragraph>
                     <br/>Rev. 12/2022</paragraph>
               </text>
               <effectiveTime value="20230725"/>
            </section>
         </component>
         <component>
            <section ID="i4i_Principal_display_panel_id_e8003a8b-ab9b-4193-9b0c-6661d1881b8e">
               <id root="29755b98-21f7-4a55-b571-c5b936537018"/>
               <code code="51945-4" codeSystem="2.16.840.1.113883.6.1" displayName="PACKAGE LABEL.PRINCIPAL DISPLAY PANEL"/>
               <title>PACKAGE/LABEL PRINCIPAL DISPLAY PANEL - CARTON</title>
               <text>
                  <renderMultiMedia referencedObject="MM85612"/>
                  <paragraph>     </paragraph>
                  <paragraph>                                       </paragraph>
                  <paragraph>
                     <content styleCode="bold">For topical use only. Not for ophthalmic, oral, or intravaginal use.</content>
                  </paragraph>
                  <paragraph>
                     <content styleCode="bold">Usual Dosage:</content> Apply a thin film once a day at nighttime to affected areas. See package insert for complete prescribing information.</paragraph>
                  <paragraph>
                     <content styleCode="bold">Contains:</content> adapalene 0.1% in an aqueous cream emulsion consisting of carbomer 934P, cyclomethicone, edetate disodium, glycerin, methyl glucose sesquistearate, methylparaben, PEG-20 methyl glucose sesquistearate, phenoxyethanol, propylparaben, purified water, squalane, and trolamine.</paragraph>
                  <paragraph>Store at controlled room temperature 68-77°F (20-25°C) excursions permitted between 59 and 86°F (15-30°C). Protect from freezing.</paragraph>
                  <paragraph>
                     <br/>
                  </paragraph>
                  <paragraph>
                     <content styleCode="bold">Rx Only</content>
                  </paragraph>
                  <paragraph>NDC 45802-<content styleCode="bold">453</content>-84</paragraph>
                  <paragraph>
                     <content styleCode="bold">Adapalene Cream, 0.1%</content>
                  </paragraph>
                  <paragraph>
                     <content styleCode="bold">NET WT 45 g</content>
                     <br/>Padagis</paragraph>
                  <paragraph>Made in Canada</paragraph>
                  <paragraph>Manufactured by G Production Inc</paragraph>
                  <paragraph>Baie d'Urfé, QC, H9X 3S4 Canada</paragraph>
                  <paragraph>Distributed By</paragraph>
                  <paragraph>Padagis</paragraph>
                  <paragraph>Allegan, MI 49010 • www.padagis.com</paragraph>
                  <paragraph>P57355-0   9A184 RC C5   Rev. 12/2022</paragraph>
                  <paragraph/>
               </text>
               <effectiveTime value="20230726"/>
            </section>
         </component>
      </structuredBody>
   </component>
</document>