<?xml version="1.0" encoding="UTF-8"?><?xml-stylesheet href="https://www.accessdata.fda.gov/spl/stylesheet/spl.xsl" type="text/xsl"?>
<document xmlns:xsi="http://www.w3.org/2001/XMLSchema-instance" xmlns="urn:hl7-org:v3" xsi:schemaLocation="urn:hl7-org:v3 https://www.accessdata.fda.gov/spl/schema/spl.xsd">
   <id root="01ccf252-e052-d450-e063-6394a90a4a3d"/>
   <code code="34391-3" codeSystem="2.16.840.1.113883.6.1" displayName="HUMAN PRESCRIPTION DRUG LABEL"/>
   <title>
      <content styleCode="bold">Lorazepam Tablets, USP C-IV</content>
   </title>
   <effectiveTime value="20230731"/>
   <setId root="6c5356b1-c199-49ad-bb00-fd67c6691f74"/>
   <versionNumber value="2"/>
   <author>
      <time/>
      <assignedEntity>
         <representedOrganization>
            <id root="1.3.6.1.4.1.519.1" extension="829572556"/>
            <name>REMEDYREPACK INC.</name>
         </representedOrganization>
      </assignedEntity>
   </author>
   <component>
      <structuredBody>
         <component>
            <section>
               <id root="01ccdbe7-c7c6-6c1b-e063-6294a90ac479"/>
               <code code="48780-1" codeSystem="2.16.840.1.113883.6.1" displayName="SPL product data elements section"/>
               <effectiveTime value="20230731"/>
               <subject>
                  <manufacturedProduct>
                     <manufacturedProduct>
                        <code code="70518-3423" codeSystem="2.16.840.1.113883.6.69"/>
                        <name>Lorazepam</name>
                        <formCode code="C42998" codeSystem="2.16.840.1.113883.3.26.1.1" displayName="TABLET"/>
                        <asEntityWithGeneric>
                           <genericMedicine>
                              <name>Lorazepam</name>
                           </genericMedicine>
                        </asEntityWithGeneric>
                        <asEquivalentEntity classCode="EQUIV">
                           <code code="C64637" codeSystem="2.16.840.1.113883.3.26.1.1"/>
                           <definingMaterialKind>
                              <code code="0093-3426" codeSystem="2.16.840.1.113883.6.69"/>
                           </definingMaterialKind>
                        </asEquivalentEntity>
                        <ingredient classCode="IACT">
                           <ingredientSubstance>
                              <code code="EWQ57Q8I5X" codeSystem="2.16.840.1.113883.4.9"/>
                              <name>LACTOSE MONOHYDRATE</name>
                           </ingredientSubstance>
                        </ingredient>
                        <ingredient classCode="IACT">
                           <ingredientSubstance>
                              <code code="70097M6I30" codeSystem="2.16.840.1.113883.4.9"/>
                              <name>MAGNESIUM STEARATE</name>
                           </ingredientSubstance>
                        </ingredient>
                        <ingredient classCode="IACT">
                           <ingredientSubstance>
                              <code code="OP1R32D61U" codeSystem="2.16.840.1.113883.4.9"/>
                              <name>CELLULOSE, MICROCRYSTALLINE</name>
                           </ingredientSubstance>
                        </ingredient>
                        <ingredient classCode="IACT">
                           <ingredientSubstance>
                              <code code="0BZ5A00FQU" codeSystem="2.16.840.1.113883.4.9"/>
                              <name>POLACRILIN POTASSIUM</name>
                           </ingredientSubstance>
                        </ingredient>
                        <ingredient classCode="ACTIB">
                           <quantity>
                              <numerator unit="mg" value="1"/>
                              <denominator unit="1" value="1"/>
                           </quantity>
                           <ingredientSubstance>
                              <code code="O26FZP769L" codeSystem="2.16.840.1.113883.4.9"/>
                              <name>LORAZEPAM</name>
                              <activeMoiety>
                                 <activeMoiety>
                                    <code code="O26FZP769L" codeSystem="2.16.840.1.113883.4.9"/>
                                    <name>LORAZEPAM</name>
                                 </activeMoiety>
                              </activeMoiety>
                           </ingredientSubstance>
                        </ingredient>
                        <asContent>
                           <quantity>
                              <numerator value="30" unit="1"/>
                              <denominator value="1"/>
                           </quantity>
                           <containerPackagedProduct>
                              <code code="70518-3423-0" codeSystem="2.16.840.1.113883.6.69"/>
                              <formCode code="C43168" codeSystem="2.16.840.1.113883.3.26.1.1" displayName="BLISTER PACK"/>
                           </containerPackagedProduct>
                           <subjectOf>
                              <characteristic>
                                 <code code="SPLCMBPRDTP" codeSystem="2.16.840.1.113883.1.11.19255"/>
                                 <value code="C112160" codeSystem="2.16.840.1.113883.3.26.1.1" displayName="Type 0: Not a Combination Product" xsi:type="CV"/>
                              </characteristic>
                           </subjectOf>
                           <subjectOf>
                              <marketingAct>
                                 <code code="C53292" codeSystem="2.16.840.1.113883.3.26.1.1"/>
                                 <statusCode code="active"/>
                                 <effectiveTime>
                                    <low value="20220525"/>
                                 </effectiveTime>
                              </marketingAct>
                           </subjectOf>
                        </asContent>
                        <asContent>
                           <quantity>
                              <numerator value="30" unit="1"/>
                              <denominator value="1"/>
                           </quantity>
                           <containerPackagedProduct>
                              <code code="70518-3423-1" codeSystem="2.16.840.1.113883.6.69"/>
                              <formCode code="C43168" codeSystem="2.16.840.1.113883.3.26.1.1" displayName="BLISTER PACK"/>
                           </containerPackagedProduct>
                           <subjectOf>
                              <characteristic>
                                 <code code="SPLCMBPRDTP" codeSystem="2.16.840.1.113883.1.11.19255"/>
                                 <value code="C112160" codeSystem="2.16.840.1.113883.3.26.1.1" displayName="Type 0: Not a Combination Product" xsi:type="CV"/>
                              </characteristic>
                           </subjectOf>
                           <subjectOf>
                              <marketingAct>
                                 <code code="C53292" codeSystem="2.16.840.1.113883.3.26.1.1"/>
                                 <statusCode code="active"/>
                                 <effectiveTime>
                                    <low value="20230720"/>
                                 </effectiveTime>
                              </marketingAct>
                           </subjectOf>
                        </asContent>
                     </manufacturedProduct>
                     <subjectOf>
                        <approval>
                           <id extension="ANDA072927" root="2.16.840.1.113883.3.150"/>
                           <code code="C73584" codeSystem="2.16.840.1.113883.3.26.1.1" displayName="ANDA"/>
                           <author>
                              <territorialAuthority>
                                 <territory>
                                    <code code="USA" codeSystem="2.16.840.1.113883.5.28"/>
                                 </territory>
                              </territorialAuthority>
                           </author>
                        </approval>
                     </subjectOf>
                     <subjectOf>
                        <marketingAct>
                           <code code="C53292" codeSystem="2.16.840.1.113883.3.26.1.1"/>
                           <statusCode code="active"/>
                           <effectiveTime>
                              <low value="20220525"/>
                           </effectiveTime>
                        </marketingAct>
                     </subjectOf>
                     <subjectOf>
                        <characteristic classCode="OBS">
                           <code code="SPLCOLOR" codeSystem="2.16.840.1.113883.1.11.19255"/>
                           <value code="C48325" codeSystem="2.16.840.1.113883.3.26.1.1" displayName="white" xsi:type="CE">
                              <originalText/>
                           </value>
                        </characteristic>
                     </subjectOf>
                     <subjectOf>
                        <characteristic classCode="OBS">
                           <code code="SPLIMPRINT" codeSystem="2.16.840.1.113883.1.11.19255"/>
                           <value xsi:type="ST">TV;1;1;R</value>
                        </characteristic>
                     </subjectOf>
                     <subjectOf>
                        <characteristic classCode="OBS">
                           <code code="SPLSCORE" codeSystem="2.16.840.1.113883.1.11.19255"/>
                           <value value="2" xsi:type="INT"/>
                        </characteristic>
                     </subjectOf>
                     <subjectOf>
                        <characteristic classCode="OBS">
                           <code code="SPLSHAPE" codeSystem="2.16.840.1.113883.1.11.19255"/>
                           <value code="C48348" codeSystem="2.16.840.1.113883.3.26.1.1" displayName="ROUND" xsi:type="CE">
                              <originalText/>
                           </value>
                        </characteristic>
                     </subjectOf>
                     <subjectOf>
                        <characteristic classCode="OBS">
                           <code code="SPLSIZE" codeSystem="2.16.840.1.113883.1.11.19255"/>
                           <value unit="mm" value="7" xsi:type="PQ"/>
                        </characteristic>
                     </subjectOf>
                     <subjectOf>
                        <policy classCode="DEADrugSchedule">
                           <code code="C48677" codeSystem="2.16.840.1.113883.3.26.1.1" displayName="CIV"/>
                        </policy>
                     </subjectOf>
                     <consumedIn>
                        <substanceAdministration>
                           <routeCode code="C38288" codeSystem="2.16.840.1.113883.3.26.1.1" displayName="ORAL"/>
                        </substanceAdministration>
                     </consumedIn>
                  </manufacturedProduct>
               </subject>
            </section>
         </component>
         <component>
            <section ID="LINK_9a366105-93e7-44a8-86af-65a7bb736465">
               <id root="01ccf252-e053-d450-e063-6394a90a4a3d"/>
               <code code="42229-5" codeSystem="2.16.840.1.113883.6.1" displayName="SPL UNCLASSIFIED SECTION"/>
               <title/>
               <text>
                  <paragraph>
                     <content styleCode="bold">Rx only</content>
                  </paragraph>
               </text>
               <effectiveTime value="20230731"/>
            </section>
         </component>
         <component>
            <section ID="LINK_176b5e1c-77d9-481e-8985-f02fc9224218">
               <id root="01ccf252-e054-d450-e063-6394a90a4a3d"/>
               <code code="34066-1" codeSystem="2.16.840.1.113883.6.1" displayName="BOXED WARNING SECTION"/>
               <title/>
               <text>
                  <paragraph>
                     <content styleCode="bold">WARNING: RISKS FROM CONCOMITANT USE WITH 
  
   <content styleCode="bold">OPIOIDS; ABUSE, MISUSE, AND 
   
    <content styleCode="bold">ADDICTION; and DEPENDENCE AND WITHDRAWAL REACTIONS</content>
                        </content>
                     </content>
                  </paragraph>
                  <list listType="unordered">
                     <item>
                        <content styleCode="bold">Concomitant use of benzodiazepines and opioids may result in profound sedation, respiratory depression, coma, and death. Reserve concomitant prescribing of these drugs for patients for whom alternative treatment options are inadequate. Limit dosages and durations to the minimum required. Follow patients for signs and symptoms of respiratory depression and sedation (see
   
    <linkHtml href="#LINK_0af550e3-3f8f-4699-b8b9-798ff090734e">WARNINGS</linkHtml> and
   
    <linkHtml href="#LINK_8e79f9a5-e37f-44a9-9e83-c02d90a6ab44">PRECAUTIONS</linkHtml>).
  
   </content>
                        <br/>
                     </item>
                     <item>
                        <content styleCode="bold">The use of benzodiazepines, including</content>
                        <content styleCode="bold">lorazepam tablets, exposes users to risks of abuse, misuse, and addiction, which can lead to overdose or death. Abuse and misuse of benzodiazepines commonly involve concomitant use of other medications, alcohol, and/or illicit substances, which is associated with an increased frequency of serious adverse outcomes. Before prescribing lorazepam tablets and throughout treatment, assess each patient’s risk for abuse, misuse, and addiction (see
   
    <linkHtml href="#LINK_0af550e3-3f8f-4699-b8b9-798ff090734e">WARNINGS</linkHtml>).
  
   </content>
                     </item>
                     <item>
                        <content styleCode="bold"> </content>
                        <content styleCode="bold">The continued use of benzodiazepines, including</content>
                        <content styleCode="bold">lorazepam tablets may lead to clinically significant physical dependence. The risks of dependence and withdrawal increase with longer treatment duration and higher daily dose. Abrupt discontinuation or rapid dosage reduction of lorazepam tablets after continued use may precipitate acute withdrawal reactions, which can be life-threatening. To reduce the risk of withdrawal reactions, use a gradual taper to discontinue lorazepam tablets or reduce the dosage (
   
    <linkHtml href="#LINK_208a4e47-0054-4196-a67e-19dcea5a4b86">DOSAGE AND ADMINISTRATION</linkHtml>and
   
    <linkHtml href="#LINK_0af550e3-3f8f-4699-b8b9-798ff090734e">WARNINGS</linkHtml>).
  
   </content>
                     </item>
                  </list>
               </text>
               <effectiveTime value="20230731"/>
            </section>
         </component>
         <component>
            <section ID="LINK_dfe40d8c-5a85-4452-b424-38e50decc3ed">
               <id root="01ccf252-e055-d450-e063-6394a90a4a3d"/>
               <code code="34089-3" codeSystem="2.16.840.1.113883.6.1" displayName="DESCRIPTION SECTION"/>
               <title>DESCRIPTION</title>
               <text>
                  <paragraph>Lorazepam, USP, an antianxiety agent, has the chemical formula, 7-chloro-5-(
 
  <content styleCode="italics">o</content>-chlorophenyl)-1,3-dihydro-3-hydroxy-2
 
  <content styleCode="italics">H</content>-1,4-benzodiazepin-2-one:

 </paragraph>
                  <renderMultiMedia referencedObject="MM1"/>
                  <paragraph>It is a nearly white powder almost insoluble in water. Each lorazepam tablet, to be taken orally, contains 0.5 mg, 1 mg, or 2 mg of lorazepam, USP. The inactive ingredients present are lactose monohydrate, magnesium stearate, microcrystalline cellulose, and polacrilin potassium.</paragraph>
               </text>
               <effectiveTime value="20230731"/>
               <component>
                  <observationMedia ID="MM1">
                     <text>1</text>
                     <value mediaType="image/jpeg" xsi:type="ED">
                        <reference value="lorazepam-tablets-a072926-a072927-a072928-1.jpg"/>
                     </value>
                  </observationMedia>
               </component>
            </section>
         </component>
         <component>
            <section ID="LINK_d0fc4333-4321-4c9a-887e-af986ccd62a9">
               <id root="01ccf252-e056-d450-e063-6394a90a4a3d"/>
               <code code="34090-1" codeSystem="2.16.840.1.113883.6.1" displayName="CLINICAL PHARMACOLOGY SECTION"/>
               <title>CLINICAL PHARMACOLOGY</title>
               <text>
                  <paragraph>Studies in healthy volunteers show that in single high doses lorazepam has a tranquilizing action on the central nervous system with no appreciable effect on the respiratory or cardiovascular systems.</paragraph>
                  <paragraph>Lorazepam is readily absorbed with an absolute bioavailability of 90%. Peak concentrations in plasma occur approximately 2 hours following administration. The peak plasma level of lorazepam from a 2 mg dose is approximately 20 ng/mL.</paragraph>
                  <paragraph>The mean half-life of unconjugated lorazepam in human plasma is about 12 hours and for its major metabolite, lorazepam glucuronide, about 18 hours. At clinically relevant concentrations, lorazepam is approximately 85% bound to plasma proteins. Lorazepam is rapidly conjugated at its 3-hydroxy group into lorazepam glucuronide which is then excreted in the urine. Lorazepam glucuronide has no demonstrable central nervous system (CNS) activity in animals.</paragraph>
                  <paragraph>The plasma levels of lorazepam are proportional to the dose given. There is no evidence of accumulation of lorazepam on administration up to 6 months.</paragraph>
                  <paragraph>Studies comparing young and elderly subjects have shown that advancing age does not have a significant effect on the pharmacokinetics of lorazepam. However, in one study involving single intravenous doses of 1.5 to 3 mg of lorazepam injection, mean total body clearance of lorazepam decreased by 20% in 15 elderly subjects of 60 to 84 years of age compared to that in 15 younger subjects of 19 to 38 years of age.</paragraph>
               </text>
               <effectiveTime value="20230731"/>
            </section>
         </component>
         <component>
            <section ID="LINK_60e93599-6295-49ed-bbef-6a70543088ca">
               <id root="01ccf252-e057-d450-e063-6394a90a4a3d"/>
               <code code="34067-9" codeSystem="2.16.840.1.113883.6.1" displayName="INDICATIONS &amp; USAGE SECTION"/>
               <title>INDICATIONS AND USAGE</title>
               <text>
                  <paragraph>Lorazepam tablets are indicated for the management of anxiety disorders or for the short-term relief of the symptoms of anxiety or anxiety associated with depressive symptoms. Anxiety or tension associated with the stress of everyday life usually does not require treatment with an anxiolytic.</paragraph>
                  <paragraph>The effectiveness of lorazepam in long-term use, that is, more than 4 months, has not been assessed by systematic clinical studies. The physician should periodically reassess the usefulness of the drug for the individual patient.</paragraph>
               </text>
               <effectiveTime value="20230731"/>
            </section>
         </component>
         <component>
            <section ID="LINK_e289592f-649d-4173-b786-633ca1620627">
               <id root="01ccf252-e058-d450-e063-6394a90a4a3d"/>
               <code code="34070-3" codeSystem="2.16.840.1.113883.6.1" displayName="CONTRAINDICATIONS SECTION"/>
               <title>CONTRAINDICATIONS</title>
               <text>
                  <paragraph>Lorazepam is contraindicated in patients with:</paragraph>
                  <list listType="unordered">
                     <item>hypersensitivity to benzodiazepines or to any components of the formulation.</item>
                     <item>acute narrow-angle glaucoma.</item>
                  </list>
               </text>
               <effectiveTime value="20230731"/>
            </section>
         </component>
         <component>
            <section ID="LINK_0af550e3-3f8f-4699-b8b9-798ff090734e">
               <id root="01ccf252-e059-d450-e063-6394a90a4a3d"/>
               <code code="34071-1" codeSystem="2.16.840.1.113883.6.1" displayName="WARNINGS SECTION"/>
               <title>WARNINGS</title>
               <text>
                  <paragraph>
                     <content styleCode="bold">Risks from Concomitant Use with Opioids</content>
                  </paragraph>
                  <paragraph>Concomitant use of benzodiazepines, including lorazepam, and opioids may result in profound sedation, respiratory depression, coma, and death. Because of these risks, reserve concomitant prescribing of these drugs in patients for whom alternative treatment options are inadequate.</paragraph>
                  <paragraph>Observational studies have demonstrated that concomitant use of opioid analgesics and benzodiazepines increases the risk of drug-related mortality compared to use of opioids alone. If a decision is made to prescribe lorazepam concomitantly with opioids, prescribe the lowest effective dosages and minimum durations of concomitant use, and follow patients closely for signs and symptoms of respiratory depression and sedation. In patients already receiving an opioid analgesic, prescribe a lower initial dose of lorazepam than indicated in the absence of an opioid and titrate based on clinical response. If an opioid is initiated in a patient already taking lorazepam, prescribe a lower initial dose of the opioid and titrate based upon clinical response.</paragraph>
                  <paragraph>Advise both patients and caregivers about the risks of respiratory depression and sedation when lorazepam is used with opioids. Advise patients not to drive or operate heavy machinery until the effects of concomitant use with the opioid have been determined (see 
 
  <content styleCode="bold">
                        <linkHtml href="#LINK_1b147a72-52c5-47e7-b523-64865f583ab6">PRECAUTIONS: Drug Interactions</linkHtml>
                     </content>).

 </paragraph>
                  <paragraph>
                     <content styleCode="bold">Abuse, Misuse, and Addiction</content>
                  </paragraph>
                  <paragraph>The use of benzodiazepines, including lorazepam, exposes users to the risks of abuse, misuse, and addiction, which can lead to overdose or death. Abuse and misuse of benzodiazepines often (but not always) involve the use of doses greater than the maximum recommended dosage and commonly involve concomitant use of other medications, alcohol, and/or illicit substances, which is associated with an increased frequency of serious adverse outcomes, including respiratory depression, overdose, or death (see
 
  <content styleCode="bold">
                        <linkHtml href="#LINK_e9722c0c-042e-4cca-b5da-46c8d798cc53">DRUG ABUSE AND DEPENDENCE: Abuse</linkHtml>
                     </content>).

 </paragraph>
                  <paragraph>Before prescribing lorazepam and throughout treatment, assess each patient’s risk for abuse, misuse, and addiction (e.g., using a standardized screening tool). Use of lorazepam, particularly in patients at elevated risk, necessitates counseling about the risks and proper use of lorazepam along with monitoring for signs and symptoms of abuse, misuse, and addiction. Prescribe the lowest effective dosage; avoid or minimize concomitant use of CNS depressants and other substances associated with abuse, misuse, and addiction (e.g., opioid analgesics, stimulants); and advise patients on the proper disposal of unused drug. If a substance use disorder is suspected, evaluate the patient and institute (or refer them for) early treatment, as appropriate.</paragraph>
                  <paragraph>
                     <content styleCode="bold">Dependence and Withdrawal Reactions</content>
                  </paragraph>
                  <paragraph>To reduce the risk of withdrawal reactions, use a gradual taper to discontinue lorazepam or reduce the dosage (a patient-specific plan should be used to taper the dose) (see
 
  <content styleCode="bold">
                        <linkHtml href="#LINK_208a4e47-0054-4196-a67e-19dcea5a4b86">DOSAGE AND ADMINISTRATION: Discontinuation or Dosage Reduction of Lorazepam Tablets</linkHtml>
                     </content>).

 </paragraph>
                  <paragraph>Patients at an increased risk of withdrawal adverse reactions after benzodiazepine discontinuation or rapid dosage reduction include those who take higher dosages, and those who have had longer durations of use.</paragraph>
                  <paragraph>
                     <content styleCode="underline">Acute Withdrawal Reactions</content>
                  </paragraph>
                  <paragraph>The continued use of benzodiazepines, including lorazepam, may lead to clinically significant physical dependence. Abrupt discontinuation or rapid dosage reduction of lorazepam after continued use, or administration of flumazenil (a benzodiazepine antagonist) may precipitate acute withdrawal reactions, which can be life-threatening (e.g., seizures) (see
 
  <content styleCode="bold">
                        <linkHtml href="#LINK_e9722c0c-042e-4cca-b5da-46c8d798cc53">DRUG ABUSE AND DEPENDENCE: Dependence</linkHtml>
                     </content>)
 
  <content styleCode="italics">.</content>
                  </paragraph>
                  <paragraph>
                     <content styleCode="underline">Protracted Withdrawal Syndrome</content>
                  </paragraph>
                  <paragraph>In some cases, benzodiazepine users have developed a protracted withdrawal syndrome with withdrawal symptoms lasting weeks to more than 12 months (see
 
  <content styleCode="bold">
                        <linkHtml href="#LINK_e9722c0c-042e-4cca-b5da-46c8d798cc53">DRUG ABUSE AND DEPENDENCE: Dependence</linkHtml>
                     </content>).

 </paragraph>
                  <paragraph>Pre-existing depression may emerge or worsen during use of benzodiazepines including lorazepam. Lorazepam is not recommended for use in patients with a primary depressive disorder or psychosis.</paragraph>
                  <paragraph>Use of benzodiazepines, including lorazepam, both used alone and in combination with other CNS depressants, may lead to potentially fatal respiratory depression (see
 
  <content styleCode="bold">
                        <linkHtml href="#LINK_1b147a72-52c5-47e7-b523-64865f583ab6">PRECAUTIONS: Drug Interactions</linkHtml>
                     </content>).

 </paragraph>
                  <paragraph>As with all patients on CNS-depressant drugs, patients receiving lorazepam should be warned not to operate dangerous machinery or motor vehicles and that their tolerance for alcohol and other CNS depressants will be diminished.</paragraph>
                  <paragraph>
                     <content styleCode="bold">Neonatal Sedation and Withdrawal Syndrome</content>
                     <br/>
                  </paragraph>
                  <paragraph>Use of lorazepam tablets late in pregnancy can result in sedation (respiratory depression, lethargy, hypotonia) and/or withdrawal symptoms (hyperreflexia, irritability, restlessness, tremors, inconsolable crying, and feeding difficulties) in the neonate (see
 
  <content styleCode="bold">
                        <linkHtml href="#LINK_366c7bfa-2a39-482c-a8fc-37cfa20a61d0">PRECAUTIONS: Pregnancy</linkHtml>
                     </content>). Monitor neonates exposed to lorazepam during pregnancy or labor for signs of sedation and monitor neonates exposed to lorazepam during pregnancy for signs of withdrawal; manage these neonates accordingly.

 </paragraph>
               </text>
               <effectiveTime value="20230731"/>
            </section>
         </component>
         <component>
            <section ID="LINK_8e79f9a5-e37f-44a9-9e83-c02d90a6ab44">
               <id root="01ccf252-e05a-d450-e063-6394a90a4a3d"/>
               <code code="42232-9" codeSystem="2.16.840.1.113883.6.1" displayName="PRECAUTIONS SECTION"/>
               <title>PRECAUTIONS</title>
               <text>
                  <paragraph>In patients with depression, a possibility for suicide should be borne in mind; benzodiazepines should not be used in such patients without adequate antidepressant therapy.</paragraph>
                  <paragraph>Lorazepam should be used with caution in patients with compromised respiratory function (e.g., COPD, sleep apnea syndrome).</paragraph>
                  <paragraph>Elderly or debilitated patients may be more susceptible to the sedative effects of lorazepam. Therefore, these patients should be monitored frequently and have their dosage adjusted carefully according to patient response; the initial dosage should not exceed 2 mg.</paragraph>
                  <paragraph>Paradoxical reactions have been occasionally reported during benzodiazepine use. Such reactions may be more likely to occur in children and the elderly. Should these occur, use of the drug should be discontinued.</paragraph>
                  <paragraph>The usual precautions for treating patients with impaired renal or hepatic function should be observed. As with all benzodiazepines, the use of lorazepam may worsen hepatic encephalopathy; therefore, lorazepam should be used with caution in patients with severe hepatic insufficiency and/or encephalopathy. Dosage for patients with severe hepatic insufficiency should be adjusted carefully according to patient response; lower doses may be sufficient in such patients.</paragraph>
                  <paragraph>In patients where gastrointestinal or cardiovascular disorders coexist with anxiety, it should be noted that lorazepam has not been shown to be of significant benefit in treating the gastrointestinal or cardiovascular component.</paragraph>
                  <paragraph>Esophageal dilation occurred in rats treated with lorazepam for more than 1 year at 6 mg/kg/day. The no- effect dose was 1.25 mg/kg/day (approximately 6 times the maximum human therapeutic dose of 10 mg/day). The effect was reversible only when the treatment was withdrawn within 2 months of first observation of the phenomenon. The clinical significance of this is unknown. However, use of lorazepam for prolonged periods and in geriatric patients requires caution, and there should be frequent monitoring for symptoms of upper GI disease.</paragraph>
                  <paragraph>Safety and effectiveness of lorazepam in children of less than 12 years have not been established.</paragraph>
               </text>
               <effectiveTime value="20230731"/>
               <component>
                  <section ID="LINK_20e36fec-aa5c-4dfd-91b0-4a78b4adbeed">
                     <id root="01ccf252-e05b-d450-e063-6394a90a4a3d"/>
                     <code code="34076-0" codeSystem="2.16.840.1.113883.6.1" displayName="INFORMATION FOR PATIENTS SECTION"/>
                     <title>
                        <content styleCode="bold">Information for Patients</content>
                     </title>
                     <text>
                        <paragraph>Advise the patient to read the FDA-approved patient labeling (Medication Guide).</paragraph>
                        <paragraph>
                           <content styleCode="underline">Risks from Concomitant Use with Opioids</content>
                        </paragraph>
                        <paragraph>Advise both patients and caregivers about the risks of potentially fatal respiratory depression and sedation when lorazepam is used with opioids and not to use such drugs concomitantly unless supervised by a healthcare provider. Advise patients not to drive or operate heavy machinery until the effects of concomitant use with the opioid have been determined (see
 
  <content styleCode="bold">
                              <linkHtml href="#LINK_0af550e3-3f8f-4699-b8b9-798ff090734e">WARNINGS: Risks from Concomitant Use of Opioids</linkHtml>
                           </content>
                           <content styleCode="bold"> and
  
   <linkHtml href="#LINK_1b147a72-52c5-47e7-b523-64865f583ab6">PRECAUTIONS: Drug Interactions</linkHtml>
                           </content>).

 </paragraph>
                        <paragraph>
                           <content styleCode="underline">Abuse, Misuse, and Addiction</content>
                        </paragraph>
                        <paragraph>Inform patients that the use of lorazepam even at recommended doses, exposes users to risks of abuse, misuse, and addiction, which can lead to overdose and death, especially when used in combination with other medications (e.g., opioid analgesics), alcohol, and/or illicit substances. Inform patients about the signs and symptoms of benzodiazepine abuse, misuse, and addiction; to seek medical help if they develop these signs and/or symptoms; and on the proper disposal of unused drug (see
 
  <content styleCode="bold">
                              <linkHtml href="#LINK_0af550e3-3f8f-4699-b8b9-798ff090734e">WARNINGS: Abuse, Misuse, and Addiction</linkHtml>
                           </content>
                           <content styleCode="bold"> and
  
   <linkHtml href="#LINK_e9722c0c-042e-4cca-b5da-46c8d798cc53">DRUG ABUSE AND DEPENDENCE</linkHtml>
                           </content>).

 </paragraph>
                        <paragraph>
                           <content styleCode="underline">Withdrawal Reactions</content>
                        </paragraph>
                        <paragraph>Inform patients that the continued use of lorazepam may lead to clinically significant physical dependence and that abrupt discontinuation or rapid dosage reduction of lorazepam may precipitate acute withdrawal reactions, which can be life-threatening. Inform patients that in some cases, patients taking benzodiazepines have developed a protracted withdrawal syndrome with withdrawal symptoms lasting weeks to more than 12 months. Instruct patients that discontinuation or dosage reduction of lorazepam may require a slow taper (see
 
  <content styleCode="bold">
                              <linkHtml href="#LINK_0af550e3-3f8f-4699-b8b9-798ff090734e">WARNINGS: Dependence and Withdrawal Reactions</linkHtml>
                           </content>
                           <content styleCode="bold"> and
  
   <linkHtml href="#LINK_e9722c0c-042e-4cca-b5da-46c8d798cc53">DRUG ABUSE AND DEPENDENCE</linkHtml>
                           </content>).

 </paragraph>
                        <paragraph>
                           <content styleCode="underline">Pregnancy</content>
                           <br/>
                        </paragraph>
                        <paragraph>Advise pregnant females that use of lorazepam tablets late in pregnancy can result in sedation (respiratory depression, lethargy, hypotonia) and/or withdrawal symptoms (hyperreflexia, irritability, restlessness, tremors, inconsolable crying, and feeding difficulties) in newborns (see
 
  <content styleCode="bold">
                              <linkHtml href="#LINK_0af550e3-3f8f-4699-b8b9-798ff090734e">WARNINGS: Neonatal Sedation and Withdrawal Syndrome</linkHtml> 
 
  </content>
                           <content styleCode="bold">and </content>
                           <content styleCode="bold">
                              <linkHtml href="#LINK_366c7bfa-2a39-482c-a8fc-37cfa20a61d0">PRECAUTIONS: Pregnancy</linkHtml>
                           </content>). Instruct patients to inform their healthcare provider if they are pregnant.

 </paragraph>
                        <paragraph>Advise patients that there is a pregnancy exposure registry that monitors pregnancy outcomes in women exposed to lorazepam during pregnancy (see
 
  <content styleCode="bold">
                              <linkHtml href="#LINK_366c7bfa-2a39-482c-a8fc-37cfa20a61d0">PRECAUTIONS: Pregnancy</linkHtml>
                           </content>). 
  <br/>
                        </paragraph>
                        <paragraph>
                           <content styleCode="underline">Nursing</content>
                           <br/>
                        </paragraph>
                        <paragraph>Instruct patients to notify their healthcare provider if they are breastfeeding or intend to breastfeed. Instruct breastfeeding patients using lorazepam tablets to monitor infants for excessive sedation, poor feeding and poor weight gain, and to seek medical attention if they notice these signs (see
 
  <content styleCode="bold">
                              <linkHtml href="#LINK_a7a9bc54-0d56-4e36-a9be-f3d25657b647">PRECAUTIONS: Nursing Mothers</linkHtml>
                           </content>).

 </paragraph>
                        <paragraph>Repackaged By / Distributed By: RemedyRepack Inc.</paragraph>
                        <paragraph>625 Kolter Drive, Indiana, PA 15701</paragraph>
                        <paragraph>(724) 465-8762</paragraph>
                     </text>
                     <effectiveTime value="20230731"/>
                  </section>
               </component>
               <component>
                  <section ID="LINK_50385f84-df51-4475-9ba8-1df9f343f963">
                     <id root="01ccf252-e05c-d450-e063-6394a90a4a3d"/>
                     <code code="34075-2" codeSystem="2.16.840.1.113883.6.1" displayName="LABORATORY TESTS SECTION"/>
                     <title>
                        <content styleCode="bold">Essential Laboratory Tests</content>
                     </title>
                     <text>
                        <paragraph>Some patients on lorazepam have developed leukopenia, and some have had elevations of LDH. As with other benzodiazepines, periodic blood counts and liver function tests are recommended for patients on long-term therapy.</paragraph>
                     </text>
                     <effectiveTime value="20230731"/>
                  </section>
               </component>
               <component>
                  <section ID="LINK_1b147a72-52c5-47e7-b523-64865f583ab6">
                     <id root="01ccf252-e05d-d450-e063-6394a90a4a3d"/>
                     <code code="34073-7" codeSystem="2.16.840.1.113883.6.1" displayName="DRUG INTERACTIONS SECTION"/>
                     <title>
                        <content styleCode="bold">Drug Interactions</content>
                     </title>
                     <text>
                        <paragraph>The concomitant use of benzodiazepines and opioids increases the risk of respiratory depression because of actions at different receptor sites in the CNS that control respiration. Benzodiazepines interact at GABAA sites and opioids interact primarily at mu receptors. When benzodiazepines and opioids are combined, the potential for benzodiazepines to significantly worsen opioid-related respiratory depression exists. Limit dosage and duration of concomitant use of benzodiazepines and opioids, and monitor patients closely for respiratory depression and sedation.</paragraph>
                        <paragraph>The benzodiazepines, including lorazepam, produce increased CNS-depressant effects when administered with other CNS depressants such as alcohol, barbiturates, antipsychotics, sedative/hypnotics, anxiolytics, antidepressants, narcotic analgesics, sedative antihistamines, anticonvulsants, and anesthetics.</paragraph>
                        <paragraph>Concomitant use of clozapine and lorazepam may produce marked sedation, excessive salivation, hypotension, ataxia, delirium, and respiratory arrest.</paragraph>
                        <paragraph>Concurrent administration of lorazepam with valproate results in increased plasma concentrations and reduced clearance of lorazepam. Lorazepam dosage should be reduced to approximately 50% when coadministered with valproate.</paragraph>
                        <paragraph>Concurrent administration of lorazepam with probenecid may result in a more rapid onset or prolonged effect of lorazepam due to increased half-life and decreased total clearance. Lorazepam dosage needs to be reduced by approximately 50% when coadministered with probenecid.</paragraph>
                        <paragraph>The effects of probenecid and valproate on lorazepam may be due to inhibition of glucuronidation.</paragraph>
                        <paragraph>Administration of theophylline or aminophylline may reduce the sedative effects of benzodiazepines, including lorazepam.</paragraph>
                     </text>
                     <effectiveTime value="20230731"/>
                  </section>
               </component>
               <component>
                  <section ID="LINK_b33f4774-fd86-45ed-90d7-a08e3bcf655e">
                     <id root="01ccf252-e05e-d450-e063-6394a90a4a3d"/>
                     <code code="34083-6" codeSystem="2.16.840.1.113883.6.1" displayName="CARCINOGENESIS &amp; MUTAGENESIS &amp; IMPAIRMENT OF FERTILITY SECTION"/>
                     <title>
                        <content styleCode="bold">Carcinogenesis and Mutagenesis</content>
                     </title>
                     <text>
                        <paragraph>No evidence of carcinogenic potential emerged in rats during an 18-month study with lorazepam. No studies regarding mutagenesis have been performed.</paragraph>
                     </text>
                     <effectiveTime value="20230731"/>
                  </section>
               </component>
               <component>
                  <section ID="LINK_366c7bfa-2a39-482c-a8fc-37cfa20a61d0">
                     <id root="01ccf252-e05f-d450-e063-6394a90a4a3d"/>
                     <code code="42228-7" codeSystem="2.16.840.1.113883.6.1" displayName="PREGNANCY SECTION"/>
                     <title>
                        <content styleCode="bold">Pregnancy</content>
                     </title>
                     <text>
                        <paragraph>
                           <content styleCode="underline">Pregnancy Exposure Registry</content>
                        </paragraph>
                        <paragraph>There is a pregnancy registry that monitors pregnancy outcomes in women exposed to psychiatric medications, including lorazepam tablets, during pregnancy. Healthcare providers are encouraged to register patients by calling the National Pregnancy Registry for Psychiatric Medications at 1-866-961-2388 or visiting online at
 
  <linkHtml href="https://womensmentalhealth.org/research/pregnancyregistry/">https://womensmentalhealth.org/research/pregnancyregistry/</linkHtml>.

 </paragraph>
                        <paragraph>
                           <content styleCode="underline">Risk Summary</content>
                           <br/>
                        </paragraph>
                        <paragraph>Neonates born to mothers using benzodiazepines late in pregnancy have been reported to experience symptoms of sedation and/or neonatal withdrawal (see
 
  <content styleCode="bold">
                              <linkHtml href="#LINK_0af550e3-3f8f-4699-b8b9-798ff090734e">WARNINGS: Neonatal Sedation and Withdrawal Syndrome</linkHtml> 
 
  </content>and
 
  <content styleCode="italics">
                              <linkHtml href="#LINK_366c7bfa-2a39-482c-a8fc-37cfa20a61d0">Clinical Considerations</linkHtml>
                           </content>). Available data from published observational studies of pregnant women exposed to benzodiazepines do not report a clear association with benzodiazepines and major birth defects
 
  <content styleCode="italics">(see Data)</content>.

 </paragraph>
                        <paragraph>The background risk of major birth defects and miscarriage for the indicated population is unknown. All pregnancies have a background risk of birth defect, loss, or other adverse outcomes. In the U.S. general population, the estimated risk of major birth defects and of miscarriage in clinically recognized pregnancies is 2% to 4% and 15% to 20%, respectively. 
  <br/>
                        </paragraph>
                        <paragraph>
                           <content styleCode="underline">Clinical Considerations</content>
                           <br/>
                        </paragraph>
                        <paragraph>
                           <content styleCode="italics">Fetal/Neonatal Adverse Reactions</content>
                        </paragraph>
                        <paragraph>Benzodiazepines cross the placenta and may produce respiratory depression, hypotonia and sedation in neonates. Monitor neonates exposed to lorazepam during pregnancy or labor for signs of sedation, respiratory depression, hypotonia, and feeding problems. Monitor neonates exposed to lorazepam during pregnancy for signs of withdrawal. Manage these neonates accordingly (see
 
  <content styleCode="bold">
                              <linkHtml href="#LINK_0af550e3-3f8f-4699-b8b9-798ff090734e">WARNINGS: Neonatal Sedation and Withdrawal Syndrome</linkHtml>
                           </content>).

 </paragraph>
                        <paragraph>
                           <content styleCode="underline">Data</content>
                           <br/>
                        </paragraph>
                        <paragraph>
                           <content styleCode="italics">Human Data</content>
                        </paragraph>
                        <paragraph>Published data from observational studies on the use of benzodiazepines during pregnancy do not report a clear association with benzodiazepines and major birth defects. Although early studies reported an increased risk of congenital malformations with diazepam and chlordiazepoxide, there was no consistent pattern noted. In addition, the majority of more recent case-control and cohort studies of benzodiazepine use during pregnancy, which were adjusted for confounding exposures to alcohol, tobacco and other medications, have not confirmed these findings.</paragraph>
                        <paragraph>
                           <content styleCode="italics">Animal Data</content>
                           <br/>
                        </paragraph>
                        <paragraph>Reproductive studies in animals were performed in mice, rats, and two strains of rabbits. Occasional anomalies (reduction of tarsals, tibia, metatarsals, malrotated limbs, gastroschisis, malformed skull, and microphthalmia) were seen in drug-treated rabbits without relationship to dosage. Although all of these anomalies were not present in the concurrent control group, they have been reported to occur randomly in historical controls. At doses of 40 mg/kg and higher, there was evidence of fetal resorption and increased fetal loss in rabbits which was not seen at lower doses.</paragraph>
                     </text>
                     <effectiveTime value="20230731"/>
                  </section>
               </component>
               <component>
                  <section ID="LINK_a7a9bc54-0d56-4e36-a9be-f3d25657b647">
                     <id root="01ccf252-e060-d450-e063-6394a90a4a3d"/>
                     <code code="34080-2" codeSystem="2.16.840.1.113883.6.1" displayName="NURSING MOTHERS SECTION"/>
                     <title>
                        <content styleCode="bold">Nursing Mothers</content>
                     </title>
                     <text>
                        <paragraph>
                           <content styleCode="underline">Risk Summary</content>
                        </paragraph>
                        <paragraph>Lorazepam is present in breast milk. There are reports of sedation, poor feeding and poor weight gain in infants exposed to benzodiazepines through breast milk. The effects of lorazepam on milk production are unknown. The developmental and health benefits of breastfeeding should be considered along with the mother’s clinical need for lorazepam tablets and any potential adverse effects on the breastfed infant from lorazepam or from the underlying maternal condition.</paragraph>
                        <paragraph>
                           <content styleCode="underline">Clinical Considerations</content>
                        </paragraph>
                        <paragraph>Infants exposed to lorazepam through breast milk should be monitored for sedation, poor feeding and poor weight gain.</paragraph>
                     </text>
                     <effectiveTime value="20230731"/>
                  </section>
               </component>
               <component>
                  <section ID="LINK_44d123c0-03dd-40bb-b61e-777b16ee2702">
                     <id root="01ccf252-e061-d450-e063-6394a90a4a3d"/>
                     <code code="34082-8" codeSystem="2.16.840.1.113883.6.1" displayName="GERIATRIC USE SECTION"/>
                     <title>
                        <content styleCode="bold">Geriatric Use</content>
                     </title>
                     <text>
                        <paragraph>Clinical studies of lorazepam generally were not adequate to determine whether subjects aged 65 and over respond differently than younger subjects; however, the incidence of sedation and unsteadiness was observed to increase with age (see
 
  <content styleCode="bold">
                              <linkHtml href="#LINK_e68365cd-99c9-4f53-bbfb-fa3ade8254e8">ADVERSE REACTIONS</linkHtml>
                           </content>).

 </paragraph>
                        <paragraph>Age does not appear to have a significant effect on lorazepam kinetics (see
 
  <content styleCode="bold">
                              <linkHtml href="#LINK_d0fc4333-4321-4c9a-887e-af986ccd62a9">CLINICAL PHARMACOLOGY</linkHtml>
                           </content>).

 </paragraph>
                        <paragraph>Clinical circumstances, some of which may be more common in the elderly, such as hepatic or renal impairment, should be considered. Greater sensitivity (e.g., sedation) of some older individuals cannot be ruled out. In general, dose selection for an elderly patient should be cautious, and lower doses may be sufficient in these patients (see
 
  <content styleCode="bold">
                              <linkHtml href="#LINK_208a4e47-0054-4196-a67e-19dcea5a4b86">DOSAGE AND ADMINISTRATION</linkHtml>
                           </content>).

 </paragraph>
                     </text>
                     <effectiveTime value="20230731"/>
                  </section>
               </component>
            </section>
         </component>
         <component>
            <section ID="LINK_e68365cd-99c9-4f53-bbfb-fa3ade8254e8">
               <id root="01ccf252-e062-d450-e063-6394a90a4a3d"/>
               <code code="34084-4" codeSystem="2.16.840.1.113883.6.1" displayName="ADVERSE REACTIONS SECTION"/>
               <title>ADVERSE REACTIONS</title>
               <text>
                  <paragraph>Most adverse reactions to benzodiazepines, including CNS effects and respiratory depression, are dose dependent, with more severe effects occurring with high doses.</paragraph>
                  <paragraph>In a sample of about 3500 patients treated for anxiety, the most frequent adverse reaction to lorazepam was sedation (15.9%), followed by dizziness (6.9%), weakness (4.2%), and unsteadiness (3.4%). The incidence of sedation and unsteadiness increased with age.</paragraph>
                  <paragraph>Other adverse reactions to benzodiazepines, including lorazepam are fatigue, drowsiness, amnesia, memory impairment, confusion, disorientation, depression, unmasking of depression, disinhibition, euphoria, suicidal ideation/attempt, ataxia, asthenia, extrapyramidal symptoms, convulsions/seizures, tremor, vertigo, eye function/visual disturbance (including diplopia and blurred vision), dysarthria/slurred speech, change in libido, impotence, decreased orgasm; headache, coma; respiratory depression, apnea, worsening of sleep apnea, worsening of obstructive pulmonary disease; gastrointestinal symptoms including nausea, change in appetite, constipation, jaundice, increase in bilirubin, increase in liver transaminases, increase in alkaline phosphatase; hypersensitivity reactions, anaphylactoid reactions; dermatological symptoms, allergic skin reactions, alopecia; syndrome of inappropriate antidiuretic hormone (SIADH), hyponatremia; thrombocytopenia, agranulocytosis, pancytopenia; hypothermia; and autonomic manifestations.</paragraph>
                  <paragraph>Paradoxical reactions, including anxiety, excitation, agitation, hostility, aggression, rage, sleep disturbances/insomnia, sexual arousal, and hallucinations may occur. Small decreases in blood pressure and hypotension may occur but are usually not clinically significant, probably being related to the relief of anxiety produced by lorazepam.</paragraph>
                  <paragraph>
                     <content styleCode="bold">To report SUSPECTED ADVERSE REACTIONS, contact Teva at 1-888-838-2872 or FDA at 1-800-FDA-1088 or www.fda.gov/medwatch.</content>
                  </paragraph>
               </text>
               <effectiveTime value="20230731"/>
            </section>
         </component>
         <component>
            <section ID="LINK_e9722c0c-042e-4cca-b5da-46c8d798cc53">
               <id root="01ccf252-e063-d450-e063-6394a90a4a3d"/>
               <code code="42227-9" codeSystem="2.16.840.1.113883.6.1" displayName="DRUG ABUSE AND DEPENDENCE SECTION"/>
               <title>DRUG ABUSE AND DEPENDENCE</title>
               <text>
                  <paragraph>
                     <content styleCode="bold">Controlled Substance</content>
                  </paragraph>
                  <paragraph>Lorazepam tablets contain lorazepam, a Schedule IV controlled substance.</paragraph>
                  <paragraph>
                     <content styleCode="bold">Abuse</content>
                  </paragraph>
                  <paragraph>Lorazepam tablets are a benzodiazepine and a CNS depressant with a potential for abuse and addiction. Abuse is the intentional, non-therapeutic use of a drug, even once, for its desirable psychological or physiological effects. Misuse is the intentional use, for therapeutic purposes, of a drug by an individual in a way other than prescribed by a healthcare provider or for whom it was not prescribed. Drug addiction is a cluster of behavioral, cognitive, and physiological phenomena that may include a strong desire to take the drug, difficulties in controlling drug use (e.g., continuing drug use despite harmful consequences, giving a higher priority to drug use than other activities and obligations), and possible tolerance or physical dependence. Even taking benzodiazepines as prescribed may put patients at risk for abuse and misuse of their medication. Abuse and misuse of benzodiazepines may lead to addiction.</paragraph>
                  <paragraph>Abuse and misuse of benzodiazepines often (but not always) involve the use of doses greater than the maximum recommended dosage and commonly involve concomitant use of other medications, alcohol, and/or illicit substances, which is associated with an increased frequency of serious adverse outcomes, including respiratory depression, overdose, or death. Benzodiazepines are often sought by individuals who abuse drugs and other substances, and by individuals with addictive disorders (see
 
  <content styleCode="bold">
                        <linkHtml href="#LINK_0af550e3-3f8f-4699-b8b9-798ff090734e">WARNINGS: Abuse, Misuse, and Addiction</linkHtml>
                     </content>).

 </paragraph>
                  <paragraph>The following adverse reactions have occurred with benzodiazepine abuse and/or misuse: abdominal pain, amnesia, anorexia, anxiety, aggression, ataxia, blurred vision, confusion, depression, disinhibition, disorientation, dizziness, euphoria, impaired concentration and memory, indigestion, irritability, muscle pain, slurred speech, tremors, and vertigo.</paragraph>
                  <paragraph>The following severe adverse reactions have occurred with benzodiazepine abuse and/or misuse: delirium, paranoia, suicidal ideation and behavior, seizures, coma, breathing difficulty, and death. Death is more often associated with polysubstance use (especially benzodiazepines with other CNS depressants such as opioids and alcohol).</paragraph>
                  <paragraph>
                     <content styleCode="bold">Dependence</content>
                  </paragraph>
                  <paragraph>
                     <content styleCode="underline">Physical Dependence</content>
                  </paragraph>
                  <paragraph>Lorazepam tablets may produce physical dependence from continued therapy. Physical dependence is a state that develops as a result of physiological adaptation in response to repeated drug use, manifested by withdrawal signs and symptoms after abrupt discontinuation or a significant dose reduction of a drug. Abrupt discontinuation or rapid dosage reduction of benzodiazepines or administration of flumazenil, a benzodiazepine antagonist, may precipitate acute withdrawal reactions, including seizures, which can be life-threatening. Patients at an increased risk of withdrawal adverse reactions after benzodiazepine discontinuation or rapid dosage reduction include those who take higher dosages (i.e., higher and/or more frequent doses) and those who have had longer durations of use (see
 
  <content styleCode="bold">
                        <linkHtml href="#LINK_0af550e3-3f8f-4699-b8b9-798ff090734e">WARNINGS: Dependence and Withdrawal Reactions</linkHtml>
                     </content>)
 
  <content styleCode="italics">.</content>
                  </paragraph>
                  <paragraph>To reduce the risk of withdrawal reactions, use a gradual taper to discontinue lorazepam tablets or reduce the dosage (see
 
  <linkHtml href="#LINK_208a4e47-0054-4196-a67e-19dcea5a4b86">D</linkHtml>
                     <content styleCode="bold">
                        <linkHtml href="#LINK_208a4e47-0054-4196-a67e-19dcea5a4b86">OSAGE AND ADMINISTRATION: Discontinuation or Dosage Reduction of lorazepam tablets</linkHtml>
                     </content>
                     <content styleCode="bold"> and
  
   <linkHtml href="#LINK_0af550e3-3f8f-4699-b8b9-798ff090734e">WARNINGS</linkHtml>
                     </content>)
 
  <content styleCode="italics">.</content>
                  </paragraph>
                  <paragraph>
                     <content styleCode="italics">Acute Withdrawal Signs and Symptoms</content>
                  </paragraph>
                  <paragraph>Acute withdrawal signs and symptoms associated with benzodiazepines have included abnormal involuntary movements, anxiety, blurred vision, depersonalization, depression, derealization, dizziness, fatigue, gastrointestinal adverse reactions (e.g., nausea, vomiting, diarrhea, weight loss, decreased appetite), headache, hyperacusis, hypertension, irritability, insomnia, memory impairment, muscle pain and stiffness, panic attacks, photophobia, restlessness, tachycardia, and tremor. More severe acute withdrawal signs and symptoms, including life-threatening reactions, have included catatonia, convulsions, delirium tremens, depression, hallucinations, mania, psychosis, seizures and suicidality.</paragraph>
                  <paragraph>
                     <content styleCode="italics">Protracted Withdrawal Syndrome</content>
                  </paragraph>
                  <paragraph>Protracted withdrawal syndrome associated with benzodiazepines is characterized by anxiety, cognitive impairment, depression, insomnia, formication, motor symptoms (e.g., weakness, tremor, muscle twitches), paresthesia, and tinnitus that persists beyond 4 to 6 weeks after initial benzodiazepine withdrawal. Protracted withdrawal symptoms may last weeks to more than 12 months. As a result, there may be difficulty in differentiating withdrawal symptoms from potential re-emergence or continuation of symptoms for which the benzodiazepine was being used.</paragraph>
                  <paragraph>
                     <content styleCode="underline">Tolerance</content>
                  </paragraph>
                  <paragraph>Tolerance to lorazepam tablets may develop from continued therapy. Tolerance is a physiological state characterized by a reduced response to a drug after repeated administration (i.e., a higher dose of a drug is required to produce the same effect that was once obtained at a lower dose). Tolerance to the therapeutic effect of lorazepam tablets may develop; however, little tolerance develops to the amnestic reactions and other cognitive impairments caused by benzodiazepines. 
  <br/>
                  </paragraph>
               </text>
               <effectiveTime value="20230731"/>
            </section>
         </component>
         <component>
            <section ID="LINK_4688e8a6-2a72-4488-90c8-74eee710ed74">
               <id root="01ccf252-e064-d450-e063-6394a90a4a3d"/>
               <code code="34088-5" codeSystem="2.16.840.1.113883.6.1" displayName="OVERDOSAGE SECTION"/>
               <title>
                  <content styleCode="bold">OVERDOSAGE</content>
               </title>
               <text>
                  <paragraph>Overdosage of benzodiazepines is characterized by central nervous system depression ranging from drowsiness to coma. In mild to moderate cases, symptoms can include drowsiness, confusion, dysarthria, lethargy, hypnotic state, diminished reflexes, ataxia, and hypotonia. Rarely, paradoxical or disinhibitory reactions (including agitation, irritability, impulsivity, violent behavior, confusion, restlessness, excitement, and talkativeness) may occur. In severe overdosage cases, patients may develop respiratory depression and coma. Overdosage of benzodiazepines in combination with other CNS depressants (including alcohol and opioids) may be fatal (see
 
  <content styleCode="bold">
                        <linkHtml href="#LINK_0af550e3-3f8f-4699-b8b9-798ff090734e">WARNINGS: Abuse, Misuse, and Addiction</linkHtml>
                     </content>). Markedly abnormal (lowered or elevated) blood pressure, heart rate, or respiratory rate raise the concern that additional drugs and/or alcohol are involved in the overdosage.

 </paragraph>
                  <paragraph>In managing benzodiazepine overdosage, employ general supportive measures, including intravenous fluids and airway management. Flumazenil, a specific benzodiazepine receptor antagonist indicated for the complete or partial reversal of the sedative effects of benzodiazepines in the management of benzodiazepine overdosage, can lead to withdrawal and adverse reactions, including seizures, particularly in the context of mixed overdosage with drugs that increase seizure risk (e.g., tricyclic and tetracyclic antidepressants) and in patients with long-term benzodiazepine use and physical dependency. The risk of withdrawal seizures with flumazenil use may be increased in patients with epilepsy. Flumazenil is contraindicated in patients who have received a benzodiazepine for control of a potentially life-threatening condition (e.g., status epilepticus). If the decision is made to use flumazenil, it should be used as an adjunct to, not as a substitute for, supportive management of benzodiazepine overdosage. See the flumazenil injection Prescribing Information. 
  <br/>
                  </paragraph>
                  <paragraph>Consider contacting the Poison Help line (1-800-222-1222) or a medical toxicologist for additional overdosage management recommendations. 
  <br/>
                  </paragraph>
               </text>
               <effectiveTime value="20230731"/>
            </section>
         </component>
         <component>
            <section ID="LINK_208a4e47-0054-4196-a67e-19dcea5a4b86">
               <id root="01ccf252-e065-d450-e063-6394a90a4a3d"/>
               <code code="34068-7" codeSystem="2.16.840.1.113883.6.1" displayName="DOSAGE &amp; ADMINISTRATION SECTION"/>
               <title>DOSAGE AND ADMINISTRATION</title>
               <text>
                  <paragraph>Lorazepam tablets are administered orally. For optimal results, dose, frequency of administration, and duration of therapy should be individualized according to patient response. To facilitate this, 0.5 mg, 1 mg, and 2 mg tablets are available.</paragraph>
                  <paragraph>The usual range is 2 to 6 mg/day given in divided doses, the largest dose being taken before bedtime, but the daily dosage may vary from 1 to 10 mg/day.</paragraph>
                  <paragraph>For anxiety, most patients require an initial dose of 2 to 3 mg/day given two times a day or three times a day.</paragraph>
                  <paragraph>For insomnia due to anxiety or transient situational stress, a single daily dose of 2 to 4 mg may be given, usually at bedtime.</paragraph>
                  <paragraph>For elderly or debilitated patients, an initial dosage of 1 to 2 mg/day in divided doses is recommended, to be adjusted as needed and tolerated.</paragraph>
                  <paragraph>The dosage of lorazepam tablets should be increased gradually when needed to help avoid adverse effects. When higher dosage is indicated, the evening dose should be increased before the daytime doses.</paragraph>
                  <paragraph>
                     <content styleCode="bold">Discontinuation or Dosage Reduction of Lorazepam Tablets</content>
                  </paragraph>
                  <paragraph>To reduce the risk of withdrawal reactions, use a gradual taper to discontinue lorazepam tablets or reduce the dosage. If a patient develops withdrawal reactions, consider pausing the taper or increasing the dosage to the previous tapered dosage level. Subsequently decrease the dosage more slowly (see
 
  <content styleCode="bold">
                        <linkHtml href="#LINK_0af550e3-3f8f-4699-b8b9-798ff090734e">WARNINGS: Dependence and Withdrawal Reactions</linkHtml>
                     </content>
                     <content styleCode="bold"> and
  
   <linkHtml href="#LINK_e9722c0c-042e-4cca-b5da-46c8d798cc53">DRUG ABUSE AND DEPENDENCE: Dependence</linkHtml>
                     </content>).

 </paragraph>
               </text>
               <effectiveTime value="20230731"/>
            </section>
         </component>
         <component>
            <section ID="LINK_934dadcf-4b49-4f85-a07a-0911eb08c9bf">
               <id root="01ccf252-e066-d450-e063-6394a90a4a3d"/>
               <code code="34069-5" codeSystem="2.16.840.1.113883.6.1" displayName="HOW SUPPLIED SECTION"/>
               <title>HOW SUPPLIED</title>
               <text>
                  <paragraph>Lorazepam Tablets, USP are available in the following dosage strengths:</paragraph>
                  <paragraph>1 mg: white to off-white, scored on both sides, round flat faced beveled edge tablet, debossed with TV over 1 on one side and 1 over R on the other side, supplied in</paragraph>
                  <paragraph>NDC: 70518-3423-00</paragraph>
                  <paragraph>NDC: 70518-3423-01</paragraph>
                  <paragraph>PACKAGING: 30 in 1 BLISTER PACK</paragraph>
                  <paragraph>PACKAGING: 30 In 1 BLISTER PACK</paragraph>
                  <paragraph/>
                  <paragraph>Store at 20° to 25°C (68° to 77°F) [See USP Controlled Room Temperature].</paragraph>
                  <paragraph>Dispense in a tight, light-resistant container as defined in the USP.</paragraph>
                  <paragraph/>
                  <paragraph>Repackaged and Distributed By:</paragraph>
                  <paragraph>Remedy Repack, Inc.</paragraph>
                  <paragraph>625 Kolter Dr. Suite #4 Indiana, PA 1-724-465-8762</paragraph>
                  <paragraph/>
               </text>
               <effectiveTime value="20230731"/>
            </section>
         </component>
         <component>
            <section ID="LINK_a2ea22ee-3500-43c7-a88e-c7908c3aec1a">
               <id root="01ccdcb1-7fd4-a650-e063-6394a90aaa69"/>
               <code code="42231-1" codeSystem="2.16.840.1.113883.6.1" displayName="SPL MEDGUIDE SECTION"/>
               <text>
                  <paragraph/>
                  <table width="778.2px">
                     <colgroup>
                        <col/>
                     </colgroup>
                     <tbody>
                        <tr>
                           <td align="center" styleCode="Botrule Toprule Lrule Rrule" valign="bottom">
                              <paragraph>
                                 <content styleCode="bold">MEDICATION GUIDE </content>
                                 <br/>
                                 <content styleCode="bold">Lorazepam (lor azʹ e pam) </content>
                                 <br/>
                                 <content styleCode="bold">Tablets C-IV</content>
                              </paragraph>
                           </td>
                        </tr>
                        <tr>
                           <td styleCode="Botrule Toprule Lrule Rrule">
                              <paragraph>
                                 <content styleCode="bold">What is the most important information I should know about lorazepam tablets?</content>
                              </paragraph>
                              <list listType="unordered" styleCode="Disc">
                                 <item>
                                    <content styleCode="bold">Lorazepam is a benzodiazepine medicine. Taking benzodiazepines with opioid medicines, alcohol, or other central nervous system depressants (including street drugs) can cause severe drowsiness, breathing problems (respiratory depression), coma and death. </content>Get emergency help right away if any of the following happens:
      </item>
                                 <item>shallow or slowed breathing</item>
                                 <item>breathing stops (which may lead to the heart stopping)</item>
                                 <item>excessive sleepiness (sedation)</item>
                              </list>
                              <paragraph>Do not drive or operate heavy machinery until you know how taking lorazepam tablets with opioids affects you.</paragraph>
                              <list listType="unordered" styleCode="Disc">
                                 <item>
                                    <content styleCode="bold">Risk of abuse, misuse, and addiction.</content>There is a risk of abuse, misuse, and addiction with benzodiazepines including lorazepam tablets which can lead to overdose and serious side effects including coma and death.

				
       <list listType="unordered" styleCode="Circle">
                                       <item>
                                          <content styleCode="bold">Serious side effects including coma and death have happened in people who have abused or misused benzodiazepines, including</content>lorazepam tablets. These serious side effects may also include delirium, paranoia, suicidal thoughts or actions, seizures, and difficulty breathing. 
         <content styleCode="bold">Call your healthcare provider or go to the nearest hospital emergency room right away if you get any of these serious side effects.</content>
                                       </item>
                                       <item>
                                          <content styleCode="bold">You can develop an addiction even if you take</content>
                                          <content styleCode="bold">lorazepam tablets exactly as prescribed by your healthcare provider.</content>
                                       </item>
                                       <item>
                                          <content styleCode="bold">Take</content>
                                          <content styleCode="bold">lorazepam tablets exactly as your healthcare provider prescribed.</content>
                                       </item>
                                       <item>Do not share your lorazepam tablets with other people.</item>
                                       <item>Keep lorazepam tablets in a safe place and away from children.</item>
                                    </list>
                                 </item>
                                 <item>
                                    <content styleCode="bold">Physical dependence and withdrawal reactions.</content>Lorazepam tablets can cause physical dependence and withdrawal reactions.
      </item>
                              </list>
                              <list listType="unordered" styleCode="Circle">
                                 <item>
                                    <content styleCode="bold">Do not suddenly stop taking</content>lorazepam tablets 
       <content styleCode="bold">.</content>Stopping lorazepam tablets suddenly can cause serious and life-threatening side effects, including, unusual movements, responses or expressions, seizures, sudden and severe mental or nervous system changes, depression, seeing or hearing things that others do not see or hear, an extreme increase in activity or talking, losing touch with reality, and suicidal thoughts or actions. 
       <content styleCode="bold">Call your healthcare provider or go to the nearest hospital emergency room right away if you get any of these symptoms.</content>
                                 </item>
                                 <item>
                                    <content styleCode="bold">Some people who suddenly stop benzodiazepines have symptoms that can last for several weeks to more than 12 months,</content>including anxiety, trouble remembering, learning, or concentrating, depression, problems sleeping, feeling like insects are crawling under your skin, weakness, shaking, muscle twitching, burning or prickling feeling in your hands, arms, legs or feet, and ringing in your ears.
      </item>
                                 <item>
                                    <content styleCode="bold">Physical dependence is not the same as drug addiction. Your healthcare provider can tell you more about the differences between physical dependence and drug addiction.</content>
                                 </item>
                              </list>
                              <list listType="unordered">
                                 <item>
                                    <content styleCode="bold">Do not take more lorazepam tablets than prescribed or take lorazepam tablets for longer than prescribed.</content>
                                 </item>
                              </list>
                           </td>
                        </tr>
                        <tr>
                           <td styleCode="Botrule Toprule Lrule Rrule">
                              <paragraph>
                                 <content styleCode="bold">What are lorazepam tablets?</content>
                              </paragraph>
                              <list listType="unordered">
                                 <item>Lorazepam tablets are a prescription medicine used:
       <br/>
				º to treat anxiety disorders
       <br/>
				º for the short-term relief of the symptoms of anxiety or anxiety that can happen with symptoms of depression
      </item>
                                 <item>
                                    <content styleCode="bold">Lorazepam tablets are a federal controlled substance (CIV) because they 
        <content styleCode="bold">contain lorazepam that </content>can be abused or lead to dependence. 
       </content>Keep lorazepam tablets in a safe place to prevent misuse and abuse. Selling or giving away lorazepam tablets may harm others, and is against the law. Tell your healthcare provider if you have abused or been dependent on alcohol, prescription medicines or street drugs.
      </item>
                                 <item>It is not known if lorazepam tablets are safe and effective for use in children less than 12 years of age.</item>
                                 <item>It is not known if lorazepam tablets are safe and effective for use for longer than 4 months.</item>
                              </list>
                           </td>
                        </tr>
                        <tr>
                           <td styleCode="Botrule Toprule Lrule Rrule">
                              <paragraph>
                                 <content styleCode="bold">Do not take lorazepam tablets if you:</content>
                              </paragraph>
                              <list listType="unordered">
                                 <item>are allergic to lorazepam, other benzodiazepines, or any of the ingredients in lorazepam tablets. See the end of this Medication Guide for a complete list of ingredients in lorazepam tablets.</item>
                              </list>
                           </td>
                        </tr>
                        <tr>
                           <td styleCode="Botrule Toprule Lrule Rrule">
                              <paragraph>
                                 <content styleCode="bold">Before you take lorazepam tablets, tell your healthcare provider about all of your medical conditions, including if you:</content>
                              </paragraph>
                              <list listType="unordered" styleCode="Disc">
                                 <item>have or have had depression, mood problems, or suicidal thoughts or behavior</item>
                                 <item>have a history of drug or alcohol abuse or addiction</item>
                                 <item>have lung disease or breathing problems (such as COPD, sleep apnea syndrome)</item>
                                 <item>have liver or kidney problems</item>
                                 <item>have or have had seizures</item>
                                 <item>are pregnant or plan to become pregnant.
				
       <list listType="unordered" styleCode="Disc">
                                       <item>Taking lorazepam tablets late in pregnancy may cause your baby to have symptoms of sedation (breathing problems, sluggishness, low muscle tone), and/or withdrawal symptoms (jitteriness, irritability, restlessness, shaking, excessive crying, feeding problems).</item>
                                       <item>Tell your healthcare provider right away if you become pregnant or think you are pregnant during treatment with lorazepam tablets.</item>
                                       <item>There is a pregnancy registry for women who take lorazepam tablets during pregnancy. The purpose of the registry is to collect information about the health of you and your baby. If you become pregnant during treatment with lorazepam tablets, talk to your healthcare provider about registering with the National Pregnancy Registry for Psychiatric Medications. You can register by calling 1-866-961-2388 or visiting https://womensmentalhealth.org/pregnancyregistry/.</item>
                                    </list>
                                 </item>
                                 <item>are breastfeeding or plan to breastfeed. Lorazepam passes into your breast milk.
				
       <list listType="unordered" styleCode="Disc">
                                       <item>Breastfeeding during treatment with lorazepam tablets may cause your baby to have sleepiness, feeding problems, and decreased weight gain.</item>
                                       <item>Talk to your healthcare provider about the best way to feed your baby if you take lorazepam tablets.</item>
                                    </list>
                                 </item>
                              </list>
                              <paragraph>
                                 <content styleCode="bold">Tell your healthcare provider about all the medicines you take</content>, including prescription and over-the-counter medicines, vitamins, and herbal supplements.
     </paragraph>
                              <paragraph>Taking lorazepam tablets with certain other medicines can cause side effects or affect how well lorazepam tablets or the other medicines work. Do not start or stop other medicines without talking to your healthcare provider.</paragraph>
                           </td>
                        </tr>
                        <tr>
                           <td styleCode="Botrule Toprule Lrule Rrule">
                              <paragraph>
                                 <content styleCode="bold">How should I take lorazepam tablets? </content>
                              </paragraph>
                              <list listType="unordered">
                                 <item>Take lorazepam tablets exactly as your healthcare provider tells you to take them. Your healthcare provider will tell you how many lorazepam tablets to take and when to take them.</item>
                                 <item>If you take too many lorazepam tablets, call your healthcare provider or go to the nearest hospital emergency room right away.</item>
                              </list>
                           </td>
                        </tr>
                        <tr>
                           <td styleCode="Botrule Toprule Lrule Rrule">
                              <paragraph>
                                 <content styleCode="bold">What are the possible side effects of lorazepam tablets?</content>
                              </paragraph>
                              <paragraph>
                                 <content styleCode="bold">Lorazepam tablets may cause serious side effects, including:</content>
                              </paragraph>
                              <list listType="unordered" styleCode="Disc">
                                 <item>
                                    <content styleCode="bold">See “What is the most important information I should know about lorazepam tablets?”</content>
                                 </item>
                                 <item>
                                    <content styleCode="bold">
                                       <content styleCode="bold">Lorazepam tablets can make you sleepy or dizzy and can slow your thinking and motor skills. </content>
                                    </content>
                                 </item>
                              </list>
                              <list listType="unordered" styleCode="Circle">
                                 <item>Do not drive, operate heavy machinery, or do other dangerous activities until you know how lorazepam tablets affects you.</item>
                                 <item>
                                    <content styleCode="bold">
                                       <content styleCode="bold">
                                          <content styleCode="bold">Do not drink alcohol or take other drugs that may make you sleepy or dizzy while taking</content>
                                          <content styleCode="bold">lorazepam tablets without first talking to your healthcare provider.</content>
                                       </content>
                                    </content>When taken with alcohol or drugs that cause sleepiness or dizziness, lorazepam tablets may make your sleepiness or dizziness much worse. 
      </item>
                              </list>
                              <list listType="unordered">
                                 <item>
                                    <content styleCode="bold">Depression.</content>Pre-existing depression may emerge or worsen during use of benzodiazepines including lorazepam tablets.
      </item>
                              </list>
                              <paragraph>
                                 <content styleCode="bold">The most common side effects of lorazepam tablets include:</content>
                              </paragraph>
                              <list listType="unordered">
                                 <item>sedation        • dizziness</item>
                              </list>
                              <list listType="unordered" styleCode="Disc">
                                 <item>weakness     • unsteadiness</item>
                              </list>
                              <paragraph>These are not all the possible side effects of lorazepam tablets. Call your doctor for medical advice about side effects. You may report side effects to FDA at 1-800-FDA-1088.</paragraph>
                           </td>
                        </tr>
                        <tr>
                           <td styleCode="Botrule Toprule Lrule Rrule">
                              <content styleCode="bold">How should I store lorazepam tablets?</content>
                              <list listType="unordered" styleCode="Disc">
                                 <item>Store lorazepam tablets in a tightly closed container at 68° to 77°F (20° to 25°C).</item>
                                 <item>
                                    <content styleCode="bold">Keep lorazepam tablets and all medicines out of the reach of children.</content>
                                 </item>
                              </list>
                           </td>
                        </tr>
                        <tr>
                           <td styleCode="Botrule Toprule Lrule Rrule">
                              <content styleCode="bold">General information about the safe and effective use of lorazepam tablets </content>
                              <br/>
			Medicines are sometimes prescribed for purposes other than those listed in a Medication Guide. Do not use lorazepam tablets for a condition for which it was not prescribed. Do not give lorazepam tablets to other people, even if they have the same symptoms that you have. It may harm them. You can ask your pharmacist or healthcare provider for information about lorazepam tablets that is written for health professionals.
    </td>
                        </tr>
                        <tr>
                           <td styleCode="Botrule Toprule Lrule Rrule">
                              <content styleCode="bold">What are the ingredients in lorazepam tablets?</content>
                              <paragraph>
                                 <content styleCode="bold">Active ingredient:</content>lorazepam
     </paragraph>
                              <content styleCode="bold">Inactive ingredients:</content>lactose monohydrate, magnesium stearate, microcrystalline cellulose, and polacrilin potassium
    </td>
                        </tr>
                        <tr>
                           <td styleCode="Botrule Toprule Lrule Rrule">
                              <paragraph/>
                           </td>
                        </tr>
                     </tbody>
                  </table>
                  <paragraph>This Medication Guide has been approved by the U.S. Food and Drug Administration.                                 Rev. D 6/2023</paragraph>
                  <paragraph>Repackaged By / Distributed By: RemedyRepack Inc.</paragraph>
                  <paragraph>625 Kolter Drive, Indiana, PA 15701</paragraph>
                  <paragraph>(724) 465-8762</paragraph>
               </text>
               <effectiveTime value="20230731"/>
            </section>
         </component>
         <component>
            <section ID="id_link_01ccf2e3-a017-49b9-e063-6394a90afe11">
               <id root="01ccf2e3-a016-49b9-e063-6394a90afe11"/>
               <code code="51945-4" codeSystem="2.16.840.1.113883.6.1" displayName="PACKAGE LABEL.PRINCIPAL DISPLAY PANEL"/>
               <text>
                  <paragraph>DRUG: Lorazepam</paragraph>
                  <paragraph>GENERIC: Lorazepam</paragraph>
                  <paragraph>DOSAGE: TABLET</paragraph>
                  <paragraph>ADMINSTRATION: ORAL</paragraph>
                  <paragraph>NDC: 70518-3423-0</paragraph>
                  <paragraph>NDC: 70518-3423-1</paragraph>
                  <paragraph>COLOR: white</paragraph>
                  <paragraph>SHAPE: ROUND</paragraph>
                  <paragraph>SCORE: Two even pieces</paragraph>
                  <paragraph>SIZE: 7 mm</paragraph>
                  <paragraph>IMPRINT: TV;1;1;R</paragraph>
                  <paragraph>PACKAGING: 30 in 1 BLISTER PACK</paragraph>
                  <paragraph>PACKAGING: 30 in 1 BLISTER PACK </paragraph>
                  <paragraph>ACTIVE INGREDIENT(S):</paragraph>
                  <list listType="unordered">
                     <item>LORAZEPAM 1mg in 1</item>
                  </list>
                  <paragraph>INACTIVE INGREDIENT(S):</paragraph>
                  <list listType="unordered">
                     <item>LACTOSE MONOHYDRATE</item>
                     <item>MAGNESIUM STEARATE</item>
                     <item>CELLULOSE, MICROCRYSTALLINE</item>
                     <item>POLACRILIN POTASSIUM</item>
                  </list>
                  <paragraph>
                     <renderMultiMedia referencedObject="Remedy_Label"/>
                  </paragraph>
                  <paragraph>
                     <renderMultiMedia referencedObject="img_01ccfafa-1ad6-d20e-e063-6294a90af917"/>
                  </paragraph>
               </text>
               <effectiveTime value="20230731"/>
               <component>
                  <observationMedia ID="Remedy_Label">
                     <text>Remedy_Label</text>
                     <value mediaType="image/jpeg" xsi:type="ED">
                        <reference value="Remedy_Label.jpg"/>
                     </value>
                  </observationMedia>
               </component>
               <component>
                  <observationMedia ID="img_01ccfafa-1ad6-d20e-e063-6294a90af917">
                     <text>MM2</text>
                     <value mediaType="image/jpeg" xsi:type="ED">
                        <reference value="LORazepam 1mg_70518-3423-01.jpg"/>
                     </value>
                  </observationMedia>
               </component>
            </section>
         </component>
      </structuredBody>
   </component>
</document>