<?xml version="1.0" encoding="UTF-8"?><?xml-stylesheet href="https://www.accessdata.fda.gov/spl/stylesheet/spl.xsl" type="text/xsl"?>
<document xmlns:xsi="http://www.w3.org/2001/XMLSchema-instance" xmlns="urn:hl7-org:v3" xsi:schemaLocation="urn:hl7-org:v3 https://www.accessdata.fda.gov/spl/schema/spl.xsd">
   <id root="016775ad-3a11-16be-e063-6294a90a2eee"/>
   <code code="34391-3" codeSystem="2.16.840.1.113883.6.1" displayName="HUMAN PRESCRIPTION DRUG LABEL"/>
   <title>Accucaine Kit</title>
   <effectiveTime value="20230726"/>
   <setId root="01679d29-a592-8cbb-e063-6394a90ad82a"/>
   <versionNumber value="1"/>
   <author>
      <time/>
      <assignedEntity>
         <representedOrganization>
            <id root="1.3.6.1.4.1.519.1" extension="117023142"/>
            <name>Advanced Rx Pharmacy of Tennessee, LLC</name>
            <assignedEntity>
               <assignedOrganization>
                  <assignedEntity>
                     <assignedOrganization>
                        <id root="1.3.6.1.4.1.519.1" extension="117023142"/>
                        <name>Advanced Rx Pharmacy of Tennessee, LLC</name>
                     </assignedOrganization>
                     <performance>
                        <actDefinition>
                           <code code="C73606" displayName="repack" codeSystem="2.16.840.1.113883.3.26.1.1"/>
                           <product>
                              <manufacturedProduct classCode="MANU">
                                 <manufacturedMaterialKind>
                                    <code code="80425-0333" codeSystem="2.16.840.1.113883.6.69"/>
                                 </manufacturedMaterialKind>
                              </manufacturedProduct>
                           </product>
                        </actDefinition>
                     </performance>
                  </assignedEntity>
               </assignedOrganization>
            </assignedEntity>
         </representedOrganization>
      </assignedEntity>
   </author>
   <component>
      <structuredBody>
         <component>
            <section>
               <id root="01cfcc0e-80a2-7210-e063-6394a90af9ac"/>
               <code code="48780-1" codeSystem="2.16.840.1.113883.6.1" displayName="SPL product data elements section"/>
               <effectiveTime value="20230726"/>
               <subject>
                  <manufacturedProduct>
                     <manufacturedProduct>
                        <code code="80425-0333" codeSystem="2.16.840.1.113883.6.69"/>
                        <name>Accucaine</name>
                        <formCode code="C42945" codeSystem="2.16.840.1.113883.3.26.1.1" displayName="INJECTION, SOLUTION"/>
                        <asEntityWithGeneric>
                           <genericMedicine>
                              <name>Lidocaine Hydrochloride</name>
                           </genericMedicine>
                        </asEntityWithGeneric>
                        <asEquivalentEntity classCode="EQUIV">
                           <code code="C64637" codeSystem="2.16.840.1.113883.3.26.1.1"/>
                           <definingMaterialKind>
                              <code code="76420-715" codeSystem="2.16.840.1.113883.6.69"/>
                           </definingMaterialKind>
                        </asEquivalentEntity>
                        <ingredient classCode="IACT">
                           <ingredientSubstance>
                              <code code="451W47IQ8X" codeSystem="2.16.840.1.113883.4.9"/>
                              <name>SODIUM CHLORIDE</name>
                           </ingredientSubstance>
                        </ingredient>
                        <ingredient classCode="IACT">
                           <ingredientSubstance>
                              <code code="059QF0KO0R" codeSystem="2.16.840.1.113883.4.9"/>
                              <name>WATER</name>
                           </ingredientSubstance>
                        </ingredient>
                        <ingredient classCode="IACT">
                           <ingredientSubstance>
                              <code code="55X04QC32I" codeSystem="2.16.840.1.113883.4.9"/>
                              <name>SODIUM HYDROXIDE</name>
                           </ingredientSubstance>
                        </ingredient>
                        <ingredient classCode="IACT">
                           <ingredientSubstance>
                              <code code="QTT17582CB" codeSystem="2.16.840.1.113883.4.9"/>
                              <name>HYDROCHLORIC ACID</name>
                           </ingredientSubstance>
                        </ingredient>
                        <ingredient classCode="ACTIR">
                           <quantity>
                              <numerator unit="mg" value="10"/>
                              <denominator unit="mL" value="1"/>
                           </quantity>
                           <ingredientSubstance>
                              <code code="V13007Z41A" codeSystem="2.16.840.1.113883.4.9"/>
                              <name>LIDOCAINE HYDROCHLORIDE</name>
                              <activeMoiety>
                                 <activeMoiety>
                                    <code code="98PI200987" codeSystem="2.16.840.1.113883.4.9"/>
                                    <name>LIDOCAINE</name>
                                 </activeMoiety>
                              </activeMoiety>
                              <asEquivalentSubstance>
                                 <definingSubstance>
                                    <code code="EC2CNF7XFP" codeSystem="2.16.840.1.113883.4.9"/>
                                    <name>LIDOCAINE HYDROCHLORIDE ANHYDROUS</name>
                                 </definingSubstance>
                              </asEquivalentSubstance>
                           </ingredientSubstance>
                        </ingredient>
                        <asContent>
                           <quantity>
                              <numerator value="5" unit="mL"/>
                              <denominator value="1"/>
                           </quantity>
                           <containerPackagedProduct>
                              <code/>
                              <formCode code="C43165" codeSystem="2.16.840.1.113883.3.26.1.1" displayName="AMPULE"/>
                              <asContent>
                                 <quantity>
                                    <numerator value="1" unit="1"/>
                                    <denominator value="1"/>
                                 </quantity>
                                 <containerPackagedProduct>
                                    <code code="80425-0333-1" codeSystem="2.16.840.1.113883.6.69"/>
                                    <formCode code="C43182" codeSystem="2.16.840.1.113883.3.26.1.1" displayName="CARTON"/>
                                 </containerPackagedProduct>
                                 <subjectOf>
                                    <marketingAct>
                                       <code code="C53292" codeSystem="2.16.840.1.113883.3.26.1.1"/>
                                       <statusCode code="active"/>
                                       <effectiveTime>
                                          <low value="20230726"/>
                                       </effectiveTime>
                                    </marketingAct>
                                 </subjectOf>
                              </asContent>
                           </containerPackagedProduct>
                           <subjectOf>
                              <characteristic>
                                 <code code="SPLCMBPRDTP" codeSystem="2.16.840.1.113883.1.11.19255"/>
                                 <value code="C102834" codeSystem="2.16.840.1.113883.3.26.1.1" displayName="Type 1: Convenience Kit of Co-Package" xsi:type="CV"/>
                              </characteristic>
                           </subjectOf>
                        </asContent>
                     </manufacturedProduct>
                     <subjectOf>
                        <approval>
                           <code code="C73627" codeSystem="2.16.840.1.113883.3.26.1.1" displayName="unapproved drug other"/>
                           <author>
                              <territorialAuthority>
                                 <territory>
                                    <code code="USA" codeSystem="2.16.840.1.113883.5.28"/>
                                 </territory>
                              </territorialAuthority>
                           </author>
                        </approval>
                     </subjectOf>
                     <subjectOf>
                        <marketingAct>
                           <code code="C53292" codeSystem="2.16.840.1.113883.3.26.1.1"/>
                           <statusCode code="active"/>
                           <effectiveTime>
                              <low value="20230726"/>
                           </effectiveTime>
                        </marketingAct>
                     </subjectOf>
                     <consumedIn>
                        <substanceAdministration>
                           <routeCode code="C38215" codeSystem="2.16.840.1.113883.3.26.1.1" displayName="INFILTRATION"/>
                        </substanceAdministration>
                     </consumedIn>
                  </manufacturedProduct>
               </subject>
            </section>
         </component>
         <component>
            <section ID="e8ec904c-dc9b-423b-a953-d9f32bf6b4a8">
               <id root="016775ad-3a12-16be-e063-6294a90a2eee"/>
               <code code="42229-5" codeSystem="2.16.840.1.113883.6.1" displayName="SPL UNCLASSIFIED SECTION"/>
               <title/>
               <text>
                  <paragraph>
                     <content styleCode="bold">AQUEOUS SOLUTIONS FOR INFILTRATION</content>
                  </paragraph>
                  <paragraph>
                     <content styleCode="bold">AND NERVE BLOCK</content>
                  </paragraph>
                  <paragraph>
                     <content styleCode="bold">Ampul</content>
                  </paragraph>
                  <paragraph>
                     <content styleCode="bold">Plastic Multiple-dose Fliptop Vial</content>
                  </paragraph>
                  <paragraph>
                     <content styleCode="bold">Glass Teartop Vial</content>
                  </paragraph>
                  <paragraph>Rx only</paragraph>
               </text>
               <effectiveTime value="20230726"/>
            </section>
         </component>
         <component>
            <section ID="fa3a270a-1a49-4094-992a-6cdfb17b6896">
               <id root="016775ad-3a13-16be-e063-6294a90a2eee"/>
               <code code="34089-3" codeSystem="2.16.840.1.113883.6.1" displayName="DESCRIPTION SECTION"/>
               <title>DESCRIPTION</title>
               <text>
                  <paragraph>Lidocaine Hydrochloride Injection, USP is a sterile, nonpyrogenic solution of lidocaine hydrochloride in water for injection for parenteral administration in various concentrations with characteristics as follows:</paragraph>
                  <table>
                     <col align="left"/>
                     <col align="left"/>
                     <col align="left"/>
                     <col align="left"/>
                     <col align="left"/>
                     <tbody>
                        <tr>
                           <td align="left" styleCode="Botrule Lrule Rrule Toprule" valign="top">
                              <paragraph>
                                 <content styleCode="bold">Concentration</content>
                              </paragraph>
                           </td>
                           <td align="center" styleCode="Botrule Lrule Rrule Toprule" valign="top">
                              <paragraph>
                                 <content styleCode="bold">0.5%</content>
                              </paragraph>
                           </td>
                           <td align="center" styleCode="Botrule Lrule Rrule Toprule" valign="top">
                              <paragraph>
                                 <content styleCode="bold">1%</content>
                              </paragraph>
                           </td>
                           <td align="center" styleCode="Botrule Lrule Rrule Toprule" valign="top">
                              <paragraph>
                                 <content styleCode="bold">1.5%</content>
                              </paragraph>
                           </td>
                           <td align="center" styleCode="Botrule Lrule Rrule Toprule" valign="top">
                              <paragraph>
                                 <content styleCode="bold">2%</content>
                              </paragraph>
                           </td>
                        </tr>
                        <tr>
                           <td align="left" styleCode="Botrule Lrule Rrule Toprule" valign="top">
                              <paragraph>mg/mL lidocaine HCl (anhyd.)</paragraph>
                           </td>
                           <td align="center" styleCode="Botrule Lrule Rrule Toprule" valign="top">
                              <paragraph>5</paragraph>
                           </td>
                           <td align="center" styleCode="Botrule Lrule Rrule Toprule" valign="top">
                              <paragraph>10</paragraph>
                           </td>
                           <td align="center" styleCode="Botrule Lrule Rrule Toprule" valign="top">
                              <paragraph>15</paragraph>
                           </td>
                           <td align="center" styleCode="Botrule Lrule Rrule Toprule" valign="top">
                              <paragraph>20</paragraph>
                           </td>
                        </tr>
                        <tr>
                           <td align="left" styleCode="Botrule Lrule Rrule Toprule" valign="top">
                              <paragraph>mg/mL sodium chloride</paragraph>
                           </td>
                           <td align="center" styleCode="Botrule Lrule Rrule Toprule" valign="top">
                              <paragraph>8</paragraph>
                           </td>
                           <td align="center" styleCode="Botrule Lrule Rrule Toprule" valign="top">
                              <paragraph>7</paragraph>
                           </td>
                           <td align="center" styleCode="Botrule Lrule Rrule Toprule" valign="top">
                              <paragraph>6.5</paragraph>
                           </td>
                           <td align="center" styleCode="Botrule Lrule Rrule Toprule" valign="top">
                              <paragraph>6</paragraph>
                           </td>
                        </tr>
                     </tbody>
                  </table>
                  <paragraph>Multiple-dose vials contain 0.1% of methylparaben added as preservative. May contain sodium hydroxide and/or hydrochloric acid for pH adjustment. The pH is 6.5 (5.0 to 7.0). See
 
  <content styleCode="italics">
                        <content styleCode="bold">HOW SUPPLIED</content>
                     </content>section for various sizes and strengths.

 </paragraph>
                  <paragraph>Lidocaine is a local anesthetic of the amide type.</paragraph>
                  <paragraph>Lidocaine Hydrochloride, USP is chemically designated 2-(diethylamino)-N-(2,6-dimethylphenyl)-acetamide monohydrochloride monohydrate, a white powder freely soluble in water. The molecular weight is 288.82. It has the following structural formula:</paragraph>
                  <paragraph>
                     <renderMultiMedia referencedObject="MM10"/>
                  </paragraph>
                  <paragraph>The semi-rigid vial used for the plastic vials is fabricated from a specially formulated polyolefin. It is a copolymer of ethylene and propylene. The safety of the plastic has been confirmed by tests in animals according to USP biological standards for plastic containers. The container requires no vapor barrier to maintain the proper drug concentration.</paragraph>
               </text>
               <effectiveTime value="20230726"/>
               <component>
                  <observationMedia ID="MM10">
                     <text>structural formula lidocaine hydrochloride
</text>
                     <value mediaType="image/jpeg" xsi:type="ED">
                        <reference value="acc00-0002-01.jpg"/>
                     </value>
                  </observationMedia>
               </component>
            </section>
         </component>
         <component>
            <section ID="b32403d3-354b-46cb-ae48-4b5c1b88fa53">
               <id root="016775ad-3a14-16be-e063-6294a90a2eee"/>
               <code code="34090-1" codeSystem="2.16.840.1.113883.6.1" displayName="CLINICAL PHARMACOLOGY SECTION"/>
               <title>CLINICAL PHARMACOLOGY</title>
               <text>
                  <paragraph>
                     <content styleCode="bold">Mechanism of action:</content>Lidocaine stabilizes the neuronal membrane by inhibiting the ionic fluxes required for the initiation and conduction of impulses, thereby effecting local anesthetic action.

 </paragraph>
                  <paragraph>
                     <content styleCode="bold">Hemodynamics:</content>Excessive blood levels may cause changes in cardiac output, total peripheral resistance, and mean arterial pressure. With central neural blockade these changes may be attributable to block of autonomic fibers, a direct depressant effect of the local anesthetic agent on various components of the cardiovascular system and/or the beta-adrenergic receptor stimulating action of epinephrine when present. The net effect is normally a modest hypotension when the recommended dosages are not exceeded.

 </paragraph>
                  <paragraph>
                     <content styleCode="bold">Pharmacokinetics and metabolism:</content>Information derived from diverse formulations, concentrations and usages reveals that lidocaine is completely absorbed following parenteral administration, its rate of absorption depending, for example, upon various factors such as the site of administration and the presence or absence of a vasoconstrictor agent. Except for intravascular administration, the highest blood levels are obtained following intercostal nerve block and the lowest after subcutaneous administration.

 </paragraph>
                  <paragraph>The plasma binding of lidocaine is dependent on drug concentration, and the fraction bound decreases with increasing concentration. At concentrations of 1 to 4 mcg of free base per mL, 60 to 80 percent of lidocaine is protein bound. Binding is also dependent on the plasma concentration of the alpha-1-acid glycoprotein.</paragraph>
                  <paragraph>Lidocaine crosses the blood-brain and placental barriers, presumably by passive diffusion.</paragraph>
                  <paragraph>Lidocaine is metabolized rapidly by the liver, and metabolites and unchanged drug are excreted by the kidneys. Biotransformation includes oxidative N-dealkylation, ring hydroxylation, cleavage of the amide linkage, and conjugation. N-dealkylation, a major pathway of biotransformation, yields the metabolites monoethylglycinexylidide and glycinexylidide. The pharmacological/toxicological actions of these metabolites are similar to, but less potent than, those of lidocaine. Approximately 90% of lidocaine administered is excreted in the form of various metabolites, and less than 10% is excreted unchanged. The primary metabolite in urine is a conjugate of 4-hydroxy-2, 6-dimethylaniline.</paragraph>
                  <paragraph>The elimination half-life of lidocaine following an intravenous bolus injection is typically 1.5 to 2.0 hours. Because of the rapid rate at which lidocaine is metabolized, any condition that affects liver function may alter lidocaine kinetics. The half-life may be prolonged two-fold or more in patients with liver dysfunction. Renal dysfunction does not affect lidocaine kinetics but may increase the accumulation of metabolites.</paragraph>
                  <paragraph>Factors such as acidosis and the use of CNS stimulants and depressants affect the CNS levels of lidocaine required to produce overt systemic effects. Objective adverse manifestations become increasingly apparent with increasing venous plasma levels above 6.0 mcg free base per mL. In the rhesus monkey arterial blood levels of 18-21 mcg/mL have been shown to be threshold for convulsive activity.</paragraph>
               </text>
               <effectiveTime value="20230726"/>
            </section>
         </component>
         <component>
            <section ID="a3d734fd-fe42-4985-a278-b6c385b13cb6">
               <id root="016775ad-3a15-16be-e063-6294a90a2eee"/>
               <code code="34067-9" codeSystem="2.16.840.1.113883.6.1" displayName="INDICATIONS &amp; USAGE SECTION"/>
               <title>INDICATIONS AND USAGE</title>
               <text>
                  <paragraph>Lidocaine Hydrochloride Injection, USP is indicated for production of local or regional anesthesia by infiltration techniques such as percutaneous injection and intravenous regional anesthesia by peripheral nerve block techniques such as brachial plexus and intercostal and by central neural techniques such as lumbar and caudal epidural blocks, when the accepted procedures for these techniques as described in standard textbooks are observed.</paragraph>
               </text>
               <effectiveTime value="20230726"/>
            </section>
         </component>
         <component>
            <section ID="d8759c45-f178-4a64-af1d-38662779adbf">
               <id root="016775ad-3a16-16be-e063-6294a90a2eee"/>
               <code code="34070-3" codeSystem="2.16.840.1.113883.6.1" displayName="CONTRAINDICATIONS SECTION"/>
               <title>CONTRAINDICATIONS</title>
               <text>
                  <paragraph>Lidocaine is contraindicated in patients with a known history of hypersensitivity to local anesthetics of the amide type.</paragraph>
               </text>
               <effectiveTime value="20230726"/>
            </section>
         </component>
         <component>
            <section ID="b5ad8057-f48b-482f-b8f2-ac7b994ea894">
               <id root="016775ad-3a17-16be-e063-6294a90a2eee"/>
               <code code="34071-1" codeSystem="2.16.840.1.113883.6.1" displayName="WARNINGS SECTION"/>
               <title>WARNINGS</title>
               <text>
                  <paragraph>LIDOCAINE HYDROCHLORIDE INJECTION, FOR INFILTRATION AND NERVE BLOCK, SHOULD BE EMPLOYED ONLY BY CLINICIANS WHO ARE WELL VERSED IN DIAGNOSIS AND MANAGEMENT OF DOSE-RELATED TOXICITY AND OTHER ACUTE EMERGENCIES THAT MIGHT ARISE FROM THE BLOCK TO BE EMPLOYED AND THEN ONLY AFTER ENSURING THE
 
  <content styleCode="bold">IMMEDIATE</content>AVAILABILITY OF OXYGEN, OTHER RESUSCITATIVE DRUGS, CARDIOPULMONARY EQUIPMENT, AND THE PERSONNEL NEEDED FOR PROPER MANAGEMENT OF TOXIC REACTIONS AND RELATED EMERGENCIES (See also
 
  <content styleCode="bold">
                        <content styleCode="italics">ADVERSE REACTIONS</content>
                     </content>and
 
  <content styleCode="bold">
                        <content styleCode="italics">PRECAUTIONS</content>
                     </content>). DELAY IN PROPER MANAGEMENT OF DOSE-RELATED TOXICITY, UNDERVENTILATION FROM ANY CAUSE AND/OR ALTERED SENSITIVITY MAY LEAD TO THE DEVELOPMENT OF ACIDOSIS, CARDIAC ARREST AND, POSSIBLY, DEATH.

 </paragraph>
                  <paragraph>Intra-articular infusions of local anesthetics following arthroscopic and other surgical procedures is an unapproved use, and there have been post-marketing reports of chondrolysis in patients receiving such infusions. The majority of reported cases of chondrolysis have involved the shoulder joint; cases of gleno-humeral chondrolysis have been described in pediatric and adult patients following intra-articular infusions of local anesthetics with and without epinephrine for periods of 48 to 72 hours. There is insufficient information to determine whether shorter infusion periods are not associated with these findings. The time of onset of symptoms, such as joint pain, stiffness and loss of motion can be variable, but may begin as early as the 2nd month after surgery. Currently, there is no effective treatment for chondrolysis; patients who experienced chondrolysis have required additional diagnostic and therapeutic procedures and some required arthroplasty or shoulder replacement.</paragraph>
                  <paragraph>To avoid intravascular injection, aspiration should be performed before the local anesthetic solution is injected. The needle must be repositioned until no return of blood can be elicited by aspiration. Note, however, that the absence of blood in the syringe does not guarantee that intravascular injection has been avoided.</paragraph>
                  <paragraph>Local anesthetic solutions containing antimicrobial preservatives (e.g., methylparaben) should not be used for epidural or spinal anesthesia because the safety of these agents has not been established with regard to intrathecal injection, either intentional or accidental.</paragraph>
               </text>
               <effectiveTime value="20230726"/>
               <component>
                  <section ID="Lea933fe6-5527-4495-8cc4-97baba02907f">
                     <id root="016775ad-3a18-16be-e063-6294a90a2eee"/>
                     <code code="42229-5" codeSystem="2.16.840.1.113883.6.1" displayName="SPL UNCLASSIFIED SECTION"/>
                     <title>
                        <content styleCode="underline">Methemoglobinemia</content>
                     </title>
                     <text>
                        <paragraph>Cases of methemoglobinemia have been reported in association with local anesthetic use. Although all patients are at risk for methemoglobinemia, patients with glucose-6-phosphate dehydrogenase deficiency, congenital or idiopathic methemoglobinemia, cardiac or pulmonary compromise, infants under 6 months of age, and concurrent exposure to oxidizing agents or their metabolites are more susceptible to developing clinical manifestations of the condition. If local anesthetics must be used in these patients, close monitoring for symptoms and signs of methemoglobinemia is recommended.</paragraph>
                        <paragraph>Signs and symptoms of methemoglobinemia may occur immediately or may be delayed some hours after exposure and are characterized by a cyanotic skin discoloration and abnormal coloration of the blood. Methemoglobin levels may continue to rise; therefore, immediate treatment is required to avert more serious central nervous system and cardiovascular adverse effects, including seizures, coma, arrhythmias, and death. Discontinue lidocaine and/or bupivacaine and any other oxidizing agents. Depending on the severity of the symptoms, patients may respond to supportive care, i.e., oxygen therapy, hydration. More severe symptoms may require treatment with methylene blue, exchange transfusion, or hyperbaric oxygen.</paragraph>
                     </text>
                     <effectiveTime value="20230726"/>
                  </section>
               </component>
            </section>
         </component>
         <component>
            <section ID="aedfc012-2bf3-43b5-a741-a790b2f48fdd">
               <id root="016775ad-3a19-16be-e063-6294a90a2eee"/>
               <code code="42232-9" codeSystem="2.16.840.1.113883.6.1" displayName="PRECAUTIONS SECTION"/>
               <title>PRECAUTIONS</title>
               <effectiveTime value="20230726"/>
               <component>
                  <section ID="b9ac3889-dad8-4530-837d-acb5432729c6">
                     <id root="016775ad-3a1a-16be-e063-6294a90a2eee"/>
                     <code code="34072-9" codeSystem="2.16.840.1.113883.6.1" displayName="GENERAL PRECAUTIONS SECTION"/>
                     <title>General:</title>
                     <text>
                        <paragraph>The safety and effectiveness of lidocaine depend on proper dosage, correct technique, adequate precautions, and readiness for emergencies. Standard textbooks should be consulted for specific techniques and precautions for various regional anesthetic procedures.</paragraph>
                        <paragraph>Resuscitative equipment, oxygen, and other resuscitative drugs should be available for immediate use. (See
 
  <content styleCode="bold">
                              <content styleCode="italics">WARNINGS</content>
                           </content>and
 
  <content styleCode="bold">
                              <content styleCode="italics">ADVERSE REACTIONS</content>
                           </content>). The lowest dosage that results in effective anesthesia should be used to avoid high plasma levels and serious adverse effects. Syringe aspirations should also be performed before and during each supplemental injection when using indwelling catheter techniques. During the administration of epidural anesthesia, it is recommended that a test dose be administered initially and that the patient be monitored for central nervous system toxicity and cardiovascular toxicity, as well as for signs of unintended intrathecal administration before proceeding. When clinical conditions permit, consideration should be given to employing local anesthetic solutions that contain epinephrine for the test dose because circulatory changes compatible with epinephrine may also serve as a warning sign of unintended intravascular injection. An intravascular injection is still possible even if aspirations for blood are negative. Repeated doses of lidocaine may cause significant increases in blood levels with each repeated dose because of slow accumulation of the drug or its metabolites. Tolerance to elevated blood levels varies with the status of the patient. Debilitated, elderly patients, acutely ill patients and children should be given reduced doses commensurate with their age and physical condition. Lidocaine should also be used with caution in patients with severe shock or heart block. Lumbar and caudal epidural anesthesia should be used with extreme caution in persons with the following conditions: existing neurological disease, spinal deformities, septicemia and severe hypertension.

 </paragraph>
                        <paragraph>Local anesthetic solutions containing a vasoconstrictor should be used cautiously and in carefully circumscribed quantities in areas of the body supplied by end arteries or having otherwise compromised blood supply. Patients with peripheral vascular disease and those with hypertensive vascular disease may exhibit exaggerated vasoconstrictor response. Ischemic injury or necrosis may result. Preparations containing a vasoconstrictor should be used with caution in patients during or following the administration of potent general anesthetic agents, since cardiac arrhythmias may occur under such conditions.</paragraph>
                        <paragraph>Careful and constant monitoring of cardiovascular and respiratory (adequacy of ventilation) vital signs and the patient’s state of consciousness should be accomplished after each local anesthetic injection. It should be kept in mind at such times that restlessness, anxiety, tinnitus, dizziness, blurred vision, tremors, depression or drowsiness may be early warning signs of central nervous system toxicity.</paragraph>
                        <paragraph>Since amide-type local anesthetics are metabolized by the liver, lidocaine should be used with caution in patients with hepatic disease. Patients with severe hepatic disease, because of their inability to metabolize local anesthetics normally, are at greater risk of developing toxic plasma concentrations. Lidocaine should also be used with caution in patients with impaired cardiovascular function since they may be less able to compensate for functional changes associated with the prolongation of A-V conduction produced by these drugs. Many drugs used during the conduct of anesthesia are considered potential triggering agents for familial malignant hyperthermia. Since it is not known whether amide-type local anesthetics may trigger this reaction and since the need for supplemental general anesthesia cannot be predicted in advance, it is suggested that a standard protocol for the management of malignant hyperthermia should be available. Early unexplained signs of tachycardia, tachypnea, labile blood pressure and metabolic acidosis may precede temperature elevation. Successful outcome is dependent on early diagnosis, prompt discontinuance of the suspect triggering agent(s) and institution of treatment, including oxygen therapy, indicated supportive measures and dantrolene (consult dantrolene sodium intravenous package insert before using).</paragraph>
                        <paragraph>Proper tourniquet technique, as described in publications and standard textbooks, is essential in the performance of intravenous regional anesthesia. Solutions containing epinephrine or other vasoconstrictors should not be used for this technique.</paragraph>
                        <paragraph>Lidocaine should be used with caution in persons with known drug sensitivities. Patients allergic to para-aminobenzoic acid derivatives (procaine, tetracaine, benzocaine, etc.) have not shown cross sensitivity to lidocaine.</paragraph>
                        <paragraph>
                           <content styleCode="bold">Use in the Head and Neck Area:</content>Small doses of local anesthetics injected into the head and neck area, including retrobulbar, dental and stellate ganglion blocks, may produce adverse reactions similar to systemic toxicity seen with unintentional intravascular injections of larger doses. Confusion, convulsions, respiratory depression and/or respiratory arrest and cardiovascular stimulation or depression have been reported. These reactions may be due to intra-arterial injections of the local anesthetic with retrograde flow to the cerebral circulation. Patients receiving these blocks should have their circulation and respiration monitored and be constantly observed. Resuscitative equipment and personnel for treating adverse reactions should be immediately available. Dosage recommendations should not be exceeded. (See
 
  <content styleCode="bold">
                              <content styleCode="italics">DOSAGE AND ADMINISTRATION</content>
                           </content>).

 </paragraph>
                     </text>
                     <effectiveTime value="20230726"/>
                  </section>
               </component>
               <component>
                  <section ID="d02dbd9c-b14a-41e7-97a7-75a02813ea68">
                     <id root="016775ad-3a1b-16be-e063-6294a90a2eee"/>
                     <code code="34076-0" codeSystem="2.16.840.1.113883.6.1" displayName="INFORMATION FOR PATIENTS SECTION"/>
                     <title>Information for Patients:</title>
                     <text>
                        <paragraph>When appropriate, patients should be informed in advance that they may experience temporary loss of sensation and motor activity, usually in the lower half of the body following proper administration of epidural anesthesia.</paragraph>
                        <paragraph>Inform patients that use of local anesthetics may cause methemoglobinemia, a serious condition that must be treated promptly. Advise patients or caregivers to stop use and seek immediate medical attention if they or someone in their care experience the following signs or symptoms: pale, gray, or blue colored skin (cyanosis); headache; rapid heart rate; shortness of breath; lightheadedness; or fatigue.</paragraph>
                     </text>
                     <effectiveTime value="20230726"/>
                  </section>
               </component>
               <component>
                  <section ID="ed06d08b-cbf7-47f7-a3a9-9def2e7b70f7">
                     <id root="016775ad-3a1c-16be-e063-6294a90a2eee"/>
                     <code code="34073-7" codeSystem="2.16.840.1.113883.6.1" displayName="DRUG INTERACTIONS SECTION"/>
                     <title>Clinically Significant Drug Interactions:</title>
                     <text>
                        <paragraph>The administration of local anesthetic solutions containing epinephrine or norepinephrine to patients receiving monoamine oxidase inhibitors or tricyclic antidepressants may produce severe prolonged hypertension.</paragraph>
                        <paragraph>Phenothiazines and butyrophenones may reduce or reverse the pressor effect of epinephrine.</paragraph>
                        <paragraph>Concurrent use of these agents should generally be avoided. In situations when concurrent therapy is necessary, careful patient monitoring is essential.</paragraph>
                        <paragraph>Concurrent administration of vasopressor drugs (for the treatment of hypotension related to obstetric blocks) and ergot-type oxytoxic drugs may cause severe persistent hypertension or cerebrovascular accidents.</paragraph>
                        <paragraph>Patients that are administered local anesthetics may be at increased risk of developing methemoglobinemia when concurrently exposed to the following oxidizing agents:</paragraph>
                        <table width="100%">
                           <col width="50%"/>
                           <col width="50%"/>
                           <tbody>
                              <tr>
                                 <td styleCode="Botrule Lrule Rrule Toprule" valign="top">
                                    <paragraph>
                                       <content styleCode="bold">Class</content>
                                    </paragraph>
                                 </td>
                                 <td styleCode="Botrule Lrule Rrule Toprule" valign="top">
                                    <paragraph>
                                       <content styleCode="bold">Examples</content>
                                    </paragraph>
                                 </td>
                              </tr>
                              <tr>
                                 <td styleCode="Botrule Lrule Rrule" valign="top">
                                    <paragraph>Nitrates/Nitrites</paragraph>
                                 </td>
                                 <td styleCode="Botrule Lrule Rrule Toprule" valign="top">
                                    <paragraph>nitroglycerin, nitroprusside, nitric oxide, nitrous oxide</paragraph>
                                 </td>
                              </tr>
                              <tr>
                                 <td styleCode="Botrule Lrule Rrule" valign="top">
                                    <paragraph>Local anesthetics</paragraph>
                                 </td>
                                 <td styleCode="Botrule Lrule Rrule Toprule" valign="top">
                                    <paragraph>benzocaine, lidocaine, bupivacaine, mepivacaine, tetracaine, prilocaine, procaine, articaine, ropivacaine</paragraph>
                                 </td>
                              </tr>
                              <tr>
                                 <td styleCode="Botrule Lrule Rrule" valign="top">
                                    <paragraph>Antineoplastic agents</paragraph>
                                 </td>
                                 <td styleCode="Botrule Lrule Rrule Toprule" valign="top">
                                    <paragraph>cyclophosphamide, flutamide, rasburicase, ifosfamide, hydroxyurea</paragraph>
                                 </td>
                              </tr>
                              <tr>
                                 <td styleCode="Botrule Lrule Rrule" valign="top">
                                    <paragraph>Antibiotics</paragraph>
                                 </td>
                                 <td styleCode="Botrule Lrule Rrule Toprule" valign="top">
                                    <paragraph>dapsone, sulfonamides, nitrofurantoin, para-aminosalicylic acid</paragraph>
                                 </td>
                              </tr>
                              <tr>
                                 <td styleCode="Botrule Lrule Rrule" valign="top">
                                    <paragraph>Antimalarials</paragraph>
                                 </td>
                                 <td styleCode="Botrule Lrule Rrule Toprule" valign="top">
                                    <paragraph>chloroquine, primaquine</paragraph>
                                 </td>
                              </tr>
                              <tr>
                                 <td styleCode="Botrule Lrule Rrule" valign="top">
                                    <paragraph>Anticonvulsants</paragraph>
                                 </td>
                                 <td styleCode="Botrule Lrule Rrule Toprule" valign="top">
                                    <paragraph>phenytoin, sodium valproate, phenobarbital</paragraph>
                                 </td>
                              </tr>
                              <tr>
                                 <td styleCode="Botrule Lrule Rrule Toprule" valign="top">
                                    <paragraph>Other drugs</paragraph>
                                 </td>
                                 <td styleCode="Botrule Lrule Rrule Toprule" valign="top">
                                    <paragraph>acetaminophen, metoclopramide, sulfa drugs (i.e., sulfasalazine), quinine</paragraph>
                                 </td>
                              </tr>
                           </tbody>
                        </table>
                        <paragraph/>
                     </text>
                     <effectiveTime value="20230726"/>
                  </section>
               </component>
               <component>
                  <section ID="cb911dd0-55aa-4d36-b19d-40c2a26d03ae">
                     <id root="016775ad-3a1d-16be-e063-6294a90a2eee"/>
                     <code code="34074-5" codeSystem="2.16.840.1.113883.6.1" displayName="DRUG &amp; OR LABORATORY TEST INTERACTIONS SECTION"/>
                     <title>Drug Laboratory Test Interactions:</title>
                     <text>
                        <paragraph>The intramuscular injection of lidocaine may result in an increase in creatine phosphokinase levels. Thus, the use of this enzyme determination without isoenzyme separation as a diagnostic test for the presence of acute myocardial infarction may be compromised by the intramuscular injection of lidocaine.</paragraph>
                     </text>
                     <effectiveTime value="20230726"/>
                  </section>
               </component>
               <component>
                  <section ID="d0465307-215b-42f9-bbd4-597bcb5a7015">
                     <id root="016775ad-3a1e-16be-e063-6294a90a2eee"/>
                     <code code="34083-6" codeSystem="2.16.840.1.113883.6.1" displayName="CARCINOGENESIS &amp; MUTAGENESIS &amp; IMPAIRMENT OF FERTILITY SECTION"/>
                     <title>Carcinogenesis, Mutagenesis, Impairment of Fertility:</title>
                     <text>
                        <paragraph>Studies of lidocaine in animals to evaluate the carcinogenic and mutagenic potential or the effect on fertility have not been conducted.</paragraph>
                     </text>
                     <effectiveTime value="20230726"/>
                  </section>
               </component>
               <component>
                  <section ID="e6593aba-31ea-4e41-9be9-dcb82a6f96c5">
                     <id root="016775ad-3a1f-16be-e063-6294a90a2eee"/>
                     <code code="42228-7" codeSystem="2.16.840.1.113883.6.1" displayName="PREGNANCY SECTION"/>
                     <title>Pregnancy:</title>
                     <text>
                        <paragraph>
                           <content styleCode="italics">Teratogenic Effects. Pregnancy Category B.</content>Reproduction studies have been performed in rats at doses up to 6.6 times the human dose and have revealed no evidence of harm to the fetus caused by lidocaine. There are, however, no adequate and well-controlled studies in pregnant women. Animal reproduction studies are not always predictive of human response. General consideration should be given to this fact before administering lidocaine to women of childbearing potential, especially during early pregnancy when maximum organogenesis takes place.

 </paragraph>
                     </text>
                     <effectiveTime value="20230726"/>
                  </section>
               </component>
               <component>
                  <section ID="ad368f77-241c-40e8-a2d9-f77bb055cefa">
                     <id root="016775ad-3a20-16be-e063-6294a90a2eee"/>
                     <code code="34079-4" codeSystem="2.16.840.1.113883.6.1" displayName="LABOR &amp; DELIVERY SECTION"/>
                     <title>Labor and Delivery:</title>
                     <text>
                        <paragraph>Local anesthetics rapidly cross the placenta and when used for epidural, paracervical, pudendal or caudal block anesthesia, can cause varying degrees of maternal, fetal and neonatal toxicity (See
 
  <content styleCode="bold">
                              <content styleCode="italics">CLINICAL PHARMACOLOGY</content>
                           </content>—
 
  <content styleCode="bold">Pharmacokinetics</content>). The potential for toxicity depends upon the procedure performed, the type and amount of drug used, and the technique of drug administration. Adverse reactions in the parturient, fetus and neonate involve alterations of the central nervous system peripheral vascular tone and cardiac function.

 </paragraph>
                        <paragraph>Maternal hypotension has resulted from regional anesthesia. Local anesthetics produce vasodilation by blocking sympathetic nerves. Elevating the patient’s legs and positioning her on her left side will help prevent decreases in blood pressure. The fetal heart rate also should be monitored continuously, and electronic fetal monitoring is highly advisable.</paragraph>
                        <paragraph>Epidural, spinal, paracervical, or pudendal anesthesia may alter the forces of parturition through changes in uterine contractility or maternal expulsive efforts. In one study, paracervical block anesthesia was associated with a decrease in the mean duration of first stage labor and facilitation of cervical dilation. However, spinal and epidural anesthesia have also been reported to prolong the second stage of labor by removing the parturient’s reflex urge to bear down or by interfering with motor function. The use of obstetrical anesthesia may increase the need for forceps assistance.</paragraph>
                        <paragraph>The use of some local anesthetic drug products during labor and delivery may be followed by diminished muscle strength and tone for the first day or two of life. The long-term significance of these observations is unknown. Fetal bradycardia may occur in 20 to 30 percent of patients receiving paracervical nerve block anesthesia with the amide-type local anesthetics and may be associated with fetal acidosis. Fetal heart rate should always be monitored during paracervical anesthesia. The physician should weigh the possible advantages against risks when considering paracervical block in prematurity, toxemia of pregnancy and fetal distress. Careful adherence to recommended dosage is of the utmost importance in obstetrical paracervical block. Failure to achieve adequate analgesia with recommended doses should arouse suspicion of intravascular or fetal intracranial injection. Cases compatible with unintended fetal intracranial injection of local anesthetic solution have been reported following intended paracervical or pudendal block or both. Babies so affected present with unexplained neonatal depression at birth, which correlates with high local anesthetic serum levels, and often manifest seizures within six hours. Prompt use of supportive measures combined with forced urinary excretion of the local anesthetic has been used successfully to manage this complication.</paragraph>
                        <paragraph>Case reports of maternal convulsions and cardiovascular collapse following use of some local anesthetics for paracervical block in early pregnancy (as anesthesia for elective abortion) suggest that systemic absorption under these circumstances may be rapid. The recommended maximum dose of each drug should not be exceeded. Injection should be made slowly and with frequent aspiration. Allow a 5-minute interval between sides.</paragraph>
                     </text>
                     <effectiveTime value="20230726"/>
                  </section>
               </component>
               <component>
                  <section ID="a4698bba-cb8b-424e-aaa6-29a88dbc5b92">
                     <id root="016775ad-3a21-16be-e063-6294a90a2eee"/>
                     <code code="34080-2" codeSystem="2.16.840.1.113883.6.1" displayName="NURSING MOTHERS SECTION"/>
                     <title>Nursing Mothers:</title>
                     <text>
                        <paragraph>It is not known whether this drug is excreted in human milk. Because many drugs are excreted in human milk, caution should be exercised when lidocaine is administered to a nursing woman.</paragraph>
                     </text>
                     <effectiveTime value="20230726"/>
                  </section>
               </component>
               <component>
                  <section ID="d39ff672-1b87-4753-95e4-181b82409016">
                     <id root="016775ad-3a22-16be-e063-6294a90a2eee"/>
                     <code code="34081-0" codeSystem="2.16.840.1.113883.6.1" displayName="PEDIATRIC USE SECTION"/>
                     <title>Pediatric Use:</title>
                     <text>
                        <paragraph>Dosages in pediatric patients should be reduced, commensurate with age, body weight and physical condition. See
 
  <content styleCode="bold">
                              <content styleCode="italics">DOSAGE AND ADMINISTRATION</content>
                           </content>
                           <content styleCode="bold">
                              <content styleCode="italics">.</content>
                           </content>
                        </paragraph>
                     </text>
                     <effectiveTime value="20230726"/>
                  </section>
               </component>
            </section>
         </component>
         <component>
            <section ID="b5d71aee-9fed-4b73-ac72-46e23cb6aa08">
               <id root="016775ad-3a23-16be-e063-6294a90a2eee"/>
               <code code="34084-4" codeSystem="2.16.840.1.113883.6.1" displayName="ADVERSE REACTIONS SECTION"/>
               <title>ADVERSE REACTIONS</title>
               <text>
                  <paragraph>
                     <content styleCode="bold">Systemic:</content>Adverse experiences following the administration of lidocaine are similar in nature to those observed with other amide local anesthetic agents. These adverse experiences are, in general, dose-related and may result from high plasma levels caused by excessive dosage, rapid absorption or inadvertent intravascular injection, or may result from a hypersensitivity, idiosyncrasy or diminished tolerance on the part of the patient. Serious adverse experiences are generally systemic in nature. The following types are those most commonly reported:

 </paragraph>
                  <paragraph>
                     <content styleCode="bold">Central Nervous System:</content>CNS manifestations are excitatory and/or depressant and may be characterized by lightheadedness, nervousness, apprehension, euphoria, confusion, dizziness, drowsiness, tinnitus, blurred or double vision, vomiting, sensations of heat, cold or numbness, twitching, tremors, convulsions, unconsciousness, respiratory depression and arrest. The excitatory manifestations may be very brief or may not occur at all, in which case the first manifestation of toxicity may be drowsiness merging into unconsciousness and respiratory arrest.

 </paragraph>
                  <paragraph>Drowsiness following the administration of lidocaine is usually an early sign of a high blood level of the drug and may occur as a consequence of rapid absorption.</paragraph>
                  <paragraph>
                     <content styleCode="bold">Cardiovascular System:</content>Cardiovascular manifestations are usually depressant and are characterized by bradycardia, hypotension, and cardiovascular collapse, which may lead to cardiac arrest.

 </paragraph>
                  <paragraph>
                     <content styleCode="bold">Allergic:</content>Allergic reactions are characterized by cutaneous lesions, urticaria, edema or anaphylactoid reactions. Allergic reactions may occur as a result of sensitivity either to local anesthetic agents or to the methylparaben used as a preservative in multiple dose vials. Allergic reactions as a result of sensitivity to lidocaine are extremely rare and, if they occur, should be managed by conventional means. The detection of sensitivity by skin testing is of doubtful value.

 </paragraph>
                  <paragraph>
                     <content styleCode="bold">Neurologic:</content>The incidences of adverse reactions associated with the use of local anesthetics may be related to the total dose of local anesthetic administered and are also dependent upon the particular drug used, the route of administration and the physical status of the patient. In a prospective review of 10,440 patients who received lidocaine for spinal anesthesia, the incidences of adverse reactions were reported to be about 3 percent each for positional headaches, hypotension and backache; 2 percent for shivering; and less than 1 percent each for peripheral nerve symptoms, nausea, respiratory inadequacy and double vision. Many of these observations may be related to local anesthetic techniques, with or without a contribution from the local anesthetic.

 </paragraph>
                  <paragraph>In the practice of caudal or lumbar epidural block, occasional unintentional penetration of the subarachnoid space by the catheter may occur. Subsequent adverse effects may depend partially on the amount of drug administered subdurally.</paragraph>
                  <paragraph>These may include spinal block of varying magnitude (including total spinal block), hypotension secondary to spinal block, loss of bladder and bowel control, and loss of perineal sensation and sexual function. Persistent motor, sensory and/or autonomic (sphincter control) deficit of some lower spinal segments with slow recovery (several months) or incomplete recovery have been reported in rare instances when caudal or lumbar epidural block has been attempted. Backache and headache have also been noted following use of these anesthetic procedures.</paragraph>
                  <paragraph>There have been reported cases of permanent injury to extraocular muscles requiring surgical repair following retrobulbar administration.</paragraph>
               </text>
               <effectiveTime value="20230726"/>
            </section>
         </component>
         <component>
            <section ID="d514f782-068f-4d96-a0ca-7d54f8bbd0b3">
               <id root="016775ad-3a24-16be-e063-6294a90a2eee"/>
               <code code="34088-5" codeSystem="2.16.840.1.113883.6.1" displayName="OVERDOSAGE SECTION"/>
               <title>OVERDOSAGE</title>
               <text>
                  <paragraph>Acute emergencies from local anesthetics are generally related to high plasma levels encountered during therapeutic use of local anesthetics or to unintended subarachnoid injection of local anesthetic solution (see
 
  <content styleCode="bold">
                        <content styleCode="italics">ADVERSE REACTIONS,</content>
                     </content>
                     <content styleCode="bold">
                        <content styleCode="italics">WARNINGS</content>
                     </content>and
 
  <content styleCode="bold">
                        <content styleCode="italics">PRECAUTIONS</content>
                     </content>).

 </paragraph>
                  <paragraph>
                     <content styleCode="bold">Management of Local Anesthetic Emergencies:</content>The first consideration is prevention, best accomplished by careful monitoring of cardiovascular and respiratory vital signs and the patient’s state of consciousness after each local anesthetic injection. At the first sign of change, oxygen should be administered.

 </paragraph>
                  <paragraph>The first step in the management of convulsions, as well as underventilation or apnea due to unintended subarachnoid injection of drug solution, consists of immediate attention to the maintenance of a patent airway and assisted or controlled ventilation with oxygen and a delivery system capable of permitting immediate positive airway pressure by mask. Immediately after the institution of these ventilatory measures, the adequacy of the circulation should be evaluated, keeping in mind that drugs used to treat convulsions sometimes depress the circulation when administered intravenously. Should convulsions persist despite adequate respiratory support, and if the status of the circulation permits, small increments of an ultra-short acting barbiturate (such as thiopental or thiamylal) or a benzodiazepine (such as diazepam) may be administered intravenously. The clinician should be familiar, prior to use of local anesthetics, with these anticonvulsant drugs. Supportive treatment of circulatory depression may require administration of intravenous fluids and, when appropriate, a vasopressor as directed by the clinical situation (e.g., ephedrine).</paragraph>
                  <paragraph>If not treated immediately, both convulsions and cardiovascular depression can result in hypoxia, acidosis, bradycardia, arrhythmias and cardiac arrest. Underventilation or apnea due to unintentional subarachnoid injection of local anesthetic solution may produce these same signs and also lead to cardiac arrest if ventilatory support is not instituted. If cardiac arrest should occur standard cardiopulmonary resuscitative measures should be instituted.</paragraph>
                  <paragraph>Endotracheal intubation, employing drugs and techniques familiar to the clinician, may be indicated, after initial administration of oxygen by mask, if difficulty is encountered in the maintenance of a patent airway or if prolonged ventilatory support (assisted or controlled) is indicated.</paragraph>
                  <paragraph>Dialysis is of negligible value in the treatment of acute overdosage with lidocaine.</paragraph>
                  <paragraph>The oral LD
 
  <sub>50</sub>of lidocaine HCl in non-fasted female rats is 459 (346−773) mg/kg (as the salt) and 214 (159−324) mg/kg (as the salt) in fasted female rats.

 </paragraph>
               </text>
               <effectiveTime value="20230726"/>
            </section>
         </component>
         <component>
            <section ID="f2b072b9-3c6f-49e9-b937-29d8f6f311ed">
               <id root="016775ad-3a25-16be-e063-6294a90a2eee"/>
               <code code="34068-7" codeSystem="2.16.840.1.113883.6.1" displayName="DOSAGE &amp; ADMINISTRATION SECTION"/>
               <title>DOSAGE AND ADMINISTRATION</title>
               <text>
                  <paragraph>Table 1 (Recommended Dosages) summarizes the recommended volumes and concentrations of Lidocaine Hydrochloride Injection, USP for various types of anesthetic procedures. The dosages suggested in this table are for normal healthy adults and refer to the use of epinephrine-free solutions. When larger volumes are required only solutions containing epinephrine should be used, except in those cases where vasopressor drugs may be contraindicated.</paragraph>
                  <paragraph>There have been adverse event reports of chondrolysis in patients receiving intra-articular infusions of local anesthetics following arthroscopic and other surgical procedures.  Lidocaine is not approved for this use (see
 
  <content styleCode="bold">
                        <content styleCode="italics">WARNINGS</content>
                     </content>and
 
  <content styleCode="bold">
                        <content styleCode="italics">DOSAGE AND ADMINISTRATION</content>
                     </content>).

 </paragraph>
                  <paragraph>These recommended doses serve only as a guide to the amount of anesthetic required for most routine procedures. The actual volumes and concentrations to be used depend on a number of factors such as type and extent of surgical procedure, depth of anesthesia and degree of muscular relaxation required, duration of anesthesia required, and the physical condition of the patient. In all cases the lowest concentration and smallest dose that will produce the desired result should be given. Dosages should be reduced for children and for elderly and debilitated patients and patients with cardiac and/or liver disease.</paragraph>
                  <paragraph>The onset of anesthesia, the duration of anesthesia and the degree of muscular relaxation are proportional to the volume and concentration (i.e., total dose) of local anesthetic used. Thus, an increase in volume and concentration of Lidocaine Hydrochloride Injection will decrease the onset of anesthesia, prolong the duration of anesthesia, provide a greater degree of muscular relaxation and increase the segmental spread of anesthesia. However, increasing the volume and concentration of Lidocaine Hydrochloride Injection may result in a more profound fall in blood pressure when used in epidural anesthesia. Although the incidence of side effects with lidocaine is quite low, caution should be exercised when employing large volumes and concentrations, since the incidence of side effects is directly proportional to the total dose of local anesthetic agent injected.</paragraph>
                  <paragraph>For intravenous regional anesthesia, only the 50 mL single-dose vial containing 0.5% Lidocaine Hydrochloride Injection, USP should be used.</paragraph>
                  <paragraph>
                     <content styleCode="bold">Epidural Anesthesia</content>
                  </paragraph>
                  <paragraph>For epidural anesthesia, only the following
 
  <content styleCode="underline">available</content>specific products of Lidocaine Hydrochloride Injection by Hospira are recommended:

 </paragraph>
                  <paragraph>1%. . . . . . . . . . . . . . . . . . . . 30 mL single-dose teartop vials</paragraph>
                  <paragraph>1.5%. . . . . . . . . . . . . . . . . . . . . . . 20 mL single-dose ampuls</paragraph>
                  <paragraph>2%. . . . . . . . . . . . . . . . . . . . . . . . . 10 mL single-dose ampuls</paragraph>
                  <paragraph>Although these solutions are intended specifically for epidural anesthesia, they may also be used for infiltration and peripheral nerve block provided they are employed as single dose units. These solutions contain no bacteriostatic agent. In epidural anesthesia, the dosage varies with the number of dermatomes to be anesthetized (generally 2−3 mL of the indicated concentration per dermatome).</paragraph>
                  <paragraph>
                     <content styleCode="bold">Caudal and Lumbar Epidural Block:</content>As a precaution against the adverse experiences sometimes observed following unintentional penetration of the subarachnoid space, a test dose such as 2−3 mL of 1.5% lidocaine hydrochloride should be administered at least 5 minutes prior to injecting the total volume required for a lumbar or caudal epidural block. The test dose should be repeated if the patient is moved in a manner that may have displaced the catheter. Epinephrine, if contained in the test dose (10−15 mcg have been suggested), may serve as a warning of unintentional intravascular injection. If injected into a blood vessel, this amount of epinephrine is likely to produce a transient "epinephrine response" within 45 seconds, consisting of an increase in heart rate and systolic blood pressure, circumoral pallor, palpitations and nervousness in the unsedated patient. The sedated patient may exhibit only a pulse rate increase of 20 or more beats per minute for 15 or more seconds. Patients on beta-blockers may not manifest changes in heart rate, but blood pressure monitoring can detect an evanescent rise in systolic blood pressure. Adequate time should be allowed for onset of anesthesia after administration of each test dose. The rapid injection of a large volume of Lidocaine Hydrochloride Injection through the catheter should be avoided, and, when feasible, fractional doses should be administered.

 </paragraph>
                  <paragraph>In the event of the known injection of a large volume of local anesthetic solutions into the subarachnoid space, after suitable resuscitation and if the catheter is in place, consider attempting the recovery of drug by draining a moderate amount of cerebrospinal fluid (such as 10 mL) through the epidural catheter.</paragraph>
                  <paragraph>
                     <content styleCode="bold">Maximum Recommended Dosages</content>
                  </paragraph>
                  <paragraph>
                     <content styleCode="bold">NOTE: The products accompanying this insert do not contain epinephrine.</content>
                  </paragraph>
                  <paragraph>
                     <content styleCode="bold">Adults:</content>For normal healthy adults, the individual maximum recommended dose of lidocaine HCl with epinephrine should not exceed 7 mg/kg (3.5 mg/lb) of body weight and in general it is recommended that the maximum total dose not exceed 500 mg. When used without epinephrine, the maximum individual dose should not exceed 4.5 mg/kg (2 mg/lb) of body weight and in general it is recommended that the maximum total dose does not exceed 300 mg. For continuous epidural or caudal anesthesia, the maximum recommended dosage should not be administered at intervals of less than 90 minutes. When continuous lumbar or caudal epidural anesthesia is used for non-obstetrical procedures, more drug may be administered if required to produce adequate anesthesia.

 </paragraph>
                  <paragraph>The maximum recommended dose per 90 minute period of lidocaine hydrochloride for paracervical block in obstetrical patients and non-obstetrical patients is 200 mg total. One-half of the total dose is usually administered to each side. Inject slowly five minutes between sides. (See also discussion of paracervical block in
 
  <content styleCode="bold">
                        <content styleCode="italics">PRECAUTIONS</content>
                     </content>).

 </paragraph>
                  <paragraph>For intravenous regional anesthesia, the dose administered should not exceed 4 mg/kg in adults.</paragraph>
                  <paragraph>
                     <content styleCode="bold">Children:</content>It is difficult to recommend a maximum dose of any drug for children, since this varies as a function of age and weight. For children over 3 years of age who have a normal lean body mass and normal body development, the maximum dose is determined by the child’s age and weight. For example, in a child of 5 years weighing 50 lbs., the dose of lidocaine HCl should not exceed 75 — 100 mg (1.5 — 2 mg/lb). The use of even more dilute solutions (i.e., 0.25 — 0.5%) and total dosages not to exceed 3 mg/kg (1.4 mg/lb) are recommended for induction of intravenous regional anesthesia in children.

 </paragraph>
                  <paragraph>In order to guard against systemic toxicity, the lowest effective concentration and lowest effective dose should be used at all times. In some cases it will be necessary to dilute available concentrations with 0.9% sodium chloride injection in order to obtain the required final concentration.</paragraph>
                  <paragraph>Parenteral drug products should be inspected visually for particulate matter and discoloration prior to administration whenever the solution and container permit. Solutions that are discolored and/or contain particulate matter should not be used.</paragraph>
                  <table cellpadding="0" border="1">
                     <tbody>
                        <tr>
                           <td colspan="4" valign="top">
                              <paragraph>
                                 <content styleCode="bold">Table 1</content>
                              </paragraph>
                           </td>
                        </tr>
                        <tr>
                           <td colspan="4" valign="top">
                              <paragraph>
                                 <content styleCode="bold">Recommended Dosages of Lidocaine Hydrochloride Injection, USP for Various Anesthetic</content>
                              </paragraph>
                           </td>
                        </tr>
                        <tr>
                           <td colspan="4" valign="top">
                              <paragraph>
                                 <content styleCode="bold">Procedures in Normal Healthy Adults</content>
                              </paragraph>
                           </td>
                        </tr>
                        <tr>
                           <td valign="top"/>
                           <td colspan="3" valign="top"/>
                        </tr>
                        <tr>
                           <td valign="top"/>
                           <td colspan="3" valign="top">
                              <paragraph>
                                 <content styleCode="bold">Lidocaine Hydrochloride Injection, USP (without Epinephrine)</content>
                              </paragraph>
                           </td>
                        </tr>
                        <tr>
                           <td valign="top"/>
                           <td valign="top"/>
                           <td valign="top"/>
                           <td valign="top"/>
                        </tr>
                        <tr>
                           <td valign="top">
                              <paragraph>
                                 <content styleCode="bold">Procedure</content>
                              </paragraph>
                           </td>
                           <td valign="top">
                              <paragraph>
                                 <content styleCode="bold">Conc. (%)</content>
                              </paragraph>
                           </td>
                           <td valign="top">
                              <paragraph>
                                 <content styleCode="bold">Vol. (mL)</content>
                              </paragraph>
                           </td>
                           <td valign="top">
                              <paragraph>
                                 <content styleCode="bold">Total Dose (mg)</content>
                              </paragraph>
                           </td>
                        </tr>
                        <tr>
                           <td valign="top"/>
                           <td valign="top"/>
                           <td valign="top"/>
                           <td valign="top"/>
                        </tr>
                        <tr>
                           <td valign="top">
                              <paragraph>Infiltration</paragraph>
                           </td>
                           <td valign="top"/>
                           <td valign="top"/>
                           <td valign="top"/>
                        </tr>
                        <tr>
                           <td valign="top">
                              <paragraph>Percutaneous</paragraph>
                           </td>
                           <td valign="top">
                              <paragraph>0.5 or 1.0</paragraph>
                           </td>
                           <td valign="top">
                              <paragraph>1−60</paragraph>
                           </td>
                           <td valign="top">
                              <paragraph>5−300</paragraph>
                           </td>
                        </tr>
                        <tr>
                           <td valign="top">
                              <paragraph>Intravenous Regional</paragraph>
                           </td>
                           <td valign="top">
                              <paragraph>0.5</paragraph>
                           </td>
                           <td valign="top">
                              <paragraph>10−60</paragraph>
                           </td>
                           <td valign="top">
                              <paragraph>50−300</paragraph>
                           </td>
                        </tr>
                        <tr>
                           <td valign="top"/>
                           <td valign="top"/>
                           <td valign="top"/>
                           <td valign="top"/>
                        </tr>
                        <tr>
                           <td valign="top">
                              <paragraph>Peripheral Nerve Blocks, e.g.</paragraph>
                           </td>
                           <td valign="top"/>
                           <td valign="top"/>
                           <td valign="top"/>
                        </tr>
                        <tr>
                           <td valign="top">
                              <paragraph>Brachial</paragraph>
                           </td>
                           <td valign="top">
                              <paragraph>1.5</paragraph>
                           </td>
                           <td valign="top">
                              <paragraph>15−20</paragraph>
                           </td>
                           <td valign="top">
                              <paragraph>225−300</paragraph>
                           </td>
                        </tr>
                        <tr>
                           <td valign="top">
                              <paragraph>Dental</paragraph>
                           </td>
                           <td valign="top">
                              <paragraph>2.0</paragraph>
                           </td>
                           <td valign="top">
                              <paragraph>1−5</paragraph>
                           </td>
                           <td valign="top">
                              <paragraph>20−100</paragraph>
                           </td>
                        </tr>
                        <tr>
                           <td valign="top">
                              <paragraph>Intercostal</paragraph>
                           </td>
                           <td valign="top">
                              <paragraph>1.0</paragraph>
                           </td>
                           <td valign="top">
                              <paragraph>3</paragraph>
                           </td>
                           <td valign="top">
                              <paragraph>30</paragraph>
                           </td>
                        </tr>
                        <tr>
                           <td valign="top">
                              <paragraph>Paravertebral</paragraph>
                           </td>
                           <td valign="top">
                              <paragraph>1.0</paragraph>
                           </td>
                           <td valign="top">
                              <paragraph>3−5</paragraph>
                           </td>
                           <td valign="top">
                              <paragraph>30−50</paragraph>
                           </td>
                        </tr>
                        <tr>
                           <td valign="top">
                              <paragraph>Pudendal (each side)</paragraph>
                           </td>
                           <td valign="top">
                              <paragraph>1.0</paragraph>
                           </td>
                           <td valign="top">
                              <paragraph>10</paragraph>
                           </td>
                           <td valign="top">
                              <paragraph>100</paragraph>
                           </td>
                        </tr>
                        <tr>
                           <td valign="top">
                              <paragraph>Paracervical</paragraph>
                           </td>
                           <td valign="top"/>
                           <td valign="top"/>
                           <td valign="top"/>
                        </tr>
                        <tr>
                           <td valign="top">
                              <paragraph>Obstetrical Analgesia</paragraph>
                           </td>
                           <td valign="top"/>
                           <td valign="top"/>
                           <td valign="top"/>
                        </tr>
                        <tr>
                           <td valign="top">
                              <paragraph>(each side)</paragraph>
                           </td>
                           <td valign="top">
                              <paragraph>1.0</paragraph>
                           </td>
                           <td valign="top">
                              <paragraph>10</paragraph>
                           </td>
                           <td valign="top">
                              <paragraph>100</paragraph>
                           </td>
                        </tr>
                        <tr>
                           <td valign="top"/>
                           <td valign="top"/>
                           <td valign="top"/>
                           <td valign="top"/>
                        </tr>
                        <tr>
                           <td valign="top">
                              <paragraph>Sympathetic Nerve Blocks, e.g.</paragraph>
                           </td>
                           <td valign="top"/>
                           <td valign="top"/>
                           <td valign="top"/>
                        </tr>
                        <tr>
                           <td valign="top">
                              <paragraph>Cervical (stellate ganglion)</paragraph>
                           </td>
                           <td valign="top">
                              <paragraph>1.0</paragraph>
                           </td>
                           <td valign="top">
                              <paragraph>5</paragraph>
                           </td>
                           <td valign="top">
                              <paragraph>50</paragraph>
                           </td>
                        </tr>
                        <tr>
                           <td valign="top">
                              <paragraph>Lumbar</paragraph>
                           </td>
                           <td valign="top">
                              <paragraph>1.0</paragraph>
                           </td>
                           <td valign="top">
                              <paragraph>5−10</paragraph>
                           </td>
                           <td valign="top">
                              <paragraph>50−100</paragraph>
                           </td>
                        </tr>
                        <tr>
                           <td valign="top"/>
                           <td valign="top"/>
                           <td valign="top"/>
                           <td valign="top"/>
                        </tr>
                        <tr>
                           <td valign="top">
                              <paragraph>Central Neural Blocks</paragraph>
                           </td>
                           <td valign="top"/>
                           <td valign="top"/>
                           <td valign="top"/>
                        </tr>
                        <tr>
                           <td valign="top">
                              <paragraph>Epidural*</paragraph>
                           </td>
                           <td valign="top"/>
                           <td valign="top"/>
                           <td valign="top"/>
                        </tr>
                        <tr>
                           <td valign="top">
                              <paragraph>Thoracic</paragraph>
                           </td>
                           <td valign="top">
                              <paragraph>1.0</paragraph>
                           </td>
                           <td valign="top">
                              <paragraph>20−30</paragraph>
                           </td>
                           <td valign="top">
                              <paragraph>200−300</paragraph>
                           </td>
                        </tr>
                        <tr>
                           <td valign="top">
                              <paragraph>Lumbar</paragraph>
                           </td>
                           <td valign="top"/>
                           <td valign="top"/>
                           <td valign="top"/>
                        </tr>
                        <tr>
                           <td valign="top">
                              <paragraph>Analgesia</paragraph>
                           </td>
                           <td valign="top">
                              <paragraph>1.0</paragraph>
                           </td>
                           <td valign="top">
                              <paragraph>25−30</paragraph>
                           </td>
                           <td valign="top">
                              <paragraph>250−300</paragraph>
                           </td>
                        </tr>
                        <tr>
                           <td valign="top">
                              <paragraph>Anesthesia</paragraph>
                           </td>
                           <td valign="top">
                              <paragraph>1.5</paragraph>
                           </td>
                           <td valign="top">
                              <paragraph>15−20</paragraph>
                           </td>
                           <td valign="top">
                              <paragraph>225−300</paragraph>
                           </td>
                        </tr>
                        <tr>
                           <td valign="top"/>
                           <td valign="top">
                              <paragraph>2.0</paragraph>
                           </td>
                           <td valign="top">
                              <paragraph>10−15</paragraph>
                           </td>
                           <td valign="top">
                              <paragraph>200−300</paragraph>
                           </td>
                        </tr>
                        <tr>
                           <td valign="top">
                              <paragraph>Caudal</paragraph>
                           </td>
                           <td valign="top"/>
                           <td valign="top"/>
                           <td valign="top"/>
                        </tr>
                        <tr>
                           <td valign="top">
                              <paragraph>Obstetrical Analgesia</paragraph>
                           </td>
                           <td valign="top">
                              <paragraph>1.0</paragraph>
                           </td>
                           <td valign="top">
                              <paragraph>20−30</paragraph>
                           </td>
                           <td valign="top">
                              <paragraph>200−300</paragraph>
                           </td>
                        </tr>
                        <tr>
                           <td valign="top">
                              <paragraph>Surgical Anesthesia</paragraph>
                           </td>
                           <td valign="top">
                              <paragraph>1.5</paragraph>
                           </td>
                           <td valign="top">
                              <paragraph>15−20</paragraph>
                           </td>
                           <td valign="top">
                              <paragraph>225−300</paragraph>
                           </td>
                        </tr>
                        <tr>
                           <td valign="top"/>
                           <td valign="top"/>
                           <td valign="top"/>
                           <td valign="top"/>
                        </tr>
                        <tr>
                           <td colspan="4" valign="top"/>
                        </tr>
                        <tr>
                           <td colspan="4" valign="top">
                              <paragraph>*Dose determined by number of dermatomes to be anesthetized (2 to 3 mL/dermatome).</paragraph>
                           </td>
                        </tr>
                     </tbody>
                  </table>
                  <paragraph>THE ABOVE SUGGESTED CONCENTRATIONS AND VOLUMES SERVE ONLY AS A GUIDE. OTHER VOLUMES AND CONCENTRATIONS MAY BE USED PROVIDED THE TOTAL MAXIMUM RECOMMENDED DOSE IS NOT EXCEEDED.</paragraph>
                  <paragraph>
                     <content styleCode="bold">Sterilization, Storage and Technical Procedures:</content>Disinfecting agents containing heavy metals, which cause release of respective ions (mercury, zinc, copper, etc.) should not be used for skin or mucous membrane disinfection as they have been related to incidence of swelling and edema. When chemical disinfection of multi-dose vials is desired, either isopropyl alcohol (91%) or 70% ethyl alcohol is recommended. Many commercially available brands of rubbing alcohol, as well as solutions of ethyl alcohol not of USP grade, contain denaturants which are injurious to rubber and, therefore, are not to be used. It is recommended that chemical disinfection be accomplished by wiping the vial stopper thoroughly with cotton or gauze that has been moistened with the recommended alcohol just prior to use.

 </paragraph>
               </text>
               <effectiveTime value="20230726"/>
            </section>
         </component>
         <component>
            <section ID="b800de14-94bc-451a-aeff-7d3a3e536588">
               <id root="01cc0577-e198-2e3d-e063-6394a90a53bd"/>
               <code code="34069-5" codeSystem="2.16.840.1.113883.6.1" displayName="HOW SUPPLIED SECTION"/>
               <title>HOW SUPPLIED</title>
               <text>
                  <paragraph>Accucaine is supplied as follows:</paragraph>
                  <paragraph>1 Kit NDC: 80425-0333-01</paragraph>
                  <paragraph>Store at 20 to 25°C (68 to 77°F). [See USP Controlled Room Temperature.]</paragraph>
                  <paragraph>Lidocaine Hydrochloride Injection, USP solutions packaged in ampuls and glass teartop vials may be autoclaved one time only. Autoclave at 15 pounds pressure, 121°C (250°F) for 15 minutes. 
  <content styleCode="bold">DO NOT AUTOCLAVE PRODUCT IN PLASTIC VIALS.</content>
                  </paragraph>
                  <paragraph>Revised: February, 2010</paragraph>
                  <paragraph>Printed in USA                            EN-2421</paragraph>
                  <paragraph>Hospira, Inc., Lake Forest, IL 60045 USA</paragraph>
                  <paragraph>Distributed by: Advanced Rx Pharmacy of Tennessee, LLC</paragraph>
               </text>
               <effectiveTime value="20230726"/>
            </section>
         </component>
         <component>
            <section ID="s3">
               <id root="01cfa0ac-bcf9-7ccc-e063-6294a90a66a6"/>
               <code code="51945-4" codeSystem="2.16.840.1.113883.6.1" displayName="PACKAGE LABEL.PRINCIPAL DISPLAY PANEL"/>
               <text>
                  <paragraph>
                     <content styleCode="bold">NDC:80425-0333-01 Rx Only</content>
                  </paragraph>
                  <paragraph>
                     <content styleCode="bold">Accucaine</content>
                     <content styleCode="bold">
                        <sup>™</sup>
                     </content>
                  </paragraph>
                  <paragraph>
                     <content styleCode="bold">Kit Contains</content>
                  </paragraph>
                  <paragraph>1 Lidocaine HCl Injection, USP 1% (5mL)</paragraph>
                  <paragraph>1 Ultrasound Transmission Gel (20g)</paragraph>
                  <paragraph>1 Gebauer's Pain Ease 
  <sup>®</sup>(30mL)
 </paragraph>
                  <paragraph>1 BD Integra Syringe with Retracting BD PrecisionGlide Needle (3mL 23G x 1”)</paragraph>
                  <paragraph>1 BD Integra Syringe with Retracting BD PrecisionGlide Needle (3mL 25G x 1”)</paragraph>
                  <paragraph>1 Pair Nitrile Powder Free Sterile Gloves (M)</paragraph>
                  <paragraph>1 Drape</paragraph>
                  <paragraph>1 Adhesive Bandage</paragraph>
                  <paragraph>1 Isopropyl Alcohol 70% Prep Pad</paragraph>
                  <paragraph>5 Non-sterile 4x4 gauze</paragraph>
                  <paragraph>1 Face mask</paragraph>
                  <paragraph>1 Dose</paragraph>
                  <paragraph>Single Use Only</paragraph>
                  <paragraph>
                     <content styleCode="bold">Distributed by Advanced Rx Pharmacy of Tennessee, LLC</content>
                  </paragraph>
                  <paragraph>
                     <renderMultiMedia referencedObject="img_01cbe715-daa7-0ee2-e063-6294a90aa210"/>
                  </paragraph>
               </text>
               <effectiveTime value="20230726"/>
               <component>
                  <observationMedia ID="img_01cbe715-daa7-0ee2-e063-6294a90aa210">
                     <text>label 1</text>
                     <value mediaType="image/jpeg" xsi:type="ED">
                        <reference value="Accucaine Kit 80425-0333-01.jpg"/>
                     </value>
                  </observationMedia>
               </component>
            </section>
         </component>
      </structuredBody>
   </component>
</document>