<?xml version="1.0" encoding="UTF-8"?><?xml-stylesheet href="https://www.accessdata.fda.gov/spl/stylesheet/spl.xsl" type="text/xsl"?>
<document xmlns:xsi="http://www.w3.org/2001/XMLSchema-instance" xmlns="urn:hl7-org:v3" xsi:schemaLocation="urn:hl7-org:v3 https://www.accessdata.fda.gov/spl/schema/spl.xsd">
   <id root="01cca28b-fbd8-150a-e063-6394a90a76c5"/>
   <code code="34391-3" codeSystem="2.16.840.1.113883.6.1" displayName="HUMAN PRESCRIPTION DRUG LABEL"/>
   <title>Cyclobenzaprine hydrochloride, USP</title>
   <effectiveTime value="20230731"/>
   <setId root="00dbe051-a392-e2c6-e063-6394a90ab7f3"/>
   <versionNumber value="2"/>
   <author>
      <time/>
      <assignedEntity>
         <representedOrganization>
            <id root="1.3.6.1.4.1.519.1" extension="010632300"/>
            <name>NuCare Pharmaceuticals,Inc.</name>
            <assignedEntity>
               <assignedOrganization>
                  <assignedEntity>
                     <assignedOrganization>
                        <id root="1.3.6.1.4.1.519.1" extension="010632300"/>
                        <name>NuCare Pharmaceuticals,Inc.</name>
                     </assignedOrganization>
                     <performance>
                        <actDefinition>
                           <code code="C73606" displayName="repack" codeSystem="2.16.840.1.113883.3.26.1.1"/>
                           <product>
                              <manufacturedProduct classCode="MANU">
                                 <manufacturedMaterialKind>
                                    <code code="68071-3462" codeSystem="2.16.840.1.113883.6.69"/>
                                 </manufacturedMaterialKind>
                              </manufacturedProduct>
                           </product>
                        </actDefinition>
                     </performance>
                  </assignedEntity>
               </assignedOrganization>
            </assignedEntity>
         </representedOrganization>
      </assignedEntity>
   </author>
   <component>
      <structuredBody>
         <component>
            <section>
               <id root="01ccad71-8338-ff15-e063-6294a90af645"/>
               <code code="48780-1" codeSystem="2.16.840.1.113883.6.1" displayName="SPL product data elements section"/>
               <effectiveTime value="20230731"/>
               <subject>
                  <manufacturedProduct>
                     <manufacturedProduct>
                        <code code="68071-3462" codeSystem="2.16.840.1.113883.6.69"/>
                        <name>CYCLOBENZAPRINE HYDROCHLORIDE</name>
                        <formCode code="C42931" codeSystem="2.16.840.1.113883.3.26.1.1" displayName="TABLET, FILM COATED"/>
                        <asEntityWithGeneric>
                           <genericMedicine>
                              <name>cyclobenzaprine hydrochloride</name>
                           </genericMedicine>
                        </asEntityWithGeneric>
                        <asEquivalentEntity classCode="EQUIV">
                           <code code="C64637" codeSystem="2.16.840.1.113883.3.26.1.1"/>
                           <definingMaterialKind>
                              <code code="72888-014" codeSystem="2.16.840.1.113883.6.69"/>
                           </definingMaterialKind>
                        </asEquivalentEntity>
                        <ingredient classCode="IACT">
                           <ingredientSubstance>
                              <code code="3SY5LH9PMK" codeSystem="2.16.840.1.113883.4.9"/>
                              <name>ANHYDROUS LACTOSE</name>
                           </ingredientSubstance>
                        </ingredient>
                        <ingredient classCode="IACT">
                           <ingredientSubstance>
                              <code code="OP1R32D61U" codeSystem="2.16.840.1.113883.4.9"/>
                              <name>CELLULOSE, MICROCRYSTALLINE</name>
                           </ingredientSubstance>
                        </ingredient>
                        <ingredient classCode="IACT">
                           <ingredientSubstance>
                              <code code="68401960MK" codeSystem="2.16.840.1.113883.4.9"/>
                              <name>CROSPOVIDONE (15 MPA.S AT 5%)</name>
                           </ingredientSubstance>
                        </ingredient>
                        <ingredient classCode="IACT">
                           <ingredientSubstance>
                              <code code="3NXW29V3WO" codeSystem="2.16.840.1.113883.4.9"/>
                              <name>HYPROMELLOSE, UNSPECIFIED</name>
                           </ingredientSubstance>
                        </ingredient>
                        <ingredient classCode="IACT">
                           <ingredientSubstance>
                              <code code="70097M6I30" codeSystem="2.16.840.1.113883.4.9"/>
                              <name>MAGNESIUM STEARATE</name>
                           </ingredientSubstance>
                        </ingredient>
                        <ingredient classCode="IACT">
                           <ingredientSubstance>
                              <code code="B697894SGQ" codeSystem="2.16.840.1.113883.4.9"/>
                              <name>POLYETHYLENE GLYCOL 400</name>
                           </ingredientSubstance>
                        </ingredient>
                        <ingredient classCode="IACT">
                           <ingredientSubstance>
                              <code code="6OZP39ZG8H" codeSystem="2.16.840.1.113883.4.9"/>
                              <name>POLYSORBATE 80</name>
                           </ingredientSubstance>
                        </ingredient>
                        <ingredient classCode="IACT">
                           <ingredientSubstance>
                              <code code="ETJ7Z6XBU4" codeSystem="2.16.840.1.113883.4.9"/>
                              <name>SILICON DIOXIDE</name>
                           </ingredientSubstance>
                        </ingredient>
                        <ingredient classCode="IACT">
                           <ingredientSubstance>
                              <code code="O8232NY3SJ" codeSystem="2.16.840.1.113883.4.9"/>
                              <name>STARCH, CORN</name>
                           </ingredientSubstance>
                        </ingredient>
                        <ingredient classCode="IACT">
                           <ingredientSubstance>
                              <code code="15FIX9V2JP" codeSystem="2.16.840.1.113883.4.9"/>
                              <name>TITANIUM DIOXIDE</name>
                           </ingredientSubstance>
                        </ingredient>
                        <ingredient classCode="IACT">
                           <ingredientSubstance>
                              <code code="35SW5USQ3G" codeSystem="2.16.840.1.113883.4.9"/>
                              <name>D&amp;C YELLOW NO. 10</name>
                           </ingredientSubstance>
                        </ingredient>
                        <ingredient classCode="IACT">
                           <ingredientSubstance>
                              <code code="H77VEI93A8" codeSystem="2.16.840.1.113883.4.9"/>
                              <name>FD&amp;C YELLOW NO. 6</name>
                           </ingredientSubstance>
                        </ingredient>
                        <ingredient classCode="ACTIB">
                           <quantity>
                              <numerator unit="mg" value="10"/>
                              <denominator unit="1" value="1"/>
                           </quantity>
                           <ingredientSubstance>
                              <code code="0VE05JYS2P" codeSystem="2.16.840.1.113883.4.9"/>
                              <name>CYCLOBENZAPRINE HYDROCHLORIDE</name>
                              <activeMoiety>
                                 <activeMoiety>
                                    <code code="69O5WQQ5TI" codeSystem="2.16.840.1.113883.4.9"/>
                                    <name>CYCLOBENZAPRINE</name>
                                 </activeMoiety>
                              </activeMoiety>
                           </ingredientSubstance>
                        </ingredient>
                        <asContent>
                           <quantity>
                              <numerator value="20" unit="1"/>
                              <denominator value="1"/>
                           </quantity>
                           <containerPackagedProduct>
                              <code code="68071-3462-2" codeSystem="2.16.840.1.113883.6.69"/>
                              <formCode code="C43169" codeSystem="2.16.840.1.113883.3.26.1.1" displayName="BOTTLE"/>
                           </containerPackagedProduct>
                           <subjectOf>
                              <characteristic>
                                 <code code="SPLCMBPRDTP" codeSystem="2.16.840.1.113883.1.11.19255"/>
                                 <value code="C112160" codeSystem="2.16.840.1.113883.3.26.1.1" displayName="Type 0: Not a Combination Product" xsi:type="CV"/>
                              </characteristic>
                           </subjectOf>
                           <subjectOf>
                              <marketingAct>
                                 <code code="C53292" codeSystem="2.16.840.1.113883.3.26.1.1"/>
                                 <statusCode code="active"/>
                                 <effectiveTime>
                                    <low value="20230719"/>
                                 </effectiveTime>
                              </marketingAct>
                           </subjectOf>
                        </asContent>
                        <asContent>
                           <quantity>
                              <numerator value="30" unit="1"/>
                              <denominator value="1"/>
                           </quantity>
                           <containerPackagedProduct>
                              <code code="68071-3462-3" codeSystem="2.16.840.1.113883.6.69"/>
                              <formCode code="C43169" codeSystem="2.16.840.1.113883.3.26.1.1" displayName="BOTTLE"/>
                           </containerPackagedProduct>
                           <subjectOf>
                              <characteristic>
                                 <code code="SPLCMBPRDTP" codeSystem="2.16.840.1.113883.1.11.19255"/>
                                 <value code="C112160" codeSystem="2.16.840.1.113883.3.26.1.1" displayName="Type 0: Not a Combination Product" xsi:type="CV"/>
                              </characteristic>
                           </subjectOf>
                           <subjectOf>
                              <marketingAct>
                                 <code code="C53292" codeSystem="2.16.840.1.113883.3.26.1.1"/>
                                 <statusCode code="active"/>
                                 <effectiveTime>
                                    <low value="20230731"/>
                                 </effectiveTime>
                              </marketingAct>
                           </subjectOf>
                        </asContent>
                     </manufacturedProduct>
                     <subjectOf>
                        <approval>
                           <id extension="ANDA208170" root="2.16.840.1.113883.3.150"/>
                           <code code="C73584" codeSystem="2.16.840.1.113883.3.26.1.1" displayName="ANDA"/>
                           <author>
                              <territorialAuthority>
                                 <territory>
                                    <code code="USA" codeSystem="2.16.840.1.113883.5.28"/>
                                 </territory>
                              </territorialAuthority>
                           </author>
                        </approval>
                     </subjectOf>
                     <subjectOf>
                        <marketingAct>
                           <code code="C53292" codeSystem="2.16.840.1.113883.3.26.1.1"/>
                           <statusCode code="active"/>
                           <effectiveTime>
                              <low value="20170531"/>
                           </effectiveTime>
                        </marketingAct>
                     </subjectOf>
                     <subjectOf>
                        <characteristic classCode="OBS">
                           <code code="SPLCOLOR" codeSystem="2.16.840.1.113883.1.11.19255"/>
                           <value code="C48331" codeSystem="2.16.840.1.113883.3.26.1.1" displayName="orange" xsi:type="CE">
                              <originalText>Orange-yellow</originalText>
                           </value>
                        </characteristic>
                     </subjectOf>
                     <subjectOf>
                        <characteristic classCode="OBS">
                           <code code="SPLSHAPE" codeSystem="2.16.840.1.113883.1.11.19255"/>
                           <value code="C48348" codeSystem="2.16.840.1.113883.3.26.1.1" displayName="ROUND" xsi:type="CE">
                              <originalText/>
                           </value>
                        </characteristic>
                     </subjectOf>
                     <subjectOf>
                        <characteristic classCode="OBS">
                           <code code="SPLSIZE" codeSystem="2.16.840.1.113883.1.11.19255"/>
                           <value unit="mm" value="8" xsi:type="PQ"/>
                        </characteristic>
                     </subjectOf>
                     <subjectOf>
                        <characteristic classCode="OBS">
                           <code code="SPLSCORE" codeSystem="2.16.840.1.113883.1.11.19255"/>
                           <value value="1" xsi:type="INT"/>
                        </characteristic>
                     </subjectOf>
                     <subjectOf>
                        <characteristic classCode="OBS">
                           <code code="SPLIMPRINT" codeSystem="2.16.840.1.113883.1.11.19255"/>
                           <value xsi:type="ST">022</value>
                        </characteristic>
                     </subjectOf>
                     <consumedIn>
                        <substanceAdministration>
                           <routeCode code="C38288" codeSystem="2.16.840.1.113883.3.26.1.1" displayName="ORAL"/>
                        </substanceAdministration>
                     </consumedIn>
                  </manufacturedProduct>
               </subject>
            </section>
         </component>
         <component>
            <section ID="ID1">
               <id root="00dbdef4-760a-0b3b-e063-6394a90a25ec"/>
               <code code="34089-3" codeSystem="2.16.840.1.113883.6.1" displayName="DESCRIPTION SECTION"/>
               <title>DESCRIPTION</title>
               <text>
                  <paragraph ID="ID2">Cyclobenzaprine hydrochloride, USP is a tricyclic amine salt which is white to off white, odourless, crystalline powder with the molecular formula C
 
  <sub>20</sub>H
 
  <sub>21</sub>N • HCl and a molecular weight of 311.9. It has a melting point of 217°C, and a pKa of 8.47 at 25°C. It is freely soluble in water, in alcohol and in methanol, sparingly soluble in isopropanol, slightly soluble in chloroform and in methylene chloride, insoluble in n-hexane. If aqueous solutions are made alkaline, the free base separates. Cyclobenzaprine hydrochloride is designated chemically as 3-(5H -dibenzo[a,d] cyclohepten-5-ylidene)-
 
  <content styleCode="italics">N,N</content>-dimethyl-1-propanamine hydrochloride, and has the following structural formula:

 </paragraph>
                  <renderMultiMedia referencedObject="MM1"/>
                  <paragraph ID="ID4">Cyclobenzaprine hydrochloride tablets, USP are available as 5 mg, 7.5 mg and 10 mg tablets for oral administration. Each 5 mg, 7.5 mg and 10 mg tablet contains cyclobenzaprine hydrochloride and the following inactive ingredients: crospovidone, hypromellose, lactose anhydrous, macrogol, magnesium stearate, polysorbate 80, pregelatinized starch, silicified microcrystalline cellulose, titanium dioxide. The tablets of 5 mg and 10 mg also contain D&amp;C Yellow #10 Aluminum Lake and FD&amp;C Yellow #6 Sunset Yellow FCF Aluminum Lake. In addition, the 5 mg tablets contain FD&amp;C Blue #2/INDIGO Carmine Aluminum Lake.</paragraph>
               </text>
               <effectiveTime value="20211124"/>
               <component>
                  <observationMedia ID="MM1">
                     <text>Image</text>
                     <value mediaType="image/jpeg" xsi:type="ED">
                        <reference value="cyclobenzaprine-hcl-tabs-structure.jpg"/>
                     </value>
                  </observationMedia>
               </component>
            </section>
         </component>
         <component>
            <section ID="ID5">
               <id root="00dbdef4-760b-0b3b-e063-6394a90a25ec"/>
               <code code="34090-1" codeSystem="2.16.840.1.113883.6.1" displayName="CLINICAL PHARMACOLOGY SECTION"/>
               <title>CLINICAL PHARMACOLOGY</title>
               <text>
                  <paragraph ID="ID6">Cyclobenzaprine hydrochloride relieves skeletal muscle spasm of local origin without interfering with muscle function. It is ineffective in muscle spasm due to central nervous system disease.</paragraph>
                  <paragraph>Cyclobenzaprine reduced or abolished skeletal muscle hyperactivity in several animal models. Animal studies indicate that cyclobenzaprine does not act at the neuromuscular junction or directly on skeletal muscle. Such studies show that cyclobenzaprine acts primarily within the central nervous system at brain stem as opposed to spinal cord levels, although its action on the latter may contribute to its overall skeletal muscle relaxant activity. Evidence suggests that the net effect of cyclobenzaprine is a reduction of tonic somatic motor activity, influencing both gamma (γ) and alpha (α) motor systems.</paragraph>
                  <paragraph>Pharmacological studies in animals showed a similarity between the effects of cyclobenzaprine and the structurally related tricyclic antidepressants, including reserpine antagonism, norepinephrine potentiation, potent peripheral and central anticholinergic effects, and sedation. Cyclobenzaprine caused slight to moderate increase in heart rate in animals.</paragraph>
                  <paragraph>
                     <content styleCode="bold">Pharmacokinetics</content>
                  </paragraph>
                  <paragraph>Estimates of mean oral bioavailability of cyclobenzaprine range from 33% to 55%. Cyclobenzaprine exhibits linear pharmacokinetics over the dose range 2.5 mg to 10 mg, and is subject to enterohepatic circulation. It is highly bound to plasma proteins. Drug accumulates when dosed 3 times a day, reaching steady-state within 3 to 4 days at plasma concentrations about 4-fold higher than after a single dose. At steady-state in healthy subjects receiving 10 mg t.i.d. (n = 18), peak plasma concentration was 25.9 ng/mL (range, 12.8 to 46.1 ng/mL), and area under the concentration-time (AUC) curve over an 8-hour dosing interval was 177 ng·hr/mL (range, 80 to 319 ng·hr/mL).</paragraph>
                  <paragraph>Cyclobenzaprine is extensively metabolized, and is excreted primarily as glucuronides via the kidney. Cytochromes P450 3A4, 1A2, and, to a lesser extent, 2D6, mediate N-demethylation, one of the oxidative pathways for cyclobenzaprine. Cyclobenzaprine is eliminated quite slowly, with an effective half-life of 18 hours (range 8 to 37 hours; n = 18); plasma clearance is 0.7 L/min.</paragraph>
                  <paragraph>The plasma concentration of cyclobenzaprine is generally higher in the elderly and in patients with hepatic impairment (see
 
  <linkHtml href="#ID13">PRECAUTIONS: Use in the Elderly</linkHtml>and
 
  <linkHtml href="#ID13">PRECAUTIONS: Impaired Hepatic Function</linkHtml>).

 </paragraph>
                  <paragraph>
                     <content styleCode="bold">
                        <content styleCode="italics">Elderly</content>
                     </content>
                  </paragraph>
                  <paragraph>In a pharmacokinetic study in elderly individuals (≥ 65 yrs old), mean (n = 10) steady-state cyclobenzaprine AUC values were approximately 1.7-fold (171 ng·hr/mL, range 96.1 to 255.3) higher than those seen in a group of 18 younger adults (101.4 ng·hr/mL, range 36.1 to 182.9) from another study. Elderly male subjects had the highest observed mean increase, approximately 2.4-fold (198.3 ng·hr/mL, range 155.6 to 255.3 vs. 83.2 ng·hr/mL, range 41.1 to 142.5 for younger males) while levels in elderly females were increased to a much lesser extent, approximately 1.2-fold (143.8 ng·hr/mL, range 96.1 to 196.3 vs. 115.9 ng·hr/mL, range 36.1 to 182.9 for younger females).</paragraph>
                  <paragraph>In light of these findings, therapy with cyclobenzaprine in the elderly should be initiated with a 5 mg dose and titrated slowly upward.</paragraph>
                  <paragraph>
                     <content styleCode="bold">
                        <content styleCode="italics">Hepatic Impairment</content>
                     </content>
                  </paragraph>
                  <paragraph>In a pharmacokinetic study of 16 subjects with hepatic impairment (15 mild, 1 moderate per Child-Pugh score), both AUC and C
 
  <sub>max</sub>were approximately double the values seen in the healthy control group. Based on the findings, cyclobenzaprine should be used with caution in subjects with mild hepatic impairment starting with the 5 mg dose and titrating slowly upward. Due to the lack of data in subjects with more severe hepatic insufficiency, the use of cyclobenzaprine in subjects with moderate to severe impairment is not recommended.

 </paragraph>
                  <paragraph>No significant effect on plasma levels or bioavailability of cyclobenzaprine or aspirin was noted when single or multiple doses of the two drugs were administered concomitantly. Concomitant administration of cyclobenzaprine and naproxen or diflunisal was well tolerated with no reported unexpected adverse effects. However combination therapy of cyclobenzaprine with naproxen was associated with more side effects than therapy with naproxen alone, primarily in the form of drowsiness. No well controlled studies have been performed to indicate that cyclobenzaprine enhances the clinical effect of aspirin or other analgesics, or whether analgesics enhance the clinical effect of cyclobenzaprine in acute musculoskeletal conditions.</paragraph>
                  <paragraph>
                     <content styleCode="bold">Clinical Studies</content>
                  </paragraph>
                  <paragraph>Eight double-blind controlled clinical studies were performed in 642 patients comparing cyclobenzaprine hydrochloride 10 mg, diazepam, and placebo. Muscle spasm, local pain and tenderness, limitation of motion, and restriction in activities of daily living were evaluated. In three of these studies there was a significantly greater improvement with cyclobenzaprine than with diazepam, while in the other studies the improvement following both treatments was comparable.</paragraph>
                  <paragraph>Although the frequency and severity of adverse reactions observed in patients treated with cyclobenzaprine were comparable to those observed in patients treated with diazepam, dry mouth was observed more frequently in patients treated with cyclobenzaprine and dizziness more frequently in those treated with diazepam. The incidence of drowsiness, the most frequent adverse reaction, was similar with both drugs.</paragraph>
                  <paragraph>The efficacy of cyclobenzaprine hydrochloride 5 mg was demonstrated in two 7-day, double-blind, controlled clinical trials enrolling 1,405 patients. One study compared cyclobenzaprine hydrochloride 5 mg and 10 mg t.i.d. to placebo; and a second study compared cyclobenzaprine hydrochloride 5 mg and 2.5 mg t.i.d. to placebo. Primary endpoints for both trials were determined by patient-generated data and included global impression of change, medication helpfulness, and relief from starting backache. Each endpoint consisted of a score on a 5-point rating scale (from 0 or worst outcome to 4 or best outcome). Secondary endpoints included a physician's evaluation of the presence and extent of palpable muscle spasm.</paragraph>
                  <paragraph>Comparisons of cyclobenzaprine hydrochloride 5 mg and placebo groups in both trials established the statistically significant superiority of the 5 mg dose for all three primary endpoints at day 8 and, in the study comparing 5 mg and 10 mg, at day 3 or 4 as well. A similar effect was observed with cyclobenzaprine hydrochloride 10 mg (all endpoints). Physician-assessed secondary endpoints also showed that cyclobenzaprine hydrochloride 5 mg was associated with a greater reduction in palpable muscle spasm than placebo.</paragraph>
                  <paragraph>Analysis of the data from controlled studies shows that cyclobenzaprine produces clinical improvement whether or not sedation occurs.</paragraph>
                  <paragraph>
                     <content styleCode="bold">Surveillance Program</content>
                  </paragraph>
                  <paragraph>A post-marketing surveillance program was carried out in 7,607 patients with acute musculoskeletal disorders, and included 297 patients treated with cyclobenzaprine hydrochloride 10 mg for 30 days or longer. The overall effectiveness of cyclobenzaprine was similar to that observed in the double-blind controlled studies; the overall incidence of adverse effects was less (
 
  <linkHtml href="#ID15">see ADVERSE REACTIONS</linkHtml>).

 </paragraph>
               </text>
               <effectiveTime value="20180314"/>
            </section>
         </component>
         <component>
            <section ID="ID7">
               <id root="00dbdef4-760c-0b3b-e063-6394a90a25ec"/>
               <code code="34067-9" codeSystem="2.16.840.1.113883.6.1" displayName="INDICATIONS &amp; USAGE SECTION"/>
               <title>INDICATIONS AND USAGE</title>
               <text>
                  <paragraph ID="ID8">Cyclobenzaprine hydrochloride tablets, USP are indicated as an adjunct to rest and physical therapy for relief of muscle spasm associated with acute, painful musculoskeletal conditions.</paragraph>
                  <paragraph>Improvement is manifested by relief of muscle spasm and its associated signs and symptoms, namely, pain, tenderness, limitation of motion, and restriction in activities of daily living.</paragraph>
                  <paragraph>
                     <content styleCode="italics">Cyclobenzaprine hydrochloride tablets should be used only for short periods (up to 2 or 3 weeks) because adequate evidence of effectiveness for more prolonged use is not available and because muscle spasm associated with acute, painful musculoskeletal conditions is generally of short duration and specific therapy for longer periods is seldom warranted.</content>
                  </paragraph>
                  <paragraph>Cyclobenzaprine hydrochloride tablets have not been found effective in the treatment of spasticity associated with cerebral or spinal cord disease, or in children with cerebral palsy.</paragraph>
               </text>
               <effectiveTime value="20180314"/>
            </section>
         </component>
         <component>
            <section ID="ID9">
               <id root="00dbdef4-760d-0b3b-e063-6394a90a25ec"/>
               <code code="34070-3" codeSystem="2.16.840.1.113883.6.1" displayName="CONTRAINDICATIONS SECTION"/>
               <title>CONTRAINDICATIONS</title>
               <text>
                  <paragraph ID="ID10">Hypersensitivity to any component of this product.</paragraph>
                  <paragraph>Concomitant use of monoamine oxidase (MAO) inhibitors or within 14 days after their discontinuation. Hyperpyretic crisis seizures and deaths have occurred in patients receiving cyclobenzaprine (or structurally similar tricyclic antidepressants) concomitantly with MAO inhibitor drugs.</paragraph>
                  <paragraph>Acute recovery phase of myocardial infarction, and patients with arrhythmias, heart block or conduction disturbances, or congestive heart failure.</paragraph>
                  <paragraph>Hyperthyroidism.</paragraph>
               </text>
               <effectiveTime value="20180314"/>
            </section>
         </component>
         <component>
            <section ID="ID11">
               <id root="00dbdef4-760e-0b3b-e063-6394a90a25ec"/>
               <code code="34071-1" codeSystem="2.16.840.1.113883.6.1" displayName="WARNINGS SECTION"/>
               <title>WARNINGS</title>
               <text>
                  <paragraph ID="ID12">
                     <content styleCode="bold">Serotonin Syndrome</content>
                  </paragraph>
                  <paragraph>The development of a potentially life-threatening serotonin syndrome has been reported with cyclobenzaprine hydrochloride when used in combination with other drugs, such as selective serotonin reuptake inhibitors (SSRIs), serotonin norepinephrine reuptake inhibitors (SNRIs), tricyclic antidepressants (TCAs), tramadol, bupropion, meperidine, verapamil, or (MAO) inhibitors. The concomitant use of cyclobenzaprine hydrochloride with MAO inhibitors is contraindicated (see
 
  <linkHtml href="#ID9">CONTRAINDICATIONS</linkHtml>). Serotonin syndrome symptoms may include mental status changes (e.g., confusion, agitation, hallucinations), autonomic instability (e.g., diaphoresis, tachycardia, labile blood pressure, hyperthermia), neuromuscular abnormalities (e.g., tremor, ataxia, hyperreflexia, clonus, muscle rigidity), and/or gastrointestinal symptoms (e.g., nausea, vomiting, diarrhea). Treatment with cyclobenzaprine hydrochloride and any concomitant serotonergic agents should be discontinued immediately if the above reactions occur and supportive symptomatic treatment should be initiated. If concomitant treatment with cyclobenzaprine hydrochloride and other serotonergic drugs is clinically warranted, careful observation is advised, particularly during treatment initiation or dose increases (see
 
  <linkHtml href="#ID13">PRECAUTIONS: Drug Interactions</linkHtml>).

 </paragraph>
                  <paragraph>Cyclobenzaprine is closely related to the tricyclic antidepressants, e.g., amitriptyline and imipramine. In short term studies for indications other than muscle spasm associated with acute musculoskeletal conditions, and usually at doses somewhat greater than those recommended for skeletal muscle spasm, some of the more serious central nervous system reactions noted with the tricyclic antidepressants have occurred (see
 
  <linkHtml href="#ID11">WARNINGS</linkHtml>, below, and
 
  <linkHtml href="#ID15">ADVERSE REACTIONS</linkHtml>).

 </paragraph>
                  <paragraph>Tricyclic antidepressants have been reported to produce arrhythmias, sinus tachycardia, prolongation of the conduction time leading to myocardial infarction and stroke.</paragraph>
                  <paragraph>Cyclobenzaprine may enhance the effects of alcohol, barbiturates, and other CNS depressants.</paragraph>
               </text>
               <effectiveTime value="20180314"/>
            </section>
         </component>
         <component>
            <section ID="ID13">
               <id root="00dbdef4-760f-0b3b-e063-6394a90a25ec"/>
               <code code="42232-9" codeSystem="2.16.840.1.113883.6.1" displayName="PRECAUTIONS SECTION"/>
               <title>PRECAUTIONS</title>
               <text>
                  <paragraph ID="ID50">
                     <content styleCode="bold">General</content>
                  </paragraph>
                  <paragraph>Because of its atropine-like action, cyclobenzaprine should be used with caution in patients with a history of urinary retention, angle-closure glaucoma, increased intraocular pressure, and in patients taking anticholinergic medication.</paragraph>
                  <paragraph>Impaired Hepatic Function</paragraph>
                  <paragraph>The plasma concentration of cyclobenzaprine is increased in patients with hepatic impairment (see
 
  <linkHtml href="#ID5">CLINICAL PHARMACOLOGY: Pharmacokinetics: Hepatic Impairment</linkHtml>). These patients are generally more susceptible to drugs with potentially sedating effects, including cyclobenzaprine. Cyclobenzaprine hydrochloride should be used with caution in subjects with mild hepatic impairment starting with a 5 mg dose and titrating slowly upward. Due to the lack of data in subjects with more severe hepatic insufficiency, the use of cyclobenzaprine in subjects with moderate to severe impairment is not recommended.

 </paragraph>
                  <paragraph>
                     <content styleCode="bold">Information for Patients</content>
                  </paragraph>
                  <paragraph>Cyclobenzaprine, especially when used with alcohol or other CNS depressants, may impair mental and/or physical abilities required for performance of hazardous tasks, such as operating machinery or driving a motor vehicle. In the elderly, the frequency and severity of adverse events associated with the use of cyclobenzaprine, with or without concomitant medications, is increased. In elderly patients, cyclobenzaprine hydrochloride should be initiated with a 5 mg dose and titrated slowly upward.</paragraph>
                  <paragraph>Patients should be cautioned about the risk of serotonin syndrome with the concomitant use of cyclobenzaprine hydrochloride and other drugs, such as SSRIs, SNRIs, TCAs, tramadol, bupropion, meperidine, verapamil or MAO inhibitors. Patients should be advised of the signs and symptoms of serotonin syndrome, and be instructed to seek medical care immediately if they experience these symptoms (see
 
  <linkHtml href="#ID11">WARNINGS</linkHtml>and
 
  <linkHtml href="#ID13">PRECAUTIONS: Drug Interactions</linkHtml>).

 </paragraph>
                  <paragraph>Drug Interactions</paragraph>
                  <paragraph>Cyclobenzaprine may have life-threatening interactions with MAO inhibitors (see
 
  <linkHtml href="#ID9">CONTRAINDICATIONS</linkHtml>). Postmarketing cases of serotonin syndrome have been reported during combined use of cyclobenzaprine hydrochloride and other drugs, such as SSRIs, SNRIs, TCAs, tramadol, bupropion, meperidine, verapamil or MAO inhibitors. If concomitant treatment with cyclobenzaprine hydrochloride and other serotonergic drugs is clinically warranted, careful observation is advised, particularly during treatment initiation or dose increases (see
 
  <linkHtml href="#ID11">WARNINGS</linkHtml>).

 </paragraph>
                  <paragraph>Cyclobenzaprine may enhance the effects of alcohol, barbiturates, and other CNS depressants.</paragraph>
                  <paragraph>Tricyclic antidepressants may block the antihypertensive action of guanethidine and similarly acting compounds.</paragraph>
                  <paragraph>Tricyclic antidepressants may enhance the seizure risk in patients taking tramadol.</paragraph>
                  <paragraph>
                     <content styleCode="bold">Carcinogenesis, Mutagenesis, Impairment of Fertility</content>
                  </paragraph>
                  <paragraph>In rats treated with cyclobenzaprine for up to 67 weeks at doses of approximately 5 to 40 times the maximum recommended human dose, pale, sometimes enlarged, livers were noted and there was a dose-related hepatocyte vacuolation with lipidosis. In the higher dose groups this microscopic change was seen after 26 weeks and even earlier in rats which died prior to 26 weeks; at lower doses, the change was not seen until after 26 weeks.</paragraph>
                  <paragraph>Cyclobenzaprine did not affect the onset, incidence or distribution of neoplasia in an 81-week study in the mouse or in a 105-week study in the rat.</paragraph>
                  <paragraph>At oral doses of up to 10 times the human dose, cyclobenzaprine did not adversely affect the reproductive performance or fertility of male or female rats. Cyclobenzaprine did not demonstrate mutagenic activity in the male mouse at dose levels of up to 20 times the human dose.</paragraph>
                  <paragraph>
                     <content styleCode="bold">Pregnancy</content>
                  </paragraph>
                  <paragraph>
                     <content styleCode="bold">
                        <content styleCode="italics">Teratogenic Effects. Pregnancy Category B</content>
                     </content>
                  </paragraph>
                  <paragraph>Reproduction studies have been performed in rats, mice and rabbits at doses up to 20 times the human dose, and have revealed no evidence of impaired fertility or harm to the fetus due to cyclobenzaprine. There are, however, no adequate and well-controlled studies in pregnant women. Because animal reproduction studies are not always predictive of human response, this drug should be used during pregnancy only if clearly needed.</paragraph>
                  <paragraph>
                     <content styleCode="bold">Nursing Mothers</content>
                  </paragraph>
                  <paragraph>It is not known whether this drug is excreted in human milk. Because cyclobenzaprine is closely related to the tricyclic antidepressants, some of which are known to be excreted in human milk, caution should be exercised when cyclobenzaprine hydrochloride is administered to a nursing woman.</paragraph>
                  <paragraph>
                     <content styleCode="bold">Pediatric Use</content>
                  </paragraph>
                  <paragraph>Safety and effectiveness of cyclobenzaprine in pediatric patients below 15 years of age have not been established.</paragraph>
                  <paragraph>Use in the Elderly</paragraph>
                  <paragraph>The plasma concentration of cyclobenzaprine is increased in the elderly (see
 
  <linkHtml href="#ID5">CLINICAL PHARMACOLOGY: Pharmacokinetics: Elderly</linkHtml>). The elderly may also be more at risk for CNS adverse events such as hallucinations and confusion, cardiac events resulting in falls or other sequelae, drug-drug and drug-disease interactions. For these reasons, in the elderly, cyclobenzaprine should be used only if clearly needed. In such patients cyclobenzaprine hydrochloride should be initiated with a 5 mg dose and titrated slowly upward.

 </paragraph>
               </text>
               <effectiveTime value="20180314"/>
            </section>
         </component>
         <component>
            <section ID="ID15">
               <id root="00dbdef4-7610-0b3b-e063-6394a90a25ec"/>
               <code code="34084-4" codeSystem="2.16.840.1.113883.6.1" displayName="ADVERSE REACTIONS SECTION"/>
               <title>ADVERSE REACTIONS</title>
               <text>
                  <paragraph ID="ID16">Incidence of most common adverse reactions in the two double-blind*, placebo-controlled 5 mg studies (incidence of &gt; 3% on cyclobenzaprine hydrochloride 5 mg):</paragraph>
                  <table ID="ID17" width="100%" styleCode="Noautorules">
                     <col width="18%"/>
                     <col width="31%"/>
                     <col width="33%"/>
                     <col width="13%"/>
                     <tbody>
                        <tr>
                           <td align="left" styleCode=" Toprule" valign="top">  
     <br/>
                           </td>
                           <td align="left" styleCode=" Toprule" valign="top">Cyclobenzaprine 
     <br/>  Hydrochloride 5 mg 
     <br/>
                           </td>
                           <td align="left" styleCode=" Toprule" valign="top">Cyclobenzaprine 
     <br/>  Hydrochloride 10 mg 
     <br/>
                           </td>
                           <td align="left" styleCode=" Toprule" valign="top">Placebo 
     <br/>
                           </td>
                        </tr>
                        <tr>
                           <td align="left" valign="top">  
     <br/>
                           </td>
                           <td align="left" valign="top">N = 464 
     <br/>
                           </td>
                           <td align="left" valign="top">N = 249 
     <br/>
                           </td>
                           <td align="left" valign="top">N = 469 
     <br/>
                           </td>
                        </tr>
                        <tr>
                           <td align="left" valign="top">Drowsiness 
     <br/>
                           </td>
                           <td align="left" valign="top">29% 
     <br/>
                           </td>
                           <td align="left" valign="top">38% 
     <br/>
                           </td>
                           <td align="left" valign="top">10% 
     <br/>
                           </td>
                        </tr>
                        <tr>
                           <td align="left" valign="top">Dry Mouth 
     <br/>
                           </td>
                           <td align="left" valign="top">21% 
     <br/>
                           </td>
                           <td align="left" valign="top">32% 
     <br/>
                           </td>
                           <td align="left" valign="top">7% 
     <br/>
                           </td>
                        </tr>
                        <tr>
                           <td align="left" valign="top">Fatigue 
     <br/>
                           </td>
                           <td align="left" valign="top">6% 
     <br/>
                           </td>
                           <td align="left" valign="top">6% 
     <br/>
                           </td>
                           <td align="left" valign="top">3% 
     <br/>
                           </td>
                        </tr>
                        <tr>
                           <td align="left" styleCode=" Botrule" valign="top">Headache 
     <br/>
                           </td>
                           <td align="left" styleCode=" Botrule" valign="top">5% 
     <br/>
                           </td>
                           <td align="left" styleCode=" Botrule" valign="top">5% 
     <br/>
                           </td>
                           <td align="left" styleCode=" Botrule" valign="top">8% 
     <br/>
                           </td>
                        </tr>
                     </tbody>
                  </table>
                  <paragraph ID="ID18">*Note: Cyclobenzaprine hydrochloride 10 mg data are from one clinical trial. Cyclobenzaprine hydrochloride 5 mg and placebo data are from two studies.</paragraph>
                  <paragraph>Adverse reactions which were reported in 1% to 3% of the patients were: abdominal pain, acid regurgitation, constipation, diarrhea, dizziness, nausea, irritability, mental acuity decreased, nervousness, upper respiratory infection, and pharyngitis.</paragraph>
                  <paragraph>The following list of adverse reactions is based on the experience in 473 patients treated with cyclobenzaprine hydrochloride 10 mg in additional controlled clinical studies, 7,607 patients in the postmarketing surveillance program, and reports received since the drug was marketed. The overall incidence of adverse reactions among patients in the surveillance program was less than the incidence in the controlled clinical studies.</paragraph>
                  <paragraph>The adverse reactions reported most frequently with cyclobenzaprine were drowsiness, dry mouth and dizziness. The incidence of these common adverse reactions was lower in the surveillance program than in the controlled clinical studies:</paragraph>
                  <table ID="ID19" width="100%" styleCode="Noautorules">
                     <col width="19%"/>
                     <col width="40%"/>
                     <col width="39%"/>
                     <tbody>
                        <tr>
                           <td styleCode=" Toprule"/>
                           <td align="left" styleCode=" Toprule">Clinical Studies with 
     <br/>  Cyclobenzaprine 
     <br/>  hydrochloride 10 mg 
     <br/>
                           </td>
                           <td align="left" styleCode=" Toprule">Surveillance Program with 
     <br/>  Cyclobenzaprine 
     <br/>  hydrochloride 10 mg 
     <br/>
                           </td>
                        </tr>
                        <tr>
                           <td align="left">Drowsiness 
     <br/>
                           </td>
                           <td align="left">39% 
     <br/>
                           </td>
                           <td align="left">16% 
     <br/>
                           </td>
                        </tr>
                        <tr>
                           <td align="left">Dry Mouth 
     <br/>
                           </td>
                           <td align="left">27% 
     <br/>
                           </td>
                           <td align="left">7% 
     <br/>
                           </td>
                        </tr>
                        <tr>
                           <td align="left" styleCode=" Botrule">Dizziness 
     <br/>
                           </td>
                           <td align="left" styleCode=" Botrule">11% 
     <br/>
                           </td>
                           <td align="left" styleCode=" Botrule">3% 
     <br/>
                           </td>
                        </tr>
                     </tbody>
                  </table>
                  <paragraph ID="ID20">Among the less frequent adverse reactions, there was no appreciable difference in incidence in controlled clinical studies or in the surveillance program. Adverse reactions which were reported in 1% to 3% of the patients were: fatigue/tiredness, asthenia, nausea, constipation, dyspepsia, unpleasant taste, blurred vision, headache, nervousness, and confusion.</paragraph>
                  <paragraph>The following adverse reactions have been reported in postmarketing experience or with an incidence of less than 1% of patients in clinical trials with the 10 mg tablet:</paragraph>
                  <paragraph>
                     <content styleCode="bold">
                        <content styleCode="italics">Body as a Whole:</content>
                     </content>Syncope; malaise.

 </paragraph>
                  <paragraph>
                     <content styleCode="bold">
                        <content styleCode="italics">Cardiovascular:</content>
                     </content>Tachycardia; arrhythmia; vasodilatation; palpitation; hypotension.

 </paragraph>
                  <paragraph>
                     <content styleCode="bold">
                        <content styleCode="italics">Digestive:</content>
                     </content>Vomiting; anorexia; diarrhea; gastrointestinal pain; gastritis; thirst; flatulence; edema of the tongue; abnormal liver function and rare reports of hepatitis, jaundice and cholestasis.

 </paragraph>
                  <paragraph>
                     <content styleCode="bold">
                        <content styleCode="italics">Hypersensitivity:</content>
                     </content>Anaphylaxis; angioedema; pruritus; facial edema; urticaria; rash.

 </paragraph>
                  <paragraph>
                     <content styleCode="bold">
                        <content styleCode="italics">Musculoskeletal:</content>
                     </content>Local weakness.

 </paragraph>
                  <paragraph>
                     <content styleCode="bold">
                        <content styleCode="italics">Nervous System and Psychiatric:</content>
                     </content>Seizures; ataxia; vertigo; dysarthria; tremors; hypertonia; convulsions; muscle twitching; disorientation; insomnia; depressed mood; abnormal sensations; anxiety; agitation; psychosis; abnormal thinking and dreaming; hallucinations; excitement; paresthesia; diplopia, serotonin syndrome.

 </paragraph>
                  <paragraph>
                     <content styleCode="bold">
                        <content styleCode="italics">Skin:</content>
                     </content>Sweating.

 </paragraph>
                  <paragraph>
                     <content styleCode="bold">
                        <content styleCode="italics">Special Senses:</content>
                     </content>Ageusia; tinnitus.

 </paragraph>
                  <paragraph>
                     <content styleCode="bold">
                        <content styleCode="italics">Urogenital:</content>
                     </content>Urinary frequency and/or retention.

 </paragraph>
                  <paragraph>
                     <content styleCode="bold">Causal Relationship Unknown</content>
                  </paragraph>
                  <paragraph>Other reactions, reported rarely for cyclobenzaprine under circumstances where a causal relationship could not be established or reported for other tricyclic drugs, are listed to serve as alerting information to physicians:</paragraph>
                  <paragraph>
                     <content styleCode="bold">
                        <content styleCode="italics">Body as a Whole:</content>
                     </content>Chest pain; edema.

 </paragraph>
                  <paragraph>
                     <content styleCode="bold">
                        <content styleCode="italics">Cardiovascular:</content>
                     </content>Hypertension; myocardial infarction; heart block; stroke.

 </paragraph>
                  <paragraph>
                     <content styleCode="bold">
                        <content styleCode="italics">Digestive:</content>
                     </content>Paralytic ileus; tongue discoloration; stomatitis; parotid swelling.

 </paragraph>
                  <paragraph>
                     <content styleCode="bold">
                        <content styleCode="italics">Endocrine:</content>
                     </content>Inappropriate ADH syndrome.

 </paragraph>
                  <paragraph>
                     <content styleCode="bold">
                        <content styleCode="italics">Hematic and Lymphatic:</content>
                     </content>Purpura; bone marrow depression; leukopenia; eosinophilia; thrombocytopenia.

 </paragraph>
                  <paragraph>
                     <content styleCode="bold">
                        <content styleCode="italics">Metabolic, Nutritional and Immune:</content>
                     </content>Elevation and lowering of blood sugar levels; weight gain or loss.

 </paragraph>
                  <paragraph>
                     <content styleCode="bold">
                        <content styleCode="italics">Musculoskeletal:</content>
                     </content>Myalgia.

 </paragraph>
                  <paragraph>
                     <content styleCode="bold">
                        <content styleCode="italics">Nervous System and Psychiatric:</content>
                     </content>Decreased or increased libido; abnormal gait; delusions; aggressive behavior; paranoia; peripheral neuropathy; Bell's palsy; alteration in EEG patterns; extrapyramidal symptoms.

 </paragraph>
                  <paragraph>
                     <content styleCode="bold">
                        <content styleCode="italics">Respiratory:</content>
                     </content>Dyspnea.

 </paragraph>
                  <paragraph>
                     <content styleCode="bold">
                        <content styleCode="italics">Skin:</content>
                     </content>Photosensitization; alopecia.

 </paragraph>
                  <paragraph>
                     <content styleCode="bold">
                        <content styleCode="italics">Urogenital:</content>
                     </content>Impaired urination; dilatation of urinary tract; impotence; testicular swelling; gynecomastia; breast enlargement; galactorrhea.

 </paragraph>
               </text>
               <effectiveTime value="20180314"/>
            </section>
         </component>
         <component>
            <section ID="ID21">
               <id root="00dbdef4-7611-0b3b-e063-6394a90a25ec"/>
               <code code="42227-9" codeSystem="2.16.840.1.113883.6.1" displayName="DRUG ABUSE AND DEPENDENCE SECTION"/>
               <title>DRUG ABUSE AND DEPENDENCE</title>
               <text>
                  <paragraph ID="ID22">Pharmacologic similarities among the tricyclic drugs require that certain withdrawal symptoms be considered when cyclobenzaprine is administered, even though they have not been reported to occur with this drug. Abrupt cessation of treatment after prolonged administration rarely may produce nausea, headache, and malaise. These are not indicative of addiction.</paragraph>
               </text>
               <effectiveTime value="20180314"/>
            </section>
         </component>
         <component>
            <section ID="ID23">
               <id root="00dbdef4-7612-0b3b-e063-6394a90a25ec"/>
               <code code="34088-5" codeSystem="2.16.840.1.113883.6.1" displayName="OVERDOSAGE SECTION"/>
               <title>OVERDOSAGE</title>
               <text>
                  <paragraph ID="ID24">Although rare, deaths may occur from overdosage with cyclobenzaprine. Multiple drug ingestion (including alcohol) is common in deliberate cyclobenzaprine overdose.
 
  <content styleCode="bold">As management of overdose is complex and changing, it is recommended that the physician contact a poison control center for current information on treatment</content>. Signs and symptoms of toxicity may develop rapidly after cyclobenzaprine overdose; therefore, hospital monitoring is required as soon as possible. The acute oral LD
 
  <sub>50</sub>of cyclobenzaprine is approximately 338 and 425 mg/kg in mice and rats, respectively.

 </paragraph>
                  <paragraph>
                     <content styleCode="bold">Manifestations</content>
                  </paragraph>
                  <paragraph>The most common effects associated with cyclobenzaprine overdose are drowsiness and tachycardia. Less frequent manifestations include tremor, agitation, coma, ataxia, hypertension, slurred speech, confusion, dizziness, nausea, vomiting, and hallucinations. Rare but potentially critical manifestations of overdose are cardiac arrest, chest pain, cardiac dysrhythmias, severe hypotension, seizures, and neuroleptic malignant syndrome.</paragraph>
                  <paragraph>Changes in the electrocardiogram, particularly in QRS axis or width, are clinically significant indicators of cyclobenzaprine toxicity. Other potential effects of overdosage include any of the symptoms listed under
 
  <linkHtml href="#ID15">ADVERSE REACTIONS.</linkHtml>
                  </paragraph>
                  <paragraph>
                     <content styleCode="bold">Management</content>
                  </paragraph>
                  <paragraph>
                     <content styleCode="bold">
                        <content styleCode="italics">General</content>
                     </content>
                  </paragraph>
                  <paragraph>
                     <content styleCode="bold">As management of overdose is complex and changing, it is recommended that the physician contact a poison control center for current information on treatment.</content>
                  </paragraph>
                  <paragraph>In order to protect against the rare but potentially critical manifestations described above, obtain an ECG and immediately initiate cardiac monitoring. Protect the patient's airway, establish an intravenous line and initiate gastric decontamination. Observation with cardiac monitoring and observation for signs of CNS or respiratory depression, hypotension, cardiac dysrhythmias and/or conduction blocks, and seizures is necessary. If signs of toxicity occur at any time during this period, extended monitoring is required. Monitoring of plasma drug levels should not guide management of the patient. Dialysis is probably of no value because of low plasma concentrations of the drug.</paragraph>
                  <paragraph>
                     <content styleCode="bold">
                        <content styleCode="italics">Gastrointestinal Decontamination</content>
                     </content>
                  </paragraph>
                  <paragraph>All patients suspected of an overdose with cyclobenzaprine should receive gastrointestinal decontamination. This should include large volume gastric lavage followed by activated charcoal. If consciousness is impaired, the airway should be secured prior to lavage and emesis is contraindicated.</paragraph>
                  <paragraph>
                     <content styleCode="bold">
                        <content styleCode="italics">Cardiovascular</content>
                     </content>
                  </paragraph>
                  <paragraph>A maximal limb-lead QRS duration of ≥ 0.10 seconds may be the best indication of the severity of the overdose. Serum alkalinization, to a pH of 7.45 to 7.55, using intravenous sodium bicarbonate and hyperventilation (as needed), should be instituted for patients with dysrhythmias and/or QRS widening. A pH &gt; 7.60 or a pCO
 
  <sub>2</sub>&lt; 20 mmHg is undesirable. Dysrhythmias unresponsive to sodium bicarbonate therapy/hyperventilation may respond to lidocaine, bretylium or phenytoin. Type 1A and 1C antiarrhythmics are generally contraindicated (e.g., quinidine, disopyramide, and procainamide).

 </paragraph>
                  <paragraph>
                     <content styleCode="bold">
                        <content styleCode="italics">CNS</content>
                     </content>
                  </paragraph>
                  <paragraph>In patients with CNS depression, early intubation is advised because of the potential for abrupt deterioration. Seizures should be controlled with benzodiazepines or, if these are ineffective, other anticonvulsants (e.g., phenobarbital, phenytoin). Physostigmine is not recommended except to treat life-threatening symptoms that have been unresponsive to other therapies, and then only in close consultation with a poison control center.</paragraph>
                  <paragraph>
                     <content styleCode="bold">Psychiatric Follow-up</content>
                  </paragraph>
                  <paragraph>Since overdosage is often deliberate, patients may attempt suicide by other means during the recovery phase. Psychiatric referral may be appropriate.</paragraph>
                  <paragraph>
                     <content styleCode="bold">Pediatric Management</content>
                  </paragraph>
                  <paragraph>The principles of management of child and adult overdosages are similar. It is strongly recommended that the physician contact the local poison control center for specific pediatric treatment.</paragraph>
               </text>
               <effectiveTime value="20180314"/>
            </section>
         </component>
         <component>
            <section ID="ID25">
               <id root="00dbdef4-7613-0b3b-e063-6394a90a25ec"/>
               <code code="34068-7" codeSystem="2.16.840.1.113883.6.1" displayName="DOSAGE &amp; ADMINISTRATION SECTION"/>
               <title>DOSAGE AND ADMINISTRATION</title>
               <text>
                  <paragraph ID="ID26">For most patients, the recommended dose of cyclobenzaprine hydrochloride tablets is 5 mg three times a day. Based on individual patient response, the dose may be increased to 10 mg three times a day. Use of cyclobenzaprine hydrochloride tablets for periods longer than 2 or 3 weeks is not recommended (see
 
  <linkHtml href="#ID7">INDICATIONS AND USAGE)</linkHtml>.

 </paragraph>
                  <paragraph>Less frequent dosing should be considered for hepatically impaired or elderly patients (see
 
  <linkHtml href="#ID13">PRECAUTIONS: Impaired Hepatic Function</linkHtml>, and Use in the Elderly).

 </paragraph>
               </text>
               <effectiveTime value="20180314"/>
            </section>
         </component>
         <component>
            <section ID="ID27">
               <id root="01cc9f81-4210-995c-e063-6294a90a4382"/>
               <code code="34069-5" codeSystem="2.16.840.1.113883.6.1" displayName="HOW SUPPLIED SECTION"/>
               <title>HOW SUPPLIED</title>
               <text>
                  <paragraph>The 10 mg tablets are orange-yellow film-coated, round tablets debossed with 022 on one side and plain on other side. They are available as follows:</paragraph>
                  <paragraph>NDC 68071-3462-2 bottles of 20</paragraph>
                  <paragraph>NDC 68071-3462-3 bottles of 30</paragraph>
                  <paragraph>
                     <content styleCode="bold">Store at 20°C to 25°C (68°F to 77°F). [See USP Controlled Room Temperature.]</content>
                  </paragraph>
                  <paragraph>Dispense in a tight, light-resistant container as defined in the USP using a child-resistant closure.</paragraph>
                  <paragraph>Distributed by:
  <br/>
                     <content styleCode="bold">Advagen Pharma Ltd</content>
                     <br/>
666 Plainsboro Road
  <br/>
Plainsboro Suite 605,
  <br/>
Plainsboro, NJ, 08536, USA
 </paragraph>
                  <paragraph>Manufactured by:
  <br/>
                     <content styleCode="bold">Rubicon Research Private Limited,</content>
                     <br/>
Ambernath, Dist: Thane,
  <br/>
421506 India
 </paragraph>
                  <paragraph>Rev: 02, 11/21</paragraph>
               </text>
               <effectiveTime value="20211124"/>
            </section>
         </component>
         <component>
            <section ID="ID42">
               <id root="00dbdef4-761a-0b3b-e063-6394a90a25ec"/>
               <code code="51945-4" codeSystem="2.16.840.1.113883.6.1" displayName="PACKAGE LABEL.PRINCIPAL DISPLAY PANEL"/>
               <title>PRINCIPAL DISPLAY PANEL: Cyclobenzaprine Hydrochloride Tablets, USP 10 MG</title>
               <text>
                  <paragraph>
                     <renderMultiMedia referencedObject="img_00dbdef4-7618-0b3b-e063-6394a90a25ec"/>
                  </paragraph>
               </text>
               <effectiveTime value="20230719"/>
               <component>
                  <observationMedia ID="img_00dbdef4-7618-0b3b-e063-6394a90a25ec">
                     <text>pdp</text>
                     <value mediaType="image/jpeg" xsi:type="ED">
                        <reference value="68071-3462-2.jpg"/>
                     </value>
                  </observationMedia>
               </component>
            </section>
         </component>
      </structuredBody>
   </component>
</document>