<?xml version="1.0" encoding="UTF-8"?><?xml-stylesheet href="https://www.accessdata.fda.gov/spl/stylesheet/spl.xsl" type="text/xsl"?>
<document xmlns:xsi="http://www.w3.org/2001/XMLSchema-instance" xmlns="urn:hl7-org:v3" xsi:schemaLocation="urn:hl7-org:v3 https://www.accessdata.fda.gov/spl/schema/spl.xsd">
   <id root="01cb7bba-ab50-2922-e063-6394a90a96e9"/>
   <code code="34391-3" codeSystem="2.16.840.1.113883.6.1" displayName="HUMAN PRESCRIPTION DRUG LABEL"/>
   <title>PHENERGAN Injection (promethazine hydrochloride Injection, USP)
 <br/>
Rx only
</title>
   <effectiveTime value="20230731"/>
   <setId root="1e3e9139-2505-441f-a221-2c803d3dc4f9"/>
   <versionNumber value="4"/>
   <author>
      <time/>
      <assignedEntity>
         <representedOrganization>
            <id root="1.3.6.1.4.1.519.1" extension="829572556"/>
            <name>REMEDYREPACK INC.</name>
         </representedOrganization>
      </assignedEntity>
   </author>
   <component>
      <structuredBody>
         <component>
            <section>
               <id root="01cbb879-6829-877f-e063-6394a90a2446"/>
               <code code="48780-1" codeSystem="2.16.840.1.113883.6.1" displayName="SPL product data elements section"/>
               <effectiveTime value="20230731"/>
               <subject>
                  <manufacturedProduct>
                     <manufacturedProduct>
                        <code code="70518-2656" codeSystem="2.16.840.1.113883.6.69"/>
                        <name>PHENERGAN</name>
                        <formCode code="C42946" codeSystem="2.16.840.1.113883.3.26.1.1" displayName="INJECTION"/>
                        <asEntityWithGeneric>
                           <genericMedicine>
                              <name>Promethazine Hydrochloride</name>
                           </genericMedicine>
                        </asEntityWithGeneric>
                        <asEquivalentEntity classCode="EQUIV">
                           <code code="C64637" codeSystem="2.16.840.1.113883.3.26.1.1"/>
                           <definingMaterialKind>
                              <code code="0641-6084" codeSystem="2.16.840.1.113883.6.69"/>
                           </definingMaterialKind>
                        </asEquivalentEntity>
                        <ingredient classCode="IACT">
                           <quantity>
                              <numerator unit="mg" value="0.1"/>
                              <denominator unit="mL" value="1"/>
                           </quantity>
                           <ingredientSubstance>
                              <code code="7FLD91C86K" codeSystem="2.16.840.1.113883.4.9"/>
                              <name>EDETATE DISODIUM</name>
                           </ingredientSubstance>
                        </ingredient>
                        <ingredient classCode="IACT">
                           <quantity>
                              <numerator unit="mg" value="0.04"/>
                              <denominator unit="mL" value="1"/>
                           </quantity>
                           <ingredientSubstance>
                              <code code="M4I0D6VV5M" codeSystem="2.16.840.1.113883.4.9"/>
                              <name>CALCIUM CHLORIDE</name>
                           </ingredientSubstance>
                        </ingredient>
                        <ingredient classCode="IACT">
                           <quantity>
                              <numerator unit="mg" value="5"/>
                              <denominator unit="mL" value="1"/>
                           </quantity>
                           <ingredientSubstance>
                              <code code="339NCG44TV" codeSystem="2.16.840.1.113883.4.9"/>
                              <name>PHENOL</name>
                           </ingredientSubstance>
                        </ingredient>
                        <ingredient classCode="IACT">
                           <ingredientSubstance>
                              <code code="059QF0KO0R" codeSystem="2.16.840.1.113883.4.9"/>
                              <name>WATER</name>
                           </ingredientSubstance>
                        </ingredient>
                        <ingredient classCode="IACT">
                           <ingredientSubstance>
                              <code code="Q40Q9N063P" codeSystem="2.16.840.1.113883.4.9"/>
                              <name>ACETIC ACID</name>
                           </ingredientSubstance>
                        </ingredient>
                        <ingredient classCode="IACT">
                           <ingredientSubstance>
                              <code code="4550K0SC9B" codeSystem="2.16.840.1.113883.4.9"/>
                              <name>SODIUM ACETATE</name>
                           </ingredientSubstance>
                        </ingredient>
                        <ingredient classCode="ACTIB">
                           <quantity>
                              <numerator unit="mg" value="25"/>
                              <denominator unit="mL" value="1"/>
                           </quantity>
                           <ingredientSubstance>
                              <code code="R61ZEH7I1I" codeSystem="2.16.840.1.113883.4.9"/>
                              <name>PROMETHAZINE HYDROCHLORIDE</name>
                              <activeMoiety>
                                 <activeMoiety>
                                    <code code="FF28EJQ494" codeSystem="2.16.840.1.113883.4.9"/>
                                    <name>PROMETHAZINE</name>
                                 </activeMoiety>
                              </activeMoiety>
                           </ingredientSubstance>
                        </ingredient>
                        <asContent>
                           <quantity>
                              <numerator value="1" unit="mL"/>
                              <denominator value="1"/>
                           </quantity>
                           <containerPackagedProduct>
                              <code code="70518-2656-1" codeSystem="2.16.840.1.113883.6.69"/>
                              <formCode code="C43226" codeSystem="2.16.840.1.113883.3.26.1.1" displayName="VIAL"/>
                              <asContent>
                                 <quantity>
                                    <numerator value="25" unit="1"/>
                                    <denominator value="1"/>
                                 </quantity>
                                 <containerPackagedProduct>
                                    <code code="70518-2656-0" codeSystem="2.16.840.1.113883.6.69"/>
                                    <formCode code="C43182" codeSystem="2.16.840.1.113883.3.26.1.1" displayName="CARTON"/>
                                 </containerPackagedProduct>
                                 <subjectOf>
                                    <marketingAct>
                                       <code code="C53292" codeSystem="2.16.840.1.113883.3.26.1.1"/>
                                       <statusCode code="active"/>
                                       <effectiveTime>
                                          <low value="20200325"/>
                                       </effectiveTime>
                                    </marketingAct>
                                 </subjectOf>
                              </asContent>
                           </containerPackagedProduct>
                           <subjectOf>
                              <characteristic>
                                 <code code="SPLCMBPRDTP" codeSystem="2.16.840.1.113883.1.11.19255"/>
                                 <value code="C112160" codeSystem="2.16.840.1.113883.3.26.1.1" displayName="Type 0: Not a Combination Product" xsi:type="CV"/>
                              </characteristic>
                           </subjectOf>
                        </asContent>
                     </manufacturedProduct>
                     <subjectOf>
                        <approval>
                           <id extension="ANDA083312" root="2.16.840.1.113883.3.150"/>
                           <code code="C73584" codeSystem="2.16.840.1.113883.3.26.1.1" displayName="ANDA"/>
                           <author>
                              <territorialAuthority>
                                 <territory>
                                    <code code="USA" codeSystem="2.16.840.1.113883.5.28"/>
                                 </territory>
                              </territorialAuthority>
                           </author>
                        </approval>
                     </subjectOf>
                     <subjectOf>
                        <marketingAct>
                           <code code="C53292" codeSystem="2.16.840.1.113883.3.26.1.1"/>
                           <statusCode code="active"/>
                           <effectiveTime>
                              <low value="20200325"/>
                           </effectiveTime>
                        </marketingAct>
                     </subjectOf>
                     <consumedIn>
                        <substanceAdministration>
                           <routeCode code="C28161" codeSystem="2.16.840.1.113883.3.26.1.1" displayName="INTRAMUSCULAR"/>
                        </substanceAdministration>
                     </consumedIn>
                     <consumedIn>
                        <substanceAdministration>
                           <routeCode code="C38276" codeSystem="2.16.840.1.113883.3.26.1.1" displayName="INTRAVENOUS"/>
                        </substanceAdministration>
                     </consumedIn>
                  </manufacturedProduct>
               </subject>
            </section>
         </component>
         <component>
            <section ID="LINK_b9cd6928-c9bd-4920-ba55-73961ee60b50">
               <id root="01cb7bba-ab51-2922-e063-6394a90a96e9"/>
               <code code="34066-1" codeSystem="2.16.840.1.113883.6.1" displayName="BOXED WARNING SECTION"/>
               <title>
                  <content styleCode="bold">WARNINGS</content>
               </title>
               <text>
                  <paragraph>
                     <content styleCode="bold">Respiratory Depression – Pediatrics</content>
                  </paragraph>
                  <paragraph>
                     <content styleCode="bold">PHENERGAN Injection should not be used in pediatric patients less than 2 years of age because of the potential for fatal respiratory depression. Postmarketing cases of respiratory depression, including fatalities, have been reported with use of promethazine in pediatric patients less than 2 years of age. Caution should be exercised when administering PHENERGAN Injection to pediatric patients 2 years of age and older (see</content>
                     <linkHtml href="#LINK_0e822c3b-c94f-41b2-92fe-92b7fddf1094">WARNINGS - Respiratory Depression</linkHtml>
                     <content styleCode="bold">).</content>
                  </paragraph>
                  <paragraph>
                     <content styleCode="bold">Severe Tissue Injury, Including Gangrene</content>
                  </paragraph>
                  <paragraph>
                     <content styleCode="bold">PHENERGAN Injection can cause severe chemical irritation and
  
   <content styleCode="underline">damage to tissues regardless of the route of administration</content>. Irritation and damage can result from perivascular extravasation, unintentional intra-arterial injection, and intraneuronal or perineuronal infiltration. Adverse reactions include burning, pain, thrombophlebitis, tissue necrosis, and gangrene. In some cases, surgical intervention, including fasciotomy, skin graft, and/or amputation have been required (see
 
  </content>
                     <linkHtml href="#LINK_44c34549-5b53-4037-bb1c-583bbcfbf7fe">WARNINGS - Severe Tissue Injury, Including Gangrene</linkHtml>
                     <content styleCode="bold">).</content>
                  </paragraph>
                  <paragraph>
                     <content styleCode="bold">Due to the risks of intravenous injection, the preferred route of administration of PHENERGAN Injection is deep intramuscular injection. Subcutaneous injection is contraindicated. See</content>
                     <linkHtml href="#LINK_bfc6572a-e254-420c-b409-d4c17e6416dc">DOSAGE AND ADMINISTRATION</linkHtml>
                     <content styleCode="bold">for important notes on administration.</content>
                  </paragraph>
               </text>
               <effectiveTime value="20230731"/>
            </section>
         </component>
         <component>
            <section ID="LINK_033628f4-4818-43c1-a354-dd4f5630d0e2">
               <id root="01cb7bba-ab52-2922-e063-6394a90a96e9"/>
               <code code="34089-3" codeSystem="2.16.840.1.113883.6.1" displayName="DESCRIPTION SECTION"/>
               <title>DESCRIPTION</title>
               <text>
                  <paragraph>PHENERGAN Injection (promethazine hydrochloride injection, USP), is a sterile, pyrogen-free solution for deep intramuscular or intravenous administration. Promethazine hydrochloride (10
 
  <content styleCode="italics">H</content>-Phenothiazine-10-ethanamine,
 
  <content styleCode="italics">N,N,</content>α-trimethyl-, monohydrochloride, (±)-) is a racemic compound and has the following structural formula:

 </paragraph>
                  <renderMultiMedia referencedObject="MM1"/>
                  <paragraph>C
 
  <sub>17</sub>H
 
  <sub>21</sub>ClN
 
  <sub>2</sub>S       MW 320.88

 </paragraph>
                  <paragraph>Each mL contains promethazine hydrochloride, either 25 mg or 50 mg, edetate disodium 0.1 mg, calcium chloride 0.04 mg, sodium metabisulfite 0.25 mg and phenol 5 mg in Water for Injection. pH 4.0 to 5.5; buffered with acetic acid-sodium acetate.</paragraph>
                  <paragraph>PHENERGAN Injection (promethazine hydrochloride injection, USP) is a clear, colorless solution. The product is light sensitive. It should be inspected before use and discarded if either color or particulate is observed.</paragraph>
               </text>
               <effectiveTime value="20230731"/>
               <component>
                  <observationMedia ID="MM1">
                     <text>promethazine hydrochloride structural formula</text>
                     <value mediaType="image/jpeg" xsi:type="ED">
                        <reference value="phenergan-injection-1.jpg"/>
                     </value>
                  </observationMedia>
               </component>
            </section>
         </component>
         <component>
            <section ID="LINK_f807542e-553d-4d27-b6c2-d20385be1c1f">
               <id root="01cb7bba-ab53-2922-e063-6394a90a96e9"/>
               <code code="34090-1" codeSystem="2.16.840.1.113883.6.1" displayName="CLINICAL PHARMACOLOGY SECTION"/>
               <title>CLINICAL PHARMACOLOGY</title>
               <text>
                  <paragraph>Promethazine hydrochloride is a phenothiazine derivative which possesses antihistaminic, sedative, antimotion-sickness, antiemetic, and anticholinergic effects. Promethazine is a competitive H
 
  <sub>1</sub>receptor antagonist, but does not block the release of histamine. Structural differences from the neuroleptic phenothiazines result in its relative lack (1
 
  <content styleCode="bold">/</content>10 that of chlorpromazine) of dopamine antagonist properties. Clinical effects are generally apparent within 5 minutes of an intravenous injection and within 20 minutes of an intramuscular injection. Duration of action is four to six hours, although effects may persist up to 12 hours. Promethazine hydrochloride is metabolized in the liver, with the sulfoxides of promethazine and N-desmethylpromethazine being the predominant metabolites appearing in the urine. Following intravenous administration in healthy volunteers, the plasma half-life for promethazine has been reported to range from 9 to 16 hours. The mean plasma half-life for promethazine after intramuscular administration in healthy volunteers has been reported to be 9.8 ± 3.4 hours.

 </paragraph>
               </text>
               <effectiveTime value="20230731"/>
            </section>
         </component>
         <component>
            <section ID="LINK_c8f21b6e-4ab3-444d-8afc-05f95204019f">
               <id root="01cb7bba-ab54-2922-e063-6394a90a96e9"/>
               <code code="34067-9" codeSystem="2.16.840.1.113883.6.1" displayName="INDICATIONS &amp; USAGE SECTION"/>
               <title>INDICATIONS AND USAGE</title>
               <text>
                  <paragraph>PHENERGAN Injection is indicated for the following conditions:</paragraph>
                  <list listType="ordered" styleCode="Arabic">
                     <item>Amelioration of allergic reactions to blood or plasma.</item>
                     <item>In anaphylaxis as an adjunct to epinephrine and other standard measures after the acute symptoms have been controlled.</item>
                     <item>For other uncomplicated allergic conditions of the immediate type when oral therapy is impossible or contraindicated.</item>
                     <item>For sedation and relief of apprehension and to produce light sleep from which the patient can be easily aroused.</item>
                     <item>Active treatment of motion sickness.</item>
                     <item>Prevention and control of nausea and vomiting associated with certain types of anesthesia and surgery.</item>
                     <item>As an adjunct to analgesics for the control of postoperative pain.</item>
                     <item>Preoperative, postoperative, and obstetric (during labor) sedation.</item>
                     <item>Intravenously in special surgical situations, such as repeated bronchoscopy, ophthalmic surgery, and poor-risk patients, with reduced amounts of meperidine or other narcotic analgesic as an adjunct to anesthesia and analgesia.</item>
                  </list>
               </text>
               <effectiveTime value="20230731"/>
            </section>
         </component>
         <component>
            <section ID="LINK_4747a9df-0050-4485-a880-b515ae4077c9">
               <id root="01cb7bba-ab55-2922-e063-6394a90a96e9"/>
               <code code="34070-3" codeSystem="2.16.840.1.113883.6.1" displayName="CONTRAINDICATIONS SECTION"/>
               <title>CONTRAINDICATIONS</title>
               <effectiveTime value="20230731"/>
               <component>
                  <section ID="LINK_f6411324-28b8-4233-ab17-e5abb0225d01">
                     <id root="01cb7bba-ab56-2922-e063-6394a90a96e9"/>
                     <code code="42229-5" codeSystem="2.16.840.1.113883.6.1" displayName="SPL UNCLASSIFIED SECTION"/>
                     <title>Children Less Than 2 Years of Age</title>
                     <text>
                        <paragraph>PHENERGAN Injection is contraindicated for use in pediatric patients less than two years of age due to the risk of respiratory depression
 
  <content styleCode="bold">(</content>see 
 
  <linkHtml href="#LINK_0e822c3b-c94f-41b2-92fe-92b7fddf1094">WARNINGS - Respiratory Depression</linkHtml>
                           <content styleCode="bold">)</content>.

 </paragraph>
                     </text>
                     <effectiveTime value="20230731"/>
                  </section>
               </component>
               <component>
                  <section ID="LINK_3e935c50-c898-4b9e-91ba-893ea2dc4cdb">
                     <id root="01cb7bba-ab57-2922-e063-6394a90a96e9"/>
                     <code code="42229-5" codeSystem="2.16.840.1.113883.6.1" displayName="SPL UNCLASSIFIED SECTION"/>
                     <title>Comatose State</title>
                     <text>
                        <paragraph>PHENERGAN Injection is contraindicated in comatose states.</paragraph>
                     </text>
                     <effectiveTime value="20230731"/>
                  </section>
               </component>
               <component>
                  <section ID="LINK_22b631b3-b8e9-4275-92dc-cbd130b7cf14">
                     <id root="01cb7bba-ab58-2922-e063-6394a90a96e9"/>
                     <code code="42229-5" codeSystem="2.16.840.1.113883.6.1" displayName="SPL UNCLASSIFIED SECTION"/>
                     <title>Intra-Arterial Injection</title>
                     <text>
                        <paragraph>Under no circumstances should PHENERGAN Injection be given by intra-arterial injection due to the likelihood of severe arteriospasm and the possibility of resultant gangrene (see
 
  <linkHtml href="#LINK_44c34549-5b53-4037-bb1c-583bbcfbf7fe">WARNINGS - Severe Tissue Injury, Including Gangrene</linkHtml>).

 </paragraph>
                     </text>
                     <effectiveTime value="20230731"/>
                  </section>
               </component>
               <component>
                  <section ID="LINK_be2389ef-8d11-408c-b927-a8753951a122">
                     <id root="01cb7bba-ab59-2922-e063-6394a90a96e9"/>
                     <code code="42229-5" codeSystem="2.16.840.1.113883.6.1" displayName="SPL UNCLASSIFIED SECTION"/>
                     <title>Subcutaneous Injection</title>
                     <text>
                        <paragraph>PHENERGAN Injection should not be given by the subcutaneous route because evidence of chemical irritation has been noted, and necrotic lesions have resulted following subcutaneous injection. The preferred parenteral route of administration is by deep intramuscular injection.</paragraph>
                     </text>
                     <effectiveTime value="20230731"/>
                  </section>
               </component>
               <component>
                  <section ID="LINK_0542818f-b187-4e27-8774-c7676103e85f">
                     <id root="01cb7bba-ab5a-2922-e063-6394a90a96e9"/>
                     <code code="42229-5" codeSystem="2.16.840.1.113883.6.1" displayName="SPL UNCLASSIFIED SECTION"/>
                     <title>Idiosyncratic Reaction or Hypersensitivity</title>
                     <text>
                        <paragraph>PHENERGAN Injection is contraindicated in patients who have demonstrated an idiosyncratic reaction or hypersensitivity to promethazine or other phenothiazines.</paragraph>
                     </text>
                     <effectiveTime value="20230731"/>
                  </section>
               </component>
            </section>
         </component>
         <component>
            <section ID="LINK_89c99efb-8be0-466e-8a7d-cc0e8f655462">
               <id root="01cb7bba-ab5b-2922-e063-6394a90a96e9"/>
               <code code="34071-1" codeSystem="2.16.840.1.113883.6.1" displayName="WARNINGS SECTION"/>
               <title>WARNINGS</title>
               <effectiveTime value="20230731"/>
               <component>
                  <section ID="LINK_0e822c3b-c94f-41b2-92fe-92b7fddf1094">
                     <id root="01cb7bba-ab5c-2922-e063-6394a90a96e9"/>
                     <code code="42229-5" codeSystem="2.16.840.1.113883.6.1" displayName="SPL UNCLASSIFIED SECTION"/>
                     <title>Respiratory Depression</title>
                     <effectiveTime value="20230731"/>
                     <component>
                        <section ID="LINK_6ddbb49d-e743-4f23-8125-abcb25d4a984">
                           <id root="01cb7bba-ab5d-2922-e063-6394a90a96e9"/>
                           <code code="42229-5" codeSystem="2.16.840.1.113883.6.1" displayName="SPL UNCLASSIFIED SECTION"/>
                           <title>Pediatrics</title>
                           <text>
                              <paragraph>
                                 <content styleCode="bold">PHENERGAN Injection should not be used in pediatric patients less than 2 years of age because of the potential for fatal respiratory depression. Postmarketing cases of respiratory depression, including fatalities, have been reported with use of promethazine in pediatric patients less than 2 years of age. A wide range of weight-based doses of PHENERGAN Injection have resulted in respiratory depression in these patients.</content>
                              </paragraph>
                              <paragraph>
                                 <content styleCode="bold">Caution should be exercised when administering PHENERGAN Injection to pediatric patients 2 years of age and older. It is recommended that the lowest effective dose of PHENERGAN Injection be used in pediatric patients 2 years of age and older. Avoid concomitant administration of other drugs with respiratory depressant effects because of an association with respiratory depression, and sometimes death, in pediatric patients.</content>
                              </paragraph>
                           </text>
                           <effectiveTime value="20230731"/>
                        </section>
                     </component>
                     <component>
                        <section ID="LINK_63d94f4e-852b-48fe-89b0-7e59032a6b6c">
                           <id root="01cb7bba-ab5e-2922-e063-6394a90a96e9"/>
                           <code code="42229-5" codeSystem="2.16.840.1.113883.6.1" displayName="SPL UNCLASSIFIED SECTION"/>
                           <title>Other</title>
                           <text>
                              <paragraph>Because of the risk of potentially fatal respiratory depression, use of PHENERGAN Injection in patients with compromised respiratory function or patients at risk for respiratory failure (e.g. COPD, sleep apnea) should be avoided.</paragraph>
                           </text>
                           <effectiveTime value="20230731"/>
                        </section>
                     </component>
                  </section>
               </component>
               <component>
                  <section ID="LINK_44c34549-5b53-4037-bb1c-583bbcfbf7fe">
                     <id root="01cb7bba-ab5f-2922-e063-6394a90a96e9"/>
                     <code code="42229-5" codeSystem="2.16.840.1.113883.6.1" displayName="SPL UNCLASSIFIED SECTION"/>
                     <title>Severe Tissue Injury, Including Gangrene</title>
                     <text>
                        <paragraph>
                           <content styleCode="bold">PHENERGAN Injection can cause severe chemical irritation and
  
   <content styleCode="underline">damage to tissues regardless of the route of administration</content>. Irritation and damage can result from perivascular extravasation, unintentional intra-arterial injection, and intraneuronal or perineuronal infiltration. Adverse event reports include burning, pain, erythema, swelling, sensory loss, palsies, paralysis, severe spasm of distal vessels, thrombophlebitis, venous thrombosis, phlebitis, abscesses, tissue necrosis, and gangrene. In some cases, surgical intervention, including fasciotomy, skin graft, and/or amputation have been required.
 
  </content>
                        </paragraph>
                        <paragraph>
                           <content styleCode="bold">Because of the risks of intravenous injection, the preferred route of administration of PHENERGAN Injection is deep intramuscular injection (see</content>
                           <linkHtml href="#LINK_bfc6572a-e254-420c-b409-d4c17e6416dc">DOSAGE AND ADMINISTRATION</linkHtml>
                           <content styleCode="bold">). Subcutaneous injection is contraindicated. Due to the close proximity of arteries and veins in the areas most commonly used for intravenous injection, extreme care should be exercised to avoid perivascular extravasation or unintentional intra-arterial injection as pain, severe chemical irritation, severe spasm of distal vessels, and resultant gangrene requiring amputation are likely under such circumstances. Aspiration of dark blood does not preclude intra-arterial needle placement because blood is discolored upon contact with PHENERGAN Injection. Use of syringes with rigid plungers or of small-bore needles might obscure typical arterial backflow if this is relied upon alone.</content>
                        </paragraph>
                        <paragraph>
                           <content styleCode="bold">In the event that a patient complains of pain during intravenous injection of Phenergan Injection, the injection should be stopped immediately to evaluate for possible arterial injection or perivascular extravasation.</content>
                        </paragraph>
                        <paragraph>
                           <content styleCode="bold">There is no proven successful management of unintentional intra-arterial injection or perivascular extravasation after it occurs. Sympathetic block and heparinization have been employed during the acute management of unintentional intra-arterial injection, because of the results of animal experiments with other known arteriolar irritants.</content>
                        </paragraph>
                     </text>
                     <effectiveTime value="20230731"/>
                  </section>
               </component>
               <component>
                  <section ID="LINK_e751ee72-ceeb-46cd-91b6-dd0db07ac532">
                     <id root="01cb7bba-ab60-2922-e063-6394a90a96e9"/>
                     <code code="42229-5" codeSystem="2.16.840.1.113883.6.1" displayName="SPL UNCLASSIFIED SECTION"/>
                     <title>CNS Depression</title>
                     <text>
                        <paragraph>PHENERGAN Injection may impair the mental and/or physical abilities required for the performance of potentially hazardous tasks, such as driving a vehicle or operating machinery. The impairment may be amplified by concomitant use of other central-nervous-system depressants such as alcohol, sedative/hypnotics (including barbiturates), general anesthetics, narcotics, narcotic analgesics, tricyclic antidepressants, and tranquilizers; therefore such agents should either be eliminated or given in reduced dosage in the presence of promethazine hydrochloride (see
 
  <linkHtml href="#LINK_72ea9f47-af21-42df-8511-ce85fe2457e6">PRECAUTIONS - Information for Patients</linkHtml>and
 
  <linkHtml href="#LINK_b47c4d1d-3be1-4e0f-b896-91af4d82b272">Drug Interactions</linkHtml>).

 </paragraph>
                     </text>
                     <effectiveTime value="20230731"/>
                  </section>
               </component>
               <component>
                  <section ID="LINK_7e503a71-91c9-49d4-a3a2-47e7bda67550">
                     <id root="01cb7bba-ab61-2922-e063-6394a90a96e9"/>
                     <code code="42229-5" codeSystem="2.16.840.1.113883.6.1" displayName="SPL UNCLASSIFIED SECTION"/>
                     <title>Lower Seizure Threshold</title>
                     <text>
                        <paragraph>PHENERGAN Injection may lower seizure threshold and should be used with caution in persons with seizure disorders or in persons who are using concomitant medications, such as narcotics or local anesthetics, which may also affect seizure threshold.</paragraph>
                     </text>
                     <effectiveTime value="20230731"/>
                  </section>
               </component>
               <component>
                  <section ID="LINK_e7d28417-ca2b-43f0-aa23-2ca8cd3af925">
                     <id root="01cb7bba-ab62-2922-e063-6394a90a96e9"/>
                     <code code="42229-5" codeSystem="2.16.840.1.113883.6.1" displayName="SPL UNCLASSIFIED SECTION"/>
                     <title>Bone-Marrow Depression</title>
                     <text>
                        <paragraph>PHENERGAN Injection should be used with caution in patients with bone-marrow depression. Leukopenia and agranulocytosis have been reported, usually when promethazine hydrochloride has been used in association with other known marrow-toxic agents.</paragraph>
                     </text>
                     <effectiveTime value="20230731"/>
                  </section>
               </component>
               <component>
                  <section ID="LINK_4454063e-83ec-4af1-a9ac-d159649c8aa7">
                     <id root="01cb7bba-ab63-2922-e063-6394a90a96e9"/>
                     <code code="42229-5" codeSystem="2.16.840.1.113883.6.1" displayName="SPL UNCLASSIFIED SECTION"/>
                     <title>Neuroleptic Malignant Syndrome</title>
                     <text>
                        <paragraph>A potentially fatal symptom complex sometimes referred to as Neuroleptic Malignant Syndrome (NMS) has been reported in association with promethazine hydrochloride alone or in combination with antipsychotic drugs. Clinical manifestations of NMS are hyperpyrexia, muscle rigidity, altered mental status and evidence of autonomic instability (irregular pulse or blood pressure, tachycardia, diaphoresis and cardiac dysrhythmias).</paragraph>
                        <paragraph>The diagnostic evaluation of patients with this syndrome is complicated. In arriving at a diagnosis, it is important to identify cases where the clinical presentation includes both serious medical illness (e.g., pneumonia, systemic infection, etc.) and untreated or inadequately treated extrapyramidal signs and symptoms (EPS). Other important considerations in the differential diagnosis include central anticholinergic toxicity, heat stroke, drug fever and primary central nervous system (CNS) pathology.</paragraph>
                        <paragraph>The management of NMS should include 1) immediate discontinuation of promethazine hydrochloride, antipsychotic drugs, if any, and other drugs not essential to concurrent therapy, 2) intensive symptomatic treatment and medical monitoring, and 3) treatment of any concomitant serious medical problems for which specific treatments are available. There is no general agreement about specific pharmacological treatment regimens for uncomplicated NMS.</paragraph>
                        <paragraph>Since recurrences of NMS have been reported with phenothiazines, the reintroduction of promethazine hydrochloride should be carefully considered.</paragraph>
                     </text>
                     <effectiveTime value="20230731"/>
                  </section>
               </component>
               <component>
                  <section ID="LINK_c311658a-32e3-429d-85f5-aecc6e05a3d9">
                     <id root="01cb7bba-ab64-2922-e063-6394a90a96e9"/>
                     <code code="42229-5" codeSystem="2.16.840.1.113883.6.1" displayName="SPL UNCLASSIFIED SECTION"/>
                     <title>Sulfite Sensitivity</title>
                     <text>
                        <paragraph>PHENERGAN Injection contains sodium metabisulfite, a sulfite that may cause allergic-type reactions, including anaphylactic symptoms and life-threatening or less severe asthma episodes, in certain susceptible people. The overall prevalence of sulfite sensitivity in the general population is unknown and probably low. Sulfite sensitivity is seen more frequently in asthmatic than in nonasthmatic people.</paragraph>
                     </text>
                     <effectiveTime value="20230731"/>
                  </section>
               </component>
               <component>
                  <section ID="LINK_69a7459c-984d-4699-ae4b-96c49554e3b0">
                     <id root="01cb7bba-ab65-2922-e063-6394a90a96e9"/>
                     <code code="42229-5" codeSystem="2.16.840.1.113883.6.1" displayName="SPL UNCLASSIFIED SECTION"/>
                     <title>Visual Inspection</title>
                     <text>
                        <paragraph>This product is light sensitive and should be inspected before use and discarded if either color or particulate is observed.</paragraph>
                     </text>
                     <effectiveTime value="20230731"/>
                  </section>
               </component>
               <component>
                  <section ID="LINK_9e455ab1-25f4-4cd5-86f8-7c56d17dd963">
                     <id root="01cb7bba-ab66-2922-e063-6394a90a96e9"/>
                     <code code="42229-5" codeSystem="2.16.840.1.113883.6.1" displayName="SPL UNCLASSIFIED SECTION"/>
                     <title>Cholestatic Jaundice</title>
                     <text>
                        <paragraph>Administration of promethazine has been associated with reported cholestatic jaundice.</paragraph>
                     </text>
                     <effectiveTime value="20230731"/>
                  </section>
               </component>
            </section>
         </component>
         <component>
            <section ID="LINK_234da74a-cc7c-4adf-9728-08b44d999db2">
               <id root="01cb7bba-ab67-2922-e063-6394a90a96e9"/>
               <code code="42232-9" codeSystem="2.16.840.1.113883.6.1" displayName="PRECAUTIONS SECTION"/>
               <title>PRECAUTIONS</title>
               <effectiveTime value="20230731"/>
               <component>
                  <section ID="LINK_f6cdfc20-7804-4ca9-a039-07aede284a5b">
                     <id root="01cb7bba-ab68-2922-e063-6394a90a96e9"/>
                     <code code="34072-9" codeSystem="2.16.840.1.113883.6.1" displayName="GENERAL PRECAUTIONS SECTION"/>
                     <title>General</title>
                     <text>
                        <paragraph>Drugs having anticholinergic properties should be used with caution in patients with narrow-angle glaucoma, prostatic hypertrophy, stenosing peptic ulcer, pyloroduodenal obstruction, and bladder-neck obstruction.</paragraph>
                        <paragraph>PHENERGAN Injection should be used cautiously in persons with cardiovascular disease or impairment of liver function.</paragraph>
                     </text>
                     <effectiveTime value="20230731"/>
                  </section>
               </component>
               <component>
                  <section ID="LINK_72ea9f47-af21-42df-8511-ce85fe2457e6">
                     <id root="01cb7bba-ab69-2922-e063-6394a90a96e9"/>
                     <code code="34076-0" codeSystem="2.16.840.1.113883.6.1" displayName="INFORMATION FOR PATIENTS SECTION"/>
                     <title>Information for Patients</title>
                     <text>
                        <paragraph>Patients should be advised of the risk of respiratory depression, including potentially fatal respiratory depression in children less than 2 years of age (see
 
  <linkHtml href="#LINK_0e822c3b-c94f-41b2-92fe-92b7fddf1094">WARNINGS - Respiratory Depression</linkHtml>).

 </paragraph>
                        <paragraph>Patients should be advised of the risk of severe tissue injury, including gangrene (see
 
  <linkHtml href="#LINK_44c34549-5b53-4037-bb1c-583bbcfbf7fe">WARNINGS - Severe Tissue Injury, Including Gangrene</linkHtml>). Patients should be advised to immediately report persistent or worsening pain or burning at the injection site.

 </paragraph>
                        <paragraph>PHENERGAN Injection may cause marked drowsiness or impair the mental or physical abilities required for the performance of potentially hazardous tasks, such as driving a vehicle or operating machinery. Pediatric patients should be supervised to avoid potential harm in bike riding or in other hazardous activities. The concomitant use of alcohol, sedative/hypnotics (including barbiturates), general anesthetics, narcotics, narcotic analgesics, tricyclic antidepressants, and tranquilizers may enhance impairment (see
 
  <linkHtml href="#LINK_e751ee72-ceeb-46cd-91b6-dd0db07ac532">WARNINGS - CNS Depression</linkHtml>and
 
  <linkHtml href="#LINK_b47c4d1d-3be1-4e0f-b896-91af4d82b272">PRECAUTIONS - Drug Interactions</linkHtml>).

 </paragraph>
                        <paragraph>Patients should be advised to report any involuntary muscle movements (see 
 
  <linkHtml href="#LINK_be02591f-9c86-48f0-a2aa-c0c6939be9aa">ADVERSE REACTIONS - Paradoxical Reactions</linkHtml>).

 </paragraph>
                        <paragraph>Patients should be advised to avoid prolonged exposure to the sun (see
 
  <linkHtml href="#LINK_a88693f2-b9c1-4e56-b949-941be3eaf826">ADVERSE REACTIONS - Dermatologic</linkHtml>).

 </paragraph>
                        <paragraph>Repackaged By / Distributed By: RemedyRepack Inc.</paragraph>
                        <paragraph>625 Kolter Drive, Indiana, PA 15701</paragraph>
                        <paragraph>(724) 465-8762</paragraph>
                     </text>
                     <effectiveTime value="20230731"/>
                  </section>
               </component>
               <component>
                  <section ID="LINK_b47c4d1d-3be1-4e0f-b896-91af4d82b272">
                     <id root="01cb7bba-ab6a-2922-e063-6394a90a96e9"/>
                     <code code="34073-7" codeSystem="2.16.840.1.113883.6.1" displayName="DRUG INTERACTIONS SECTION"/>
                     <title>Drug Interactions</title>
                     <effectiveTime value="20230731"/>
                     <component>
                        <section ID="LINK_d4cd8caa-1755-4b97-95a7-8b417653f520">
                           <id root="01cb7bba-ab6b-2922-e063-6394a90a96e9"/>
                           <code code="42229-5" codeSystem="2.16.840.1.113883.6.1" displayName="SPL UNCLASSIFIED SECTION"/>
                           <title>CNS Depressants</title>
                           <text>
                              <paragraph>PHENERGAN Injection may increase, prolong, or intensify the sedative action of central-nervous-system depressants, such as alcohol, sedative/hypnotics (including barbiturates), general anesthetics, narcotics, narcotic analgesics, tricyclic antidepressants, and tranquilizers; therefore, such agents should be avoided or administered in reduced dosage to patients receiving promethazine hydrochloride. When given concomitantly with PHENERGAN Injection, the dose of barbiturates should be reduced by at least one-half, and the dose of narcotics should be reduced by one-quarter to one-half. Dosage must be individualized. Excessive amounts of PHENERGAN Injection relative to a narcotic may lead to restlessness and motor hyperactivity in the patient with pain; these symptoms usually disappear with adequate control of the pain.</paragraph>
                           </text>
                           <effectiveTime value="20230731"/>
                        </section>
                     </component>
                     <component>
                        <section ID="LINK_09279682-83fd-4d0e-b183-51b5e927200f">
                           <id root="01cb7bba-ab6c-2922-e063-6394a90a96e9"/>
                           <code code="42229-5" codeSystem="2.16.840.1.113883.6.1" displayName="SPL UNCLASSIFIED SECTION"/>
                           <title>Epinephrine</title>
                           <text>
                              <paragraph>Because of the potential for promethazine hydrochloride to reverse epinephrine’s vasopressor effect, epinephrine should NOT be used to treat hypotension associated with PHENERGAN Injection overdose.</paragraph>
                           </text>
                           <effectiveTime value="20230731"/>
                        </section>
                     </component>
                     <component>
                        <section ID="LINK_65b6e1c4-a6fa-469b-b4cb-cab318db5aba">
                           <id root="01cb7bba-ab6d-2922-e063-6394a90a96e9"/>
                           <code code="42229-5" codeSystem="2.16.840.1.113883.6.1" displayName="SPL UNCLASSIFIED SECTION"/>
                           <title>Anticholinergics</title>
                           <text>
                              <paragraph>Concomitant use of other agents with anticholinergic properties should be undertaken with caution.</paragraph>
                           </text>
                           <effectiveTime value="20230731"/>
                        </section>
                     </component>
                     <component>
                        <section ID="LINK_dd9c5393-8e80-4de2-ad3d-9aa6da66b00c">
                           <id root="01cb7bba-ab6e-2922-e063-6394a90a96e9"/>
                           <code code="42229-5" codeSystem="2.16.840.1.113883.6.1" displayName="SPL UNCLASSIFIED SECTION"/>
                           <title>Monoamine Oxidase (MAO) Inhibitors</title>
                           <text>
                              <paragraph>Drug interactions, including an increased incidence of extrapyramidal effects, have been reported when some MAO Inhibitors and phenothiazines are used concomitantly. This possibility should be considered with PHENERGAN Injection.</paragraph>
                           </text>
                           <effectiveTime value="20230731"/>
                        </section>
                     </component>
                  </section>
               </component>
               <component>
                  <section ID="LINK_a570007a-1740-4b08-8833-b12965cf7390">
                     <id root="01cb7bba-ab6f-2922-e063-6394a90a96e9"/>
                     <code code="34074-5" codeSystem="2.16.840.1.113883.6.1" displayName="DRUG &amp; OR LABORATORY TEST INTERACTIONS SECTION"/>
                     <title>Drug/Laboratory Test Interactions</title>
                     <text>
                        <paragraph>The following laboratory tests may be affected in patients who are receiving therapy with PHENERGAN Injection:</paragraph>
                     </text>
                     <effectiveTime value="20230731"/>
                     <component>
                        <section ID="LINK_05086877-e0a2-443a-823f-ab9bf4daaa16">
                           <id root="01cb7bba-ab70-2922-e063-6394a90a96e9"/>
                           <code code="42229-5" codeSystem="2.16.840.1.113883.6.1" displayName="SPL UNCLASSIFIED SECTION"/>
                           <title>Pregnancy Tests</title>
                           <text>
                              <paragraph>Diagnostic pregnancy tests based on immunological reactions between HCG and anti-HCG may result in false-negative or false-positive interpretations.</paragraph>
                           </text>
                           <effectiveTime value="20230731"/>
                        </section>
                     </component>
                     <component>
                        <section ID="LINK_926af036-c56b-4004-942b-a930fa413153">
                           <id root="01cb7bba-ab71-2922-e063-6394a90a96e9"/>
                           <code code="42229-5" codeSystem="2.16.840.1.113883.6.1" displayName="SPL UNCLASSIFIED SECTION"/>
                           <title>Glucose Tolerance Test</title>
                           <text>
                              <paragraph>An increase in blood glucose has been reported in patients receiving promethazine hydrochloride.</paragraph>
                           </text>
                           <effectiveTime value="20230731"/>
                        </section>
                     </component>
                  </section>
               </component>
               <component>
                  <section ID="LINK_884f3269-e9c9-45f6-853a-f9a9aa4c4f29">
                     <id root="01cb7bba-ab72-2922-e063-6394a90a96e9"/>
                     <code code="34083-6" codeSystem="2.16.840.1.113883.6.1" displayName="CARCINOGENESIS &amp; MUTAGENESIS &amp; IMPAIRMENT OF FERTILITY SECTION"/>
                     <title>Carcinogenesis, Mutagenesis and Impairment of Fertility</title>
                     <text>
                        <paragraph>Long-term animal studies have not been performed to assess the carcinogenic potential of PHENERGAN Injection, nor are there other animal or human data concerning carcinogenicity, mutagenicity, or impairment of fertility. PHENERGAN Injection was nonmutagenic in the
 
  <content styleCode="italics">Salmonella</content>test system of Ames.

 </paragraph>
                     </text>
                     <effectiveTime value="20230731"/>
                  </section>
               </component>
               <component>
                  <section ID="LINK_59f365ff-ea62-4630-982a-66e27ef121df">
                     <id root="01cb7bba-ab73-2922-e063-6394a90a96e9"/>
                     <code code="42228-7" codeSystem="2.16.840.1.113883.6.1" displayName="PREGNANCY SECTION"/>
                     <title>Pregnancy</title>
                     <effectiveTime value="20230731"/>
                     <component>
                        <section ID="LINK_6e1b3a85-f8cc-4a93-9a4c-32b2652bf743">
                           <id root="01cb7bba-ab74-2922-e063-6394a90a96e9"/>
                           <code code="34077-8" codeSystem="2.16.840.1.113883.6.1" displayName="TERATOGENIC EFFECTS SECTION"/>
                           <title>Teratogenic Effects—Pregnancy Category C</title>
                           <text>
                              <paragraph>Teratogenic effects have not been demonstrated in rat-feeding studies at doses of 6.25 and 12.5 mg/kg (approximately 2.1 and 4.2 times the maximum recommended human daily dose) of PHENERGAN Injection. Daily doses of 25 mg/kg intraperitoneally have been found to produce fetal mortality in rats.</paragraph>
                              <paragraph>There are no adequate and well-controlled studies of PHENERGAN Injection in pregnant women. Because animal reproduction studies are not always predictive of human response, PHENERGAN Injection should be used during pregnancy only if the potential benefit justifies the potential risk to the fetus.</paragraph>
                              <paragraph>Adequate studies to determine the action of the drug on parturition, lactation and development of the animal neonate have not been conducted.</paragraph>
                           </text>
                           <effectiveTime value="20230731"/>
                        </section>
                     </component>
                     <component>
                        <section ID="LINK_4f90e53d-ce82-42fb-afff-740e7801f1c4">
                           <id root="01cb7bba-ab75-2922-e063-6394a90a96e9"/>
                           <code code="34078-6" codeSystem="2.16.840.1.113883.6.1" displayName="NONTERATOGENIC EFFECTS SECTION"/>
                           <title>Nonteratogenic Effects</title>
                           <text>
                              <paragraph>PHENERGAN Injection administered to a pregnant woman within two weeks of delivery may inhibit platelet aggregation in the newborn.</paragraph>
                           </text>
                           <effectiveTime value="20230731"/>
                        </section>
                     </component>
                  </section>
               </component>
               <component>
                  <section ID="LINK_93d9453c-00e3-461e-983c-7614c882d5fe">
                     <id root="01cb7bba-ab76-2922-e063-6394a90a96e9"/>
                     <code code="34079-4" codeSystem="2.16.840.1.113883.6.1" displayName="LABOR &amp; DELIVERY SECTION"/>
                     <title>Labor and Delivery</title>
                     <text>
                        <paragraph>PHENERGAN Injection may be used alone or as an adjunct to narcotic analgesics during labor (see
 
  <linkHtml href="#LINK_bfc6572a-e254-420c-b409-d4c17e6416dc">DOSAGE AND ADMINISTRATION</linkHtml>). Limited data suggest that use of PHENERGAN Injection during labor and delivery does not have an appreciable effect on the duration of labor or delivery and does not increase the risk of need for intervention in the newborn. The effect on later growth and development of the newborn is unknown. (See also
 
  <linkHtml href="#LINK_4f90e53d-ce82-42fb-afff-740e7801f1c4">Pregnancy - Nonteratogenic Effects</linkHtml>.)

 </paragraph>
                     </text>
                     <effectiveTime value="20230731"/>
                  </section>
               </component>
               <component>
                  <section ID="LINK_b7262da7-80d9-4271-862f-578188f60435">
                     <id root="01cb7bba-ab77-2922-e063-6394a90a96e9"/>
                     <code code="34080-2" codeSystem="2.16.840.1.113883.6.1" displayName="NURSING MOTHERS SECTION"/>
                     <title>Nursing Mothers</title>
                     <text>
                        <paragraph>It is not known whether PHENERGAN Injection is excreted in human milk. Because many drugs are excreted in human milk, and because of the potential for serious adverse reactions in nursing infants from PHENERGAN Injection, a decision should be made whether to discontinue nursing or to discontinue the drug, taking into account the importance of the drug to the mother.</paragraph>
                     </text>
                     <effectiveTime value="20230731"/>
                  </section>
               </component>
               <component>
                  <section ID="LINK_7c1b1d6c-6142-4192-95f0-cb5e4c014545">
                     <id root="01cb7bba-ab78-2922-e063-6394a90a96e9"/>
                     <code code="34081-0" codeSystem="2.16.840.1.113883.6.1" displayName="PEDIATRIC USE SECTION"/>
                     <title>Pediatric Use</title>
                     <text>
                        <paragraph>PHENERGAN Injection is contraindicated for use in pediatric patients less than 2 years of age, because of the potential for fatal respiratory depression. PHENERGAN Injection should be used with caution in pediatric patients 2 years of age and older (see
 
  <linkHtml href="#LINK_0e822c3b-c94f-41b2-92fe-92b7fddf1094">WARNINGS - Respiratory Depression</linkHtml>).

 </paragraph>
                        <paragraph>Antiemetics are not recommended for treatment of uncomplicated vomiting in pediatric patients, and their use should be limited to prolonged vomiting of known etiology. The extrapyramidal symptoms which can occur secondary to PHENERGAN Injection administration may be confused with the CNS signs of undiagnosed primary disease, e.g. encephalopathy or Reye's syndrome. The use of PHENERGAN Injection should be avoided in pediatric patients whose signs and symptoms may suggest Reye's syndrome or other hepatic diseases.</paragraph>
                        <paragraph>Excessively large dosages of antihistamines, including PHENERGAN Injection, in pediatric patients may cause sudden death (see
 
  <linkHtml href="#LINK_373b846c-6934-4743-afbc-b10affd8be64">OVERDOSAGE</linkHtml>). Hallucinations and convulsions have occurred with therapeutic doses and overdoses of PHENERGAN Injection in pediatric patients. In pediatric patients who are acutely ill associated with dehydration, there is an increased susceptibility to dystonias with the use of PHENERGAN Injection.

 </paragraph>
                     </text>
                     <effectiveTime value="20230731"/>
                  </section>
               </component>
               <component>
                  <section ID="LINK_6d397c77-9545-4813-9451-274ea0eb9695">
                     <id root="01cb7bba-ab79-2922-e063-6394a90a96e9"/>
                     <code code="34082-8" codeSystem="2.16.840.1.113883.6.1" displayName="GERIATRIC USE SECTION"/>
                     <title>Geriatric Use (patients approximately 60 years or older)</title>
                     <text>
                        <paragraph>Since therapeutic requirements for sedative drugs tend to be less in geriatric patients, the dosage should be reduced for these patients.</paragraph>
                     </text>
                     <effectiveTime value="20230731"/>
                  </section>
               </component>
            </section>
         </component>
         <component>
            <section ID="LINK_9e6b0188-f73a-4916-a21f-80bef5ea0cff">
               <id root="01cb7bba-ab7a-2922-e063-6394a90a96e9"/>
               <code code="34084-4" codeSystem="2.16.840.1.113883.6.1" displayName="ADVERSE REACTIONS SECTION"/>
               <title>ADVERSE REACTIONS</title>
               <effectiveTime value="20230731"/>
               <component>
                  <section ID="LINK_943868e0-1050-4cfa-9d88-c6f9df4aa24b">
                     <id root="01cb7bba-ab7b-2922-e063-6394a90a96e9"/>
                     <code code="42229-5" codeSystem="2.16.840.1.113883.6.1" displayName="SPL UNCLASSIFIED SECTION"/>
                     <title>Respiratory Depression</title>
                     <text>
                        <paragraph>PHENERGAN Injection is contraindicated in pediatric patients less than 2 years of age, because of the potential for fatal respiratory depression. PHENERGAN Injection should be used with caution in pediatric patients 2 years of age and older (see
 
  <linkHtml href="#LINK_0e822c3b-c94f-41b2-92fe-92b7fddf1094">WARNINGS - Respiratory Depression</linkHtml>).

 </paragraph>
                     </text>
                     <effectiveTime value="20230731"/>
                  </section>
               </component>
               <component>
                  <section ID="LINK_75e001de-31b5-4209-bd77-388fde8685d5">
                     <id root="01cb7bba-ab7c-2922-e063-6394a90a96e9"/>
                     <code code="42229-5" codeSystem="2.16.840.1.113883.6.1" displayName="SPL UNCLASSIFIED SECTION"/>
                     <title>Severe Tissue Injury, Including Gangrene</title>
                     <text>
                        <paragraph>PHENERGAN Injection can cause severe chemical irritation and
 
  <content styleCode="underline">damage to tissues regardless of the route of administration</content>. Irritation and damage can result from perivascular extravasation, unintentional intra-arterial injection, and intraneuronal or perineuronal infiltration. Adverse reactions include burning, pain, erythema, swelling, sensory loss, palsies, paralysis, severe spasm of distal vessels, thrombophlebitis, venous thrombosis, phlebitis, abscesses, tissue necrosis, and gangrene. In some cases, surgical intervention, including fasciotomy, skin graft, and/or amputation have been required (see
 
  <linkHtml href="#LINK_44c34549-5b53-4037-bb1c-583bbcfbf7fe">WARNINGS - Severe Tissue Injury, Including Gangrene</linkHtml>; and
 
  <linkHtml href="#LINK_bfc6572a-e254-420c-b409-d4c17e6416dc">DOSAGE AND ADMINISTRATION</linkHtml>).

 </paragraph>
                     </text>
                     <effectiveTime value="20230731"/>
                  </section>
               </component>
               <component>
                  <section ID="LINK_8222ad48-c759-4ad5-9e57-e8092e1eff2d">
                     <id root="01cb7bba-ab7d-2922-e063-6394a90a96e9"/>
                     <code code="42229-5" codeSystem="2.16.840.1.113883.6.1" displayName="SPL UNCLASSIFIED SECTION"/>
                     <title>Central Nervous System</title>
                     <text>
                        <paragraph>Drowsiness is the most prominent CNS effect of this drug. Sedation, somnolence, blurred vision, dizziness, confusion, disorientation, and extrapyramidal symptoms such as oculogyric crisis, torticollis, and tongue protrusion; lassitude, tinnitus, incoordination, fatigue, euphoria, nervousness, diplopia, insomnia, tremors, convulsive seizures, excitation, catatonic-like states, hysteria. Hallucinations have also been reported.</paragraph>
                     </text>
                     <effectiveTime value="20230731"/>
                  </section>
               </component>
               <component>
                  <section ID="LINK_5c85dc09-fc6b-4db6-9aff-7e363021b647">
                     <id root="01cb7bba-ab7e-2922-e063-6394a90a96e9"/>
                     <code code="42229-5" codeSystem="2.16.840.1.113883.6.1" displayName="SPL UNCLASSIFIED SECTION"/>
                     <title>Cardiovascular</title>
                     <text>
                        <paragraph>Increased or decreased blood pressure, tachycardia, bradycardia, faintness.</paragraph>
                     </text>
                     <effectiveTime value="20230731"/>
                  </section>
               </component>
               <component>
                  <section ID="LINK_a88693f2-b9c1-4e56-b949-941be3eaf826">
                     <id root="01cb7bba-ab7f-2922-e063-6394a90a96e9"/>
                     <code code="42229-5" codeSystem="2.16.840.1.113883.6.1" displayName="SPL UNCLASSIFIED SECTION"/>
                     <title>Dermatologic</title>
                     <text>
                        <paragraph>Dermatitis, photosensitivity, urticaria.</paragraph>
                     </text>
                     <effectiveTime value="20230731"/>
                  </section>
               </component>
               <component>
                  <section ID="LINK_05786af1-f91e-43fe-a0e2-587fc3c360c2">
                     <id root="01cb7bba-ab80-2922-e063-6394a90a96e9"/>
                     <code code="42229-5" codeSystem="2.16.840.1.113883.6.1" displayName="SPL UNCLASSIFIED SECTION"/>
                     <title>Hematologic</title>
                     <text>
                        <paragraph>Leukopenia, thrombocytopenia, thrombocytopenic purpura, agranulocytosis.</paragraph>
                     </text>
                     <effectiveTime value="20230731"/>
                  </section>
               </component>
               <component>
                  <section ID="LINK_82204ca5-36db-4cf8-8127-92b3ecf940da">
                     <id root="01cb7bba-ab81-2922-e063-6394a90a96e9"/>
                     <code code="42229-5" codeSystem="2.16.840.1.113883.6.1" displayName="SPL UNCLASSIFIED SECTION"/>
                     <title>Gastrointestinal</title>
                     <text>
                        <paragraph>Dry mouth, nausea, vomiting, jaundice.</paragraph>
                     </text>
                     <effectiveTime value="20230731"/>
                  </section>
               </component>
               <component>
                  <section ID="LINK_8dece917-66bc-4d56-9d2c-6ee2d4d8bf54">
                     <id root="01cb7bba-ab82-2922-e063-6394a90a96e9"/>
                     <code code="42229-5" codeSystem="2.16.840.1.113883.6.1" displayName="SPL UNCLASSIFIED SECTION"/>
                     <title>Respiratory</title>
                     <text>
                        <paragraph>Asthma, nasal stuffiness, respiratory depression (potentially fatal) and apnea (potentially fatal). (See
 
  <linkHtml href="#LINK_0e822c3b-c94f-41b2-92fe-92b7fddf1094">WARNINGS - Respiratory Depression</linkHtml>.)

 </paragraph>
                     </text>
                     <effectiveTime value="20230731"/>
                  </section>
               </component>
               <component>
                  <section ID="LINK_349dcfb0-e248-4b4b-bb57-db045b78bafe">
                     <id root="01cb7bba-ab83-2922-e063-6394a90a96e9"/>
                     <code code="42229-5" codeSystem="2.16.840.1.113883.6.1" displayName="SPL UNCLASSIFIED SECTION"/>
                     <title>Other</title>
                     <text>
                        <paragraph>Angioneurotic edema. Neuroleptic Malignant Syndrome (potentially fatal) has also been reported. (See
 
  <linkHtml href="#LINK_4454063e-83ec-4af1-a9ac-d159649c8aa7">WARNINGS - Neuroleptic Malignant Syndrome</linkHtml>.)

 </paragraph>
                     </text>
                     <effectiveTime value="20230731"/>
                  </section>
               </component>
               <component>
                  <section ID="LINK_be02591f-9c86-48f0-a2aa-c0c6939be9aa">
                     <id root="01cb7bba-ab84-2922-e063-6394a90a96e9"/>
                     <code code="42229-5" codeSystem="2.16.840.1.113883.6.1" displayName="SPL UNCLASSIFIED SECTION"/>
                     <title>Paradoxical Reactions</title>
                     <text>
                        <paragraph>Hyperexcitability and abnormal movements have been reported in patients following a single administration of PHENERGAN Injection. Consideration should be given to the discontinuation of PHENERGAN Injection and to the use of other drugs if these reactions occur. Respiratory depression, nightmares, delirium, and agitated behavior have also been reported in some of these patients.</paragraph>
                     </text>
                     <effectiveTime value="20230731"/>
                  </section>
               </component>
            </section>
         </component>
         <component>
            <section ID="LINK_373b846c-6934-4743-afbc-b10affd8be64">
               <id root="01cb7bba-ab85-2922-e063-6394a90a96e9"/>
               <code code="34088-5" codeSystem="2.16.840.1.113883.6.1" displayName="OVERDOSAGE SECTION"/>
               <title>OVERDOSAGE</title>
               <text>
                  <paragraph>Signs and symptoms of overdosage range from mild depression of the central nervous system and cardiovascular system to profound hypotension, respiratory depression, unconsciousness and sudden death. Other reported reactions include hyperreflexia, hypertonia, ataxia, athetosis, and extensor-plantar reflexes (Babinski reflex).</paragraph>
                  <paragraph>Stimulation may be evident, especially in pediatric patients and geriatric patients. Convulsions may rarely occur. A paradoxical-type reaction has been reported in pediatric patients receiving single doses of 75 mg to 125 mg orally, characterized by hyperexcitability and nightmares.</paragraph>
                  <paragraph>Atropine-like signs and symptoms-dry mouth; fixed, dilated pupils; flushing; etc., as well as gastrointestinal symptoms, may occur.</paragraph>
               </text>
               <effectiveTime value="20230731"/>
               <component>
                  <section ID="LINK_84431eca-d009-4cac-a7b2-885400c1472f">
                     <id root="01cb7bba-ab86-2922-e063-6394a90a96e9"/>
                     <code code="42229-5" codeSystem="2.16.840.1.113883.6.1" displayName="SPL UNCLASSIFIED SECTION"/>
                     <title>Treatment</title>
                     <text>
                        <paragraph>Treatment of overdosage is essentially symptomatic and supportive. Only in cases of extreme overdosage or individual sensitivity do vital signs, including respiration, pulse, blood pressure, temperature, and EKG, need to be monitored. Attention should be given to the reestablishment of adequate respiratory exchange through provision of a patent airway and institution of assisted or controlled ventilation. Diazepam may be used to control convulsions. Acidosis and electrolyte losses should be corrected. Note that any depressant effects of PHENERGAN Injection are not reversed by naloxone.</paragraph>
                        <paragraph>Avoid analeptics, which may cause convulsions. The treatment of choice for resulting hypotension is administration of intravenous fluids, accompanied by repositioning if indicated. In the event that vasopressors are considered for the management of severe hypotension which does not respond to intravenous fluids and repositioning, the administration of norepinephrine or phenylephrine should be considered. EPINEPHRINE SHOULD NOT BE USED, since its use in a patient with partial adrenergic blockade may further lower the blood pressure. Extrapyramidal reactions may be treated with anticholinergic antiparkinson agents, diphenhydramine, or barbiturates. Oxygen may also be administered. Limited experience with dialysis indicates that it is not helpful.</paragraph>
                     </text>
                     <effectiveTime value="20230731"/>
                  </section>
               </component>
            </section>
         </component>
         <component>
            <section ID="LINK_bfc6572a-e254-420c-b409-d4c17e6416dc">
               <id root="01cb7bba-ab87-2922-e063-6394a90a96e9"/>
               <code code="34068-7" codeSystem="2.16.840.1.113883.6.1" displayName="DOSAGE &amp; ADMINISTRATION SECTION"/>
               <title>DOSAGE AND ADMINISTRATION</title>
               <effectiveTime value="20230731"/>
               <component>
                  <section ID="LINK_c0757f27-d6a6-452e-8fdb-49900f9c6b00">
                     <id root="01cb7bba-ab88-2922-e063-6394a90a96e9"/>
                     <code code="42229-5" codeSystem="2.16.840.1.113883.6.1" displayName="SPL UNCLASSIFIED SECTION"/>
                     <title>Important Notes on Administration</title>
                     <text>
                        <paragraph>PHENERGAN Injection can cause severe chemical irritation and
 
  <content styleCode="bold">damage to tissues regardless of the route of administration</content>. Irritation and damage can result from perivascular extravasation, unintentional intra-arterial injection, and intraneuronal or perineuronal infiltration (see
 
  <linkHtml href="#LINK_44c34549-5b53-4037-bb1c-583bbcfbf7fe">WARNINGS - Severe Tissue Injury, Including Gangrene</linkHtml>).

 </paragraph>
                        <list listType="unordered">
                           <item>
                              <content styleCode="bold">The preferred parenteral route of administration for PHENERGAN Injection is by deep intramuscular injection.</content>
                           </item>
                           <item>Under no circumstances should PHENERGAN Injection be given by intra-arterial injection due to the likelihood of severe arteriospasm and the possibility of resultant gangrene (see
  
   <linkHtml href="#LINK_44c34549-5b53-4037-bb1c-583bbcfbf7fe">WARNINGS - Severe Tissue Injury, Including Gangrene</linkHtml>).
 
  </item>
                           <item>Subcutaneous injection is contraindicated as it may result in tissue necrosis.</item>
                           <item>
                              <content styleCode="bold">When administered intravenously, PHENERGAN Injection should be given in a concentration no greater than 25 mg per mL and at a rate not to exceed 25 mg per minute.</content>It is preferable to inject through the tubing of an intravenous infusion set that is known to be functioning satisfactorily.
 
  </item>
                           <item>In the event that a patient complains of pain during intravenous injection of PHENERGAN Injection, the injection should be stopped immediately to evaluate for possible arterial injection or perivascular extravasation.</item>
                        </list>
                        <paragraph>Parenteral drug products should be inspected visually for particulate matter and discoloration prior to administration, whenever solution and container permit.</paragraph>
                        <paragraph>Do not use PHENERGAN Injection if solution has developed color or contains precipitate.</paragraph>
                        <paragraph>To avoid the possibility of physical and/or chemical incompatibility, consult specialized literature before diluting with any injectable solution or combining with any other medication. Do not use if there is a precipitate or any sign of incompatibility.</paragraph>
                     </text>
                     <effectiveTime value="20230731"/>
                  </section>
               </component>
               <component>
                  <section ID="LINK_50d0e3b4-2325-4c07-b4af-17dc6a920bc3">
                     <id root="01cb7bba-ab89-2922-e063-6394a90a96e9"/>
                     <code code="42229-5" codeSystem="2.16.840.1.113883.6.1" displayName="SPL UNCLASSIFIED SECTION"/>
                     <title>Allergic Conditions</title>
                     <text>
                        <paragraph>The average adult dose is 25 mg. This dose may be repeated within two hours if necessary, but continued therapy, if indicated, should be via the oral route as soon as existing circumstances permit. After initiation of treatment, dosage should be adjusted to the smallest amount adequate to relieve symptoms. The average adult dose for amelioration of allergic reactions to blood or plasma is 25 mg.</paragraph>
                     </text>
                     <effectiveTime value="20230731"/>
                  </section>
               </component>
               <component>
                  <section ID="LINK_b76ba737-b47f-4f43-83a4-19e6fc85191c">
                     <id root="01cb7bba-ab8a-2922-e063-6394a90a96e9"/>
                     <code code="42229-5" codeSystem="2.16.840.1.113883.6.1" displayName="SPL UNCLASSIFIED SECTION"/>
                     <title>Sedation</title>
                     <text>
                        <paragraph>In hospitalized adult patients, nighttime sedation may be achieved by a dose of 25 to 50 mg of PHENERGAN Injection.</paragraph>
                     </text>
                     <effectiveTime value="20230731"/>
                  </section>
               </component>
               <component>
                  <section ID="LINK_023183d6-ae8e-44a6-8dc7-77168d7469a5">
                     <id root="01cb7bba-ab8b-2922-e063-6394a90a96e9"/>
                     <code code="42229-5" codeSystem="2.16.840.1.113883.6.1" displayName="SPL UNCLASSIFIED SECTION"/>
                     <title>Nausea and Vomiting</title>
                     <text>
                        <paragraph>For control of nausea and vomiting, the usual adult dose is 12.5 to 25 mg, not to be repeated more frequently than every four hours. When used for control of postoperative nausea and vomiting, the dosage of analgesics and barbiturates should be reduced accordingly (see
 
  <linkHtml href="#LINK_b47c4d1d-3be1-4e0f-b896-91af4d82b272">PRECAUTIONS – Drug Interactions</linkHtml>).

 </paragraph>
                        <paragraph>Antiemetics should not be used in vomiting of unknown etiology in children and adolescents (see
 
  <linkHtml href="#LINK_7c1b1d6c-6142-4192-95f0-cb5e4c014545">PRECAUTIONS – Pediatric Use</linkHtml>).

 </paragraph>
                     </text>
                     <effectiveTime value="20230731"/>
                  </section>
               </component>
               <component>
                  <section ID="LINK_49719424-2351-463e-b598-0c3ab0110cc5">
                     <id root="01cb7bba-ab8c-2922-e063-6394a90a96e9"/>
                     <code code="42229-5" codeSystem="2.16.840.1.113883.6.1" displayName="SPL UNCLASSIFIED SECTION"/>
                     <title>Preoperative and Postoperative Use</title>
                     <text>
                        <paragraph>As an adjunct to preoperative or postoperative medication, 25 to 50 mg of PHENERGAN Injection in adults may be combined with appropriately reduced doses of analgesics and atropine-like drugs as desired. Dosage of concomitant analgesic or hypnotic medication should be reduced accordingly (see
 
  <linkHtml href="#LINK_b47c4d1d-3be1-4e0f-b896-91af4d82b272">PRECAUTIONS – Drug Interactions</linkHtml>).

 </paragraph>
                        <paragraph>PHENERGAN is contraindicated for use in pediatric patients less than two years of age.</paragraph>
                     </text>
                     <effectiveTime value="20230731"/>
                  </section>
               </component>
               <component>
                  <section ID="LINK_206192c1-9b6a-4007-af99-a2285b39d298">
                     <id root="01cb7bba-ab8d-2922-e063-6394a90a96e9"/>
                     <code code="42229-5" codeSystem="2.16.840.1.113883.6.1" displayName="SPL UNCLASSIFIED SECTION"/>
                     <title>Obstetrics</title>
                     <text>
                        <paragraph>PHENERGAN Injection in doses of 50 mg will provide sedation and relieve apprehension in the early stages of labor. When labor is definitely established, 25 to 75 mg (average dose, 50 mg) PHENERGAN Injection may be given with an appropriately reduced dose of any desired narcotic (see
 
  <linkHtml href="#LINK_b47c4d1d-3be1-4e0f-b896-91af4d82b272">PRECAUTIONS – Drug Interactions</linkHtml>). If necessary, PHENERGAN Injection with a reduced dose of analgesic may be repeated once or twice at four-hour intervals in the course of a normal labor. A maximum total dose of 100 mg of PHENERGAN Injection may be administered during a 24-hour period to patients in labor.

 </paragraph>
                     </text>
                     <effectiveTime value="20230731"/>
                  </section>
               </component>
               <component>
                  <section ID="LINK_ec105b6b-2a74-46ee-87fe-ee9cf2398580">
                     <id root="01cb7bba-ab8e-2922-e063-6394a90a96e9"/>
                     <code code="42229-5" codeSystem="2.16.840.1.113883.6.1" displayName="SPL UNCLASSIFIED SECTION"/>
                     <title>Pediatric Patients</title>
                     <text>
                        <paragraph>
                           <content styleCode="bold">PHENERGAN Injection is contraindicated for use in pediatric patients less than 2 years of age (see</content>
                           <linkHtml href="#LINK_0e822c3b-c94f-41b2-92fe-92b7fddf1094">WARNINGS – Respiratory Depression</linkHtml>
                           <content styleCode="bold">).</content>
                           <content styleCode="bold">Caution should be exercised when administering promethazine hydrochloride to pediatric patients 2 years of age or older. It is recommended that the lowest effective dose of promethazine hydrochloride be used in pediatric patients 2 years of age and older and concomitant administration of other drugs with respiratory depressant effects be avoided (see</content>
                           <linkHtml href="#LINK_0e822c3b-c94f-41b2-92fe-92b7fddf1094">WARNINGS – Respiratory Depression</linkHtml>
                           <content styleCode="bold">).</content>
                        </paragraph>
                        <paragraph>In pediatric patients 2 years of age and older, the dosage should not exceed half that of the suggested adult dose. As an adjunct to premedication, the suggested dose is 1.1 mg per kg of body weight in combination with an appropriately reduced dose of narcotic or barbiturate and the appropriate dose of an atropine-like drug (see
 
  <linkHtml href="#LINK_b47c4d1d-3be1-4e0f-b896-91af4d82b272">PRECAUTIONS – Drug Interactions</linkHtml>). Antiemetics should not be used in vomiting of unknown etiology in pediatric patients.

 </paragraph>
                     </text>
                     <effectiveTime value="20230731"/>
                  </section>
               </component>
            </section>
         </component>
         <component>
            <section ID="LINK_f91c5955-a3d7-497e-9ec1-fe86861e65d2">
               <id root="01cb7bba-ab8f-2922-e063-6394a90a96e9"/>
               <code code="34069-5" codeSystem="2.16.840.1.113883.6.1" displayName="HOW SUPPLIED SECTION"/>
               <title>HOW SUPPLIED</title>
               <text>
                  <paragraph>PHENERGAN Injection (promethazine hydrochloride injection, USP) is available as follows:</paragraph>
                  <paragraph>25 mg/Ml  1 mL vials</paragraph>
                  <paragraph>NDC: 70518-2656-00</paragraph>
                  <paragraph>NDC: 70518-2656-01</paragraph>
                  <paragraph>PACKAGING: 25 in 1 CARTON</paragraph>
                  <paragraph>PACKAGING: 1 mL in 1 VIAL, TYPE 0</paragraph>
                  <paragraph/>
                  <paragraph>Storage</paragraph>
                  <paragraph>Store at 20° to 25°C (68° to 77°F) [See USP Controlled Room Temperature].</paragraph>
                  <paragraph>Protect from light. Keep covered in carton until time of use.</paragraph>
                  <paragraph>Do not use if solution has developed color or contains a precipitate.</paragraph>
                  <paragraph/>
                  <paragraph>Repackaged and Distributed By:</paragraph>
                  <paragraph>Remedy Repack, Inc.</paragraph>
                  <paragraph>625 Kolter Dr. Suite #4 Indiana, PA 1-724-465-8762</paragraph>
                  <paragraph/>
                  <paragraph/>
               </text>
               <effectiveTime value="20230731"/>
            </section>
         </component>
         <component>
            <section ID="id_link_01cbb809-74ee-3ffc-e063-6294a90aa255">
               <id root="01cbb809-74ed-3ffc-e063-6294a90aa255"/>
               <code code="51945-4" codeSystem="2.16.840.1.113883.6.1" displayName="PACKAGE LABEL.PRINCIPAL DISPLAY PANEL"/>
               <text>
                  <paragraph>DRUG: PHENERGAN</paragraph>
                  <paragraph>GENERIC: Promethazine Hydrochloride</paragraph>
                  <paragraph>DOSAGE: INJECTION</paragraph>
                  <paragraph>ADMINSTRATION: INTRAMUSCULAR</paragraph>
                  <paragraph>NDC: 70518-2656-0</paragraph>
                  <paragraph>NDC: 70518-2656-1</paragraph>
                  <paragraph>PACKAGING: 1 mL in 1 VIAL</paragraph>
                  <paragraph>OUTER PACKAGING: 25 in 1 CARTON</paragraph>
                  <paragraph>ACTIVE INGREDIENT(S):</paragraph>
                  <list listType="unordered">
                     <item>PROMETHAZINE HYDROCHLORIDE 25mg in 1mL</item>
                  </list>
                  <paragraph>INACTIVE INGREDIENT(S):</paragraph>
                  <list listType="unordered">
                     <item>EDETATE DISODIUM</item>
                     <item>CALCIUM CHLORIDE</item>
                     <item>PHENOL</item>
                     <item>WATER</item>
                     <item>ACETIC ACID</item>
                     <item>SODIUM ACETATE</item>
                  </list>
                  <paragraph>
                     <renderMultiMedia referencedObject="Remedy_Label"/>
                  </paragraph>
                  <paragraph>
                     <renderMultiMedia referencedObject="img_01cbb7cf-6e3a-0a2b-e063-6294a90ad7fa"/>
                  </paragraph>
               </text>
               <effectiveTime value="20230731"/>
               <component>
                  <observationMedia ID="Remedy_Label">
                     <text>Remedy_Label</text>
                     <value mediaType="image/jpeg" xsi:type="ED">
                        <reference value="Remedy_Label.jpg"/>
                     </value>
                  </observationMedia>
               </component>
               <component>
                  <observationMedia ID="img_01cbb7cf-6e3a-0a2b-e063-6294a90ad7fa">
                     <text>MM2</text>
                     <value mediaType="image/jpeg" xsi:type="ED">
                        <reference value="Phenergan 25mg-mL_70518-2656-01.jpg"/>
                     </value>
                  </observationMedia>
               </component>
            </section>
         </component>
      </structuredBody>
   </component>
</document>